codice_volo,data_partenza,datetime_partenza_reale,datetime_arrivo_reale
VY6342,2026-06-01,2026-06-01 07:09,2026-06-01 08:54
VY7830,2026-06-01,2026-06-01 07:05,2026-06-01 08:18
VY8300,2026-06-01,2026-06-01 07:14,2026-06-01 09:33
VY8242,2026-06-01,2026-06-01 07:38,2026-06-01 09:33
VY6330,2026-06-01,2026-06-01 07:41,2026-06-01 09:35
VY6106,2026-06-01,2026-06-01 07:56,2026-06-01 09:55
VY6020,2026-06-01,2026-06-01 10:56,2026-06-01 12:26
VY6107,2026-06-01,2026-06-01 11:35,2026-06-01 13:27
VY8250,2026-06-01,2026-06-01 10:57,2026-06-01 12:58
VY6008,2026-06-01,2026-06-01 10:55,2026-06-01 12:05
VY6108,2026-06-01,2026-06-01 11:24,2026-06-01 13:18
VY7826,2026-06-01,2026-06-01 12:22,2026-06-01 13:39
VY6340,2026-06-01,2026-06-01 13:34,2026-06-01 15:25
VY6332,2026-06-01,2026-06-01 14:23,2026-06-01 16:04
VY6115,2026-06-01,2026-06-01 15:44,2026-06-01 17:45
VY3003,2026-06-01,2026-06-01 15:52,2026-06-01 20:20
VY6338,2026-06-01,2026-06-01 16:51,2026-06-01 18:43
VY7820,2026-06-01,2026-06-01 17:38,2026-06-01 18:55
VY8240,2026-06-01,2026-06-01 18:52,2026-06-01 20:47
VY6105,2026-06-01,2026-06-01 18:02,2026-06-01 20:09
VY8311,2026-06-01,2026-06-01 19:38,2026-06-01 22:02
VY6102,2026-06-01,2026-06-01 21:04,2026-06-01 22:53
VY8300,2026-06-02,2026-06-02 07:20,2026-06-02 09:36
VY6330,2026-06-02,2026-06-02 07:17,2026-06-02 09:11
VY8242,2026-06-02,2026-06-02 07:34,2026-06-02 09:26
VY8309,2026-06-02,2026-06-02 10:46,2026-06-02 13:07
VY7832,2026-06-02,2026-06-02 11:02,2026-06-02 12:29
VY6008,2026-06-02,2026-06-02 11:29,2026-06-02 12:44
VY6342,2026-06-02,2026-06-02 11:45,2026-06-02 13:30
VY6108,2026-06-02,2026-06-02 13:43,2026-06-02 15:30
VY6110,2026-06-02,2026-06-02 14:16,2026-06-02 16:00
VY8306,2026-06-02,2026-06-02 15:20,2026-06-02 17:30
VY6104,2026-06-02,2026-06-02 15:33,2026-06-02 17:24
VY6109,2026-06-02,2026-06-02 15:42,2026-06-02 17:36
VY3003,2026-06-02,2026-06-02 15:52,2026-06-02 20:04
VY8317,2026-06-02,2026-06-02 16:35,2026-06-02 19:01
VY6111,2026-06-02,2026-06-02 16:43,2026-06-02 18:51
VY6102,2026-06-02,2026-06-02 19:00,2026-06-02 21:00
VY8311,2026-06-02,2026-06-02 19:34,2026-06-02 22:00
VY6338,2026-06-02,2026-06-02 21:02,2026-06-02 23:02
VY6103,2026-06-02,2026-06-02 21:24,2026-06-02 23:27
VY8242,2026-06-03,2026-06-03 07:21,2026-06-03 09:14
VY6330,2026-06-03,2026-06-03 07:34,2026-06-03 09:19
VY6101,2026-06-03,2026-06-03 09:07,2026-06-03 11:08
VY6342,2026-06-03,2026-06-03 14:43,2026-06-03 16:32
VY6108,2026-06-03,2026-06-03 13:22,2026-06-03 15:08
VY6340,2026-06-03,2026-06-03 13:07,2026-06-03 14:55
VY8302,2026-06-03,2026-06-03 13:09,2026-06-03 15:38
VY8248,2026-06-03,2026-06-03 14:01,2026-06-03 16:11
VY6332,2026-06-03,2026-06-03 14:28,2026-06-03 16:12
VY7834,2026-06-03,2026-06-03 14:39,2026-06-03 16:08
VY8306,2026-06-03,2026-06-03 15:33,2026-06-03 17:44
VY6334,2026-06-03,2026-06-03 16:07,2026-06-03 17:49
VY3003,2026-06-03,2026-06-03 16:10,2026-06-03 20:38
VY6115,2026-06-03,2026-06-03 15:56,2026-06-03 18:04
VY6338,2026-06-03,2026-06-03 17:00,2026-06-03 18:40
VY6110,2026-06-03,2026-06-03 17:50,2026-06-03 19:47
VY6105,2026-06-03,2026-06-03 17:49,2026-06-03 19:54
VY8311,2026-06-03,2026-06-03 19:42,2026-06-03 22:01
VY6026,2026-06-03,2026-06-03 21:26,2026-06-03 22:41
VY7830,2026-06-04,2026-06-04 07:10,2026-06-04 08:34
VY8300,2026-06-04,2026-06-04 07:24,2026-06-04 09:38
VY6106,2026-06-04,2026-06-04 07:55,2026-06-04 09:46
VY6020,2026-06-04,2026-06-04 10:19,2026-06-04 11:40
VY6346,2026-06-04,2026-06-04 08:53,2026-06-04 10:43
VY6101,2026-06-04,2026-06-04 09:03,2026-06-04 11:01
VY6107,2026-06-04,2026-06-04 10:24,2026-06-04 12:17
VY7832,2026-06-04,2026-06-04 11:02,2026-06-04 12:31
VY8312,2026-06-04,2026-06-04 11:20,2026-06-04 13:40
VY6342,2026-06-04,2026-06-04 13:51,2026-06-04 15:37
VY7826,2026-06-04,2026-06-04 13:12,2026-06-04 14:38
VY6108,2026-06-04,2026-06-04 12:54,2026-06-04 14:49
VY6340,2026-06-04,2026-06-04 13:02,2026-06-04 14:58
VY8302,2026-06-04,2026-06-04 13:07,2026-06-04 15:23
VY7834,2026-06-04,2026-06-04 13:16,2026-06-04 14:27
VY8248,2026-06-04,2026-06-04 13:34,2026-06-04 15:44
VY6332,2026-06-04,2026-06-04 14:19,2026-06-04 16:16
VY8306,2026-06-04,2026-06-04 15:18,2026-06-04 17:41
VY6104,2026-06-04,2026-06-04 15:23,2026-06-04 17:14
VY6334,2026-06-04,2026-06-04 16:34,2026-06-04 18:15
VY6338,2026-06-04,2026-06-04 16:58,2026-06-04 18:55
VY6026,2026-06-04,2026-06-04 17:57,2026-06-04 19:16
VY7820,2026-06-04,2026-06-04 18:46,2026-06-04 20:10
VY8311,2026-06-04,2026-06-04 20:08,2026-06-04 22:37
VY6336,2026-06-04,2026-06-04 19:53,2026-06-04 21:37
VY6110,2026-06-04,2026-06-04 22:41,2026-06-05 00:32
VY6111,2026-06-04,2026-06-04 22:22,2026-06-05 00:29
VY6100,2026-06-05,2026-06-05 08:07,2026-06-05 09:53
VY8300,2026-06-05,2026-06-05 07:17,2026-06-05 09:43
VY6330,2026-06-05,2026-06-05 07:26,2026-06-05 09:10
VY6020,2026-06-05,2026-06-05 08:55,2026-06-05 10:21
VY6101,2026-06-05,2026-06-05 09:19,2026-06-05 11:25
VY6018,2026-06-05,2026-06-05 09:34,2026-06-05 10:54
VY6340,2026-06-05,2026-06-05 10:09,2026-06-05 11:58
VY7832,2026-06-05,2026-06-05 11:01,2026-06-05 12:27
VY8312,2026-06-05,2026-06-05 11:28,2026-06-05 13:47
VY7834,2026-06-05,2026-06-05 13:15,2026-06-05 14:36
VY6115,2026-06-05,2026-06-05 13:23,2026-06-05 15:26
VY6105,2026-06-05,2026-06-05 14:55,2026-06-05 16:45
VY6104,2026-06-05,2026-06-05 15:23,2026-06-05 17:23
VY6334,2026-06-05,2026-06-05 16:43,2026-06-05 18:41
VY3003,2026-06-05,2026-06-05 15:51,2026-06-05 20:19
VY8317,2026-06-05,2026-06-05 16:31,2026-06-05 19:01
VY6109,2026-06-05,2026-06-05 17:02,2026-06-05 18:56
VY8240,2026-06-05,2026-06-05 17:51,2026-06-05 19:42
VY8304,2026-06-05,2026-06-05 18:08,2026-06-05 20:24
VY6107,2026-06-05,2026-06-05 18:30,2026-06-05 20:33
VY6338,2026-06-05,2026-06-05 18:56,2026-06-05 20:49
VY8248,2026-06-05,2026-06-05 19:09,2026-06-05 21:14
VY7822,2026-06-05,2026-06-05 19:14,2026-06-05 20:28
VY8311,2026-06-05,2026-06-05 19:47,2026-06-05 22:07
VY6102,2026-06-05,2026-06-05 23:33,2026-06-06 01:29
VY6628,2026-06-05,2026-06-05 21:50,2026-06-05 23:14
VY6103,2026-06-05,2026-06-05 23:37,2026-06-06 01:44
VY6100,2026-06-06,2026-06-06 06:45,2026-06-06 08:33
VY7830,2026-06-06,2026-06-06 07:01,2026-06-06 08:18
VY8300,2026-06-06,2026-06-06 07:14,2026-06-06 09:31
VY6020,2026-06-06,2026-06-06 11:02,2026-06-06 12:21
VY6336,2026-06-06,2026-06-06 08:55,2026-06-06 10:45
VY6110,2026-06-06,2026-06-06 10:02,2026-06-06 11:50
VY8309,2026-06-06,2026-06-06 10:23,2026-06-06 12:50
VY6342,2026-06-06,2026-06-06 11:27,2026-06-06 13:18
VY7826,2026-06-06,2026-06-06 14:33,2026-06-06 15:52
VY6340,2026-06-06,2026-06-06 12:52,2026-06-06 14:43
VY8248,2026-06-06,2026-06-06 14:07,2026-06-06 16:05
VY6332,2026-06-06,2026-06-06 14:11,2026-06-06 15:57
VY6109,2026-06-06,2026-06-06 15:13,2026-06-06 17:20
VY8306,2026-06-06,2026-06-06 15:09,2026-06-06 17:22
VY6104,2026-06-06,2026-06-06 15:33,2026-06-06 17:20
VY6334,2026-06-06,2026-06-06 16:01,2026-06-06 17:48
VY3003,2026-06-06,2026-06-06 15:51,2026-06-06 20:04
VY6105,2026-06-06,2026-06-06 18:05,2026-06-06 19:58
VY6338,2026-06-06,2026-06-06 19:14,2026-06-06 20:54
VY8311,2026-06-06,2026-06-06 21:06,2026-06-06 23:29
VY7830,2026-06-07,2026-06-07 07:10,2026-06-07 08:35
VY8300,2026-06-07,2026-06-07 07:14,2026-06-07 09:34
VY6330,2026-06-07,2026-06-07 07:26,2026-06-07 09:08
VY6020,2026-06-07,2026-06-07 08:47,2026-06-07 10:14
VY6018,2026-06-07,2026-06-07 09:26,2026-06-07 10:41
VY6107,2026-06-07,2026-06-07 10:40,2026-06-07 12:31
VY7832,2026-06-07,2026-06-07 13:27,2026-06-07 14:52
VY8250,2026-06-07,2026-06-07 10:54,2026-06-07 12:45
VY6342,2026-06-07,2026-06-07 11:43,2026-06-07 13:42
VY6340,2026-06-07,2026-06-07 13:00,2026-06-07 14:49
VY8248,2026-06-07,2026-06-07 13:40,2026-06-07 15:47
VY6332,2026-06-07,2026-06-07 14:09,2026-06-07 16:05
VY6104,2026-06-07,2026-06-07 15:21,2026-06-07 17:04
VY8306,2026-06-07,2026-06-07 15:29,2026-06-07 17:59
VY6334,2026-06-07,2026-06-07 15:50,2026-06-07 17:30
VY7824,2026-06-07,2026-06-07 16:24,2026-06-07 17:52
VY6110,2026-06-07,2026-06-07 17:46,2026-06-07 19:31
VY8304,2026-06-07,2026-06-07 18:25,2026-06-07 20:47
VY8311,2026-06-07,2026-06-07 20:23,2026-06-07 22:43
VY7828,2026-06-07,2026-06-07 19:38,2026-06-07 20:53
VY6336,2026-06-07,2026-06-08 00:13,2026-06-08 02:03
VY6026,2026-06-07,2026-06-07 22:22,2026-06-07 23:40
VY6100,2026-06-08,2026-06-08 06:39,2026-06-08 08:27
VY6342,2026-06-08,2026-06-08 09:13,2026-06-08 11:11
VY7830,2026-06-08,2026-06-08 06:55,2026-06-08 08:13
VY8300,2026-06-08,2026-06-08 07:12,2026-06-08 09:23
VY8242,2026-06-08,2026-06-08 07:39,2026-06-08 09:38
VY6344,2026-06-08,2026-06-08 08:46,2026-06-08 10:35
VY6020,2026-06-08,2026-06-08 09:00,2026-06-08 10:19
VY8309,2026-06-08,2026-06-08 10:12,2026-06-08 12:29
VY7832,2026-06-08,2026-06-08 13:38,2026-06-08 14:52
VY8250,2026-06-08,2026-06-08 11:04,2026-06-08 13:05
VY6008,2026-06-08,2026-06-08 11:07,2026-06-08 12:32
VY6340,2026-06-08,2026-06-08 13:53,2026-06-08 15:39
VY8302,2026-06-08,2026-06-08 14:04,2026-06-08 16:33
VY6110,2026-06-08,2026-06-08 14:21,2026-06-08 16:17
VY8306,2026-06-08,2026-06-08 15:16,2026-06-08 17:28
VY6104,2026-06-08,2026-06-08 15:43,2026-06-08 17:24
VY6115,2026-06-08,2026-06-08 16:23,2026-06-08 18:19
VY6334,2026-06-08,2026-06-08 15:49,2026-06-08 17:34
VY3003,2026-06-08,2026-06-08 16:06,2026-06-08 20:30
VY7824,2026-06-08,2026-06-08 16:21,2026-06-08 17:49
VY6338,2026-06-08,2026-06-08 16:56,2026-06-08 18:50
VY6109,2026-06-08,2026-06-08 18:00,2026-06-08 19:54
VY8240,2026-06-08,2026-06-08 17:54,2026-06-08 20:02
VY6105,2026-06-08,2026-06-08 18:04,2026-06-08 20:03
VY7828,2026-06-08,2026-06-08 19:07,2026-06-08 20:25
VY8311,2026-06-08,2026-06-08 20:04,2026-06-08 22:32
VY6102,2026-06-08,2026-06-08 20:58,2026-06-08 22:49
VY6111,2026-06-08,2026-06-08 21:47,2026-06-08 23:38
VY7830,2026-06-09,2026-06-09 08:18,2026-06-09 09:43
VY8242,2026-06-09,2026-06-09 07:33,2026-06-09 09:28
VY6101,2026-06-09,2026-06-09 10:02,2026-06-09 12:12
VY8309,2026-06-09,2026-06-09 12:46,2026-06-09 15:08
VY6008,2026-06-09,2026-06-09 11:32,2026-06-09 12:54
VY6342,2026-06-09,2026-06-09 11:42,2026-06-09 13:26
VY7826,2026-06-09,2026-06-09 12:31,2026-06-09 13:44
VY8248,2026-06-09,2026-06-09 12:57,2026-06-09 14:59
VY6108,2026-06-09,2026-06-09 12:57,2026-06-09 14:37
VY6340,2026-06-09,2026-06-09 13:30,2026-06-09 15:24
VY6332,2026-06-09,2026-06-09 14:22,2026-06-09 16:15
VY8306,2026-06-09,2026-06-09 15:12,2026-06-09 17:29
VY6104,2026-06-09,2026-06-09 15:19,2026-06-09 17:07
VY6109,2026-06-09,2026-06-09 15:28,2026-06-09 17:19
VY3003,2026-06-09,2026-06-09 16:37,2026-06-09 21:06
VY6334,2026-06-09,2026-06-09 16:17,2026-06-09 18:04
VY8317,2026-06-09,2026-06-09 16:23,2026-06-09 18:52
VY6111,2026-06-09,2026-06-09 16:49,2026-06-09 18:40
VY6102,2026-06-09,2026-06-09 18:51,2026-06-09 20:43
VY8311,2026-06-09,2026-06-09 19:37,2026-06-09 21:53
VY8246,2026-06-09,2026-06-09 20:04,2026-06-09 21:58
VY6338,2026-06-09,2026-06-09 20:54,2026-06-09 22:41
VY6103,2026-06-09,2026-06-09 22:17,2026-06-10 00:17
VY6100,2026-06-10,2026-06-10 06:35,2026-06-10 08:22
VY7830,2026-06-10,2026-06-10 06:59,2026-06-10 08:25
VY8300,2026-06-10,2026-06-10 07:14,2026-06-10 09:32
VY6344,2026-06-10,2026-06-10 08:23,2026-06-10 10:08
VY6101,2026-06-10,2026-06-10 09:13,2026-06-10 11:20
VY8309,2026-06-10,2026-06-10 10:16,2026-06-10 12:46
VY7832,2026-06-10,2026-06-10 11:01,2026-06-10 12:21
VY6342,2026-06-10,2026-06-10 11:38,2026-06-10 13:22
VY6108,2026-06-10,2026-06-10 12:50,2026-06-10 14:47
VY6340,2026-06-10,2026-06-10 12:57,2026-06-10 14:46
VY8248,2026-06-10,2026-06-10 14:15,2026-06-10 16:19
VY6332,2026-06-10,2026-06-10 15:06,2026-06-10 16:59
VY7834,2026-06-10,2026-06-10 17:48,2026-06-10 19:14
VY6109,2026-06-10,2026-06-10 14:47,2026-06-10 16:45
VY6115,2026-06-10,2026-06-10 16:10,2026-06-10 18:02
VY3003,2026-06-10,2026-06-10 16:34,2026-06-10 20:46
VY6338,2026-06-10,2026-06-10 16:46,2026-06-10 18:27
VY6110,2026-06-10,2026-06-10 17:49,2026-06-10 19:48
VY6102,2026-06-10,2026-06-10 19:22,2026-06-10 21:08
VY8311,2026-06-10,2026-06-10 20:28,2026-06-10 22:55
VY6026,2026-06-10,2026-06-10 21:31,2026-06-10 22:51
VY6111,2026-06-10,2026-06-10 22:00,2026-06-10 23:56
VY6024,2026-06-11,2026-06-11 07:21,2026-06-11 08:46
VY8242,2026-06-11,2026-06-11 08:25,2026-06-11 10:34
VY6330,2026-06-11,2026-06-11 07:37,2026-06-11 09:24
VY6346,2026-06-11,2026-06-11 08:59,2026-06-11 10:51
VY7832,2026-06-11,2026-06-11 11:10,2026-06-11 12:31
VY8312,2026-06-11,2026-06-11 11:26,2026-06-11 13:52
VY6108,2026-06-11,2026-06-11 13:35,2026-06-11 15:18
VY6340,2026-06-11,2026-06-11 13:41,2026-06-11 15:31
VY7834,2026-06-11,2026-06-11 13:59,2026-06-11 15:19
VY8248,2026-06-11,2026-06-11 13:33,2026-06-11 15:30
VY8306,2026-06-11,2026-06-11 15:15,2026-06-11 17:33
VY6104,2026-06-11,2026-06-11 15:33,2026-06-11 17:31
VY3003,2026-06-11,2026-06-11 15:59,2026-06-11 20:13
VY6334,2026-06-11,2026-06-11 15:57,2026-06-11 17:49
VY7824,2026-06-11,2026-06-11 16:32,2026-06-11 17:57
VY6109,2026-06-11,2026-06-11 16:35,2026-06-11 18:33
VY6338,2026-06-11,2026-06-11 17:32,2026-06-11 19:32
VY8240,2026-06-11,2026-06-11 17:39,2026-06-11 19:34
VY6105,2026-06-11,2026-06-11 18:01,2026-06-11 19:56
VY6100,2026-06-12,2026-06-12 06:42,2026-06-12 08:37
VY7830,2026-06-12,2026-06-12 07:12,2026-06-12 08:42
VY8300,2026-06-12,2026-06-12 10:25,2026-06-12 12:36
VY6330,2026-06-12,2026-06-12 07:50,2026-06-12 09:31
VY8242,2026-06-12,2026-06-12 08:17,2026-06-12 10:11
VY6106,2026-06-12,2026-06-12 08:30,2026-06-12 10:12
VY6020,2026-06-12,2026-06-12 08:40,2026-06-12 09:56
VY8309,2026-06-12,2026-06-12 10:16,2026-06-12 12:27
VY7832,2026-06-12,2026-06-12 11:04,2026-06-12 12:29
VY6342,2026-06-12,2026-06-12 10:50,2026-06-12 12:30
VY6116,2026-06-12,2026-06-12 11:03,2026-06-12 12:43
VY6008,2026-06-12,2026-06-12 11:18,2026-06-12 12:45
VY7826,2026-06-12,2026-06-12 13:30,2026-06-12 14:56
VY8302,2026-06-12,2026-06-12 14:04,2026-06-12 16:27
VY6115,2026-06-12,2026-06-12 13:52,2026-06-12 15:45
VY6108,2026-06-12,2026-06-12 14:34,2026-06-12 16:18
VY6105,2026-06-12,2026-06-12 14:54,2026-06-12 17:00
VY6104,2026-06-12,2026-06-12 15:26,2026-06-12 17:14
VY8317,2026-06-12,2026-06-12 16:41,2026-06-12 19:02
VY7824,2026-06-12,2026-06-12 19:23,2026-06-12 20:51
VY6107,2026-06-12,2026-06-12 18:27,2026-06-12 20:26
VY7822,2026-06-12,2026-06-12 18:52,2026-06-12 20:22
VY8248,2026-06-12,2026-06-12 22:42,2026-06-13 00:33
VY6102,2026-06-12,2026-06-12 20:37,2026-06-12 22:29
VY6336,2026-06-12,2026-06-12 21:21,2026-06-12 23:21
VY6628,2026-06-12,2026-06-12 21:50,2026-06-12 23:02
VY6103,2026-06-12,2026-06-12 23:08,2026-06-13 01:18
VY7830,2026-06-13,2026-06-13 07:52,2026-06-13 09:05
VY8300,2026-06-13,2026-06-13 07:28,2026-06-13 09:45
VY8242,2026-06-13,2026-06-13 07:38,2026-06-13 09:43
VY6110,2026-06-13,2026-06-13 09:47,2026-06-13 11:35
VY8309,2026-06-13,2026-06-13 11:02,2026-06-13 13:13
VY6107,2026-06-13,2026-06-13 10:35,2026-06-13 12:25
VY7832,2026-06-13,2026-06-13 14:21,2026-06-13 15:35
VY6342,2026-06-13,2026-06-13 12:01,2026-06-13 13:43
VY7826,2026-06-13,2026-06-13 13:08,2026-06-13 14:25
VY8306,2026-06-13,2026-06-13 15:17,2026-06-13 17:44
VY6115,2026-06-13,2026-06-13 16:04,2026-06-13 17:56
VY6105,2026-06-13,2026-06-13 18:01,2026-06-13 19:52
VY6338,2026-06-13,2026-06-13 19:17,2026-06-13 20:59
VY8311,2026-06-13,2026-06-13 19:39,2026-06-13 22:08
VY6100,2026-06-14,2026-06-14 06:45,2026-06-14 08:25
VY8300,2026-06-14,2026-06-14 07:19,2026-06-14 09:44
VY8242,2026-06-14,2026-06-14 07:37,2026-06-14 09:39
VY6330,2026-06-14,2026-06-14 07:43,2026-06-14 09:35
VY6020,2026-06-14,2026-06-14 08:59,2026-06-14 10:18
VY6107,2026-06-14,2026-06-14 11:00,2026-06-14 12:52
VY7832,2026-06-14,2026-06-14 10:52,2026-06-14 12:22
VY8250,2026-06-14,2026-06-14 10:57,2026-06-14 12:57
VY6108,2026-06-14,2026-06-14 12:47,2026-06-14 14:27
VY6340,2026-06-14,2026-06-14 15:49,2026-06-14 17:40
VY8302,2026-06-14,2026-06-14 13:37,2026-06-14 15:51
VY6332,2026-06-14,2026-06-14 14:18,2026-06-14 16:12
VY6104,2026-06-14,2026-06-14 15:31,2026-06-14 17:24
VY8306,2026-06-14,2026-06-14 15:17,2026-06-14 17:38
VY7824,2026-06-14,2026-06-14 16:34,2026-06-14 18:03
VY6338,2026-06-14,2026-06-14 17:25,2026-06-14 19:05
VY6110,2026-06-14,2026-06-14 17:52,2026-06-14 19:34
VY7820,2026-06-14,2026-06-14 18:32,2026-06-14 19:49
VY8311,2026-06-14,2026-06-14 19:35,2026-06-14 21:57
VY6102,2026-06-14,2026-06-14 19:38,2026-06-14 21:27
VY7828,2026-06-14,2026-06-14 19:39,2026-06-14 20:51
VY6336,2026-06-14,2026-06-14 21:13,2026-06-14 23:06
VY6026,2026-06-14,2026-06-14 21:17,2026-06-14 22:38
VY6103,2026-06-14,2026-06-14 22:07,2026-06-15 00:17
VY6100,2026-06-15,2026-06-15 06:44,2026-06-15 08:30
VY6342,2026-06-15,2026-06-15 06:54,2026-06-15 08:43
VY8300,2026-06-15,2026-06-15 07:17,2026-06-15 09:37
VY8242,2026-06-15,2026-06-15 08:10,2026-06-15 10:10
VY6330,2026-06-15,2026-06-15 07:43,2026-06-15 09:43
VY6106,2026-06-15,2026-06-15 09:25,2026-06-15 11:14
VY6344,2026-06-15,2026-06-15 08:36,2026-06-15 10:31
VY6020,2026-06-15,2026-06-15 08:52,2026-06-15 10:12
VY8309,2026-06-15,2026-06-15 10:25,2026-06-15 12:50
VY7832,2026-06-15,2026-06-15 12:38,2026-06-15 13:58
VY8250,2026-06-15,2026-06-15 10:57,2026-06-15 12:58
VY6008,2026-06-15,2026-06-15 11:08,2026-06-15 12:24
VY6108,2026-06-15,2026-06-15 11:22,2026-06-15 13:07
VY7826,2026-06-15,2026-06-15 12:37,2026-06-15 13:47
VY8302,2026-06-15,2026-06-15 16:04,2026-06-15 18:20
VY6110,2026-06-15,2026-06-15 14:04,2026-06-15 15:46
VY6332,2026-06-15,2026-06-15 14:52,2026-06-15 16:47
VY8306,2026-06-15,2026-06-15 15:14,2026-06-15 17:31
VY6104,2026-06-15,2026-06-15 15:19,2026-06-15 17:12
VY6334,2026-06-15,2026-06-15 16:10,2026-06-15 18:04
VY3003,2026-06-15,2026-06-15 18:58,2026-06-15 23:26
VY6338,2026-06-15,2026-06-15 16:56,2026-06-15 18:49
VY6102,2026-06-15,2026-06-15 20:56,2026-06-15 22:53
VY6100,2026-06-16,2026-06-16 06:27,2026-06-16 08:10
VY7830,2026-06-16,2026-06-16 07:58,2026-06-16 09:19
VY8300,2026-06-16,2026-06-16 07:24,2026-06-16 09:35
VY6330,2026-06-16,2026-06-16 07:35,2026-06-16 09:35
VY8242,2026-06-16,2026-06-16 07:30,2026-06-16 09:33
VY8309,2026-06-16,2026-06-16 10:08,2026-06-16 12:26
VY7832,2026-06-16,2026-06-16 11:01,2026-06-16 12:28
VY6008,2026-06-16,2026-06-16 11:38,2026-06-16 12:55
VY6342,2026-06-16,2026-06-16 11:37,2026-06-16 13:31
VY7826,2026-06-16,2026-06-16 13:18,2026-06-16 14:44
VY8248,2026-06-16,2026-06-16 12:40,2026-06-16 14:45
VY6340,2026-06-16,2026-06-16 13:03,2026-06-16 14:45
VY6108,2026-06-16,2026-06-16 12:54,2026-06-16 14:45
VY6332,2026-06-16,2026-06-16 14:19,2026-06-16 16:05
VY6110,2026-06-16,2026-06-16 14:21,2026-06-16 16:16
VY8306,2026-06-16,2026-06-16 15:19,2026-06-16 17:39
VY6104,2026-06-16,2026-06-16 15:16,2026-06-16 16:59
VY8246,2026-06-16,2026-06-16 19:50,2026-06-16 22:00
VY6338,2026-06-16,2026-06-16 20:50,2026-06-16 22:37
VY8242,2026-06-17,2026-06-17 07:37,2026-06-17 09:32
VY6330,2026-06-17,2026-06-17 07:38,2026-06-17 09:32
VY6344,2026-06-17,2026-06-17 08:17,2026-06-17 10:17
VY7832,2026-06-17,2026-06-17 11:05,2026-06-17 12:28
VY8250,2026-06-17,2026-06-17 11:04,2026-06-17 13:00
VY6340,2026-06-17,2026-06-17 13:03,2026-06-17 14:55
VY6109,2026-06-17,2026-06-17 14:46,2026-06-17 16:42
VY8306,2026-06-17,2026-06-17 15:17,2026-06-17 17:45
VY6334,2026-06-17,2026-06-17 16:02,2026-06-17 17:47
VY6115,2026-06-17,2026-06-17 15:56,2026-06-17 18:00
VY6338,2026-06-17,2026-06-17 16:55,2026-06-17 18:51
VY6110,2026-06-17,2026-06-17 19:56,2026-06-17 21:55
VY6102,2026-06-17,2026-06-17 19:32,2026-06-17 21:30
VY8311,2026-06-17,2026-06-17 19:41,2026-06-17 22:05
VY6026,2026-06-17,2026-06-17 21:34,2026-06-17 23:03
VY7830,2026-06-18,2026-06-18 06:59,2026-06-18 08:19
VY8300,2026-06-18,2026-06-18 07:14,2026-06-18 09:27
VY8242,2026-06-18,2026-06-18 07:24,2026-06-18 09:30
VY6106,2026-06-18,2026-06-18 08:04,2026-06-18 09:48
VY6101,2026-06-18,2026-06-18 09:13,2026-06-18 11:08
VY6107,2026-06-18,2026-06-18 10:37,2026-06-18 12:47
VY7832,2026-06-18,2026-06-18 12:40,2026-06-18 14:07
VY8312,2026-06-18,2026-06-18 11:24,2026-06-18 13:38
VY6342,2026-06-18,2026-06-18 11:39,2026-06-18 13:38
VY7826,2026-06-18,2026-06-18 12:31,2026-06-18 13:41
VY6340,2026-06-18,2026-06-18 12:56,2026-06-18 14:48
VY8302,2026-06-18,2026-06-18 16:15,2026-06-18 18:45
VY7834,2026-06-18,2026-06-18 13:30,2026-06-18 14:53
VY6332,2026-06-18,2026-06-18 14:24,2026-06-18 16:19
VY6104,2026-06-18,2026-06-18 15:33,2026-06-18 17:13
VY6334,2026-06-18,2026-06-18 16:25,2026-06-18 18:14
VY6338,2026-06-18,2026-06-18 16:47,2026-06-18 18:44
VY7820,2026-06-18,2026-06-18 18:44,2026-06-18 20:12
VY6110,2026-06-18,2026-06-18 20:10,2026-06-18 22:07
VY6111,2026-06-18,2026-06-18 21:58,2026-06-18 23:51
VY6100,2026-06-19,2026-06-19 06:42,2026-06-19 08:33
VY7830,2026-06-19,2026-06-19 06:56,2026-06-19 08:20
VY6330,2026-06-19,2026-06-19 07:38,2026-06-19 09:21
VY6106,2026-06-19,2026-06-19 08:15,2026-06-19 10:02
VY6020,2026-06-19,2026-06-19 08:41,2026-06-19 10:05
VY6101,2026-06-19,2026-06-19 09:02,2026-06-19 11:06
VY8250,2026-06-19,2026-06-19 11:13,2026-06-19 13:10
VY7832,2026-06-19,2026-06-19 11:03,2026-06-19 12:24
VY6116,2026-06-19,2026-06-19 11:50,2026-06-19 13:50
VY8312,2026-06-19,2026-06-19 11:29,2026-06-19 13:43
VY6008,2026-06-19,2026-06-19 11:44,2026-06-19 12:55
VY8302,2026-06-19,2026-06-19 13:17,2026-06-19 15:35
VY7834,2026-06-19,2026-06-19 13:20,2026-06-19 14:40
VY6115,2026-06-19,2026-06-19 15:40,2026-06-19 17:39
VY6108,2026-06-19,2026-06-19 13:56,2026-06-19 15:39
VY6104,2026-06-19,2026-06-19 15:28,2026-06-19 17:09
VY6334,2026-06-19,2026-06-19 19:38,2026-06-19 21:22
VY3003,2026-06-19,2026-06-19 15:54,2026-06-19 20:11
VY8317,2026-06-19,2026-06-19 16:25,2026-06-19 18:42
VY7824,2026-06-19,2026-06-19 17:24,2026-06-19 18:46
VY6109,2026-06-19,2026-06-19 17:08,2026-06-19 19:18
VY8240,2026-06-19,2026-06-19 17:28,2026-06-19 19:30
VY6107,2026-06-19,2026-06-19 18:40,2026-06-19 20:32
VY8248,2026-06-19,2026-06-19 18:58,2026-06-19 20:59
VY7822,2026-06-19,2026-06-19 19:05,2026-06-19 20:25
VY6338,2026-06-19,2026-06-19 18:52,2026-06-19 20:46
VY6102,2026-06-19,2026-06-19 20:36,2026-06-19 22:18
VY6336,2026-06-19,2026-06-19 22:06,2026-06-19 23:52
VY6103,2026-06-19,2026-06-20 00:55,2026-06-20 03:00
VY6100,2026-06-20,2026-06-20 06:34,2026-06-20 08:24
VY7830,2026-06-20,2026-06-20 06:59,2026-06-20 08:27
VY6336,2026-06-20,2026-06-20 09:22,2026-06-20 11:03
VY6020,2026-06-20,2026-06-20 09:00,2026-06-20 10:24
VY6101,2026-06-20,2026-06-20 09:05,2026-06-20 11:09
VY8309,2026-06-20,2026-06-20 10:18,2026-06-20 12:34
VY6342,2026-06-20,2026-06-20 12:54,2026-06-20 14:54
VY6008,2026-06-20,2026-06-20 12:18,2026-06-20 13:30
VY7826,2026-06-20,2026-06-20 12:58,2026-06-20 14:10
VY6332,2026-06-20,2026-06-20 14:25,2026-06-20 16:10
VY6109,2026-06-20,2026-06-20 14:55,2026-06-20 16:54
VY8306,2026-06-20,2026-06-20 15:12,2026-06-20 17:35
VY6104,2026-06-20,2026-06-20 15:18,2026-06-20 16:58
VY6115,2026-06-20,2026-06-20 16:02,2026-06-20 17:56
VY8240,2026-06-20,2026-06-20 17:31,2026-06-20 19:35
VY6105,2026-06-20,2026-06-20 18:00,2026-06-20 19:53
VY6338,2026-06-20,2026-06-20 22:04,2026-06-20 23:48
VY6116,2026-06-20,2026-06-20 22:07,2026-06-20 23:59
VY6100,2026-06-21,2026-06-21 06:38,2026-06-21 08:21
VY7830,2026-06-21,2026-06-21 07:04,2026-06-21 08:18
VY6330,2026-06-21,2026-06-21 07:29,2026-06-21 09:29
VY6106,2026-06-21,2026-06-21 09:32,2026-06-21 11:14
VY6020,2026-06-21,2026-06-21 08:40,2026-06-21 10:09
VY6018,2026-06-21,2026-06-21 09:39,2026-06-21 11:00
VY8309,2026-06-21,2026-06-21 10:25,2026-06-21 12:39
VY7832,2026-06-21,2026-06-21 11:40,2026-06-21 13:04
VY8250,2026-06-21,2026-06-21 11:11,2026-06-21 13:04
VY6342,2026-06-21,2026-06-21 11:28,2026-06-21 13:26
VY7826,2026-06-21,2026-06-21 12:56,2026-06-21 14:19
VY8248,2026-06-21,2026-06-21 13:24,2026-06-21 15:21
VY6332,2026-06-21,2026-06-21 14:07,2026-06-21 15:54
VY6109,2026-06-21,2026-06-21 15:24,2026-06-21 17:33
VY6104,2026-06-21,2026-06-21 15:15,2026-06-21 17:04
VY3003,2026-06-21,2026-06-21 16:09,2026-06-21 20:35
VY7824,2026-06-21,2026-06-21 16:27,2026-06-21 17:46
VY6338,2026-06-21,2026-06-21 16:47,2026-06-21 18:42
VY8304,2026-06-21,2026-06-21 18:12,2026-06-21 20:37
VY8311,2026-06-21,2026-06-21 19:32,2026-06-21 21:58
VY7828,2026-06-21,2026-06-21 19:56,2026-06-21 21:17
VY6100,2026-06-22,2026-06-22 08:04,2026-06-22 09:56
VY6342,2026-06-22,2026-06-22 07:47,2026-06-22 09:40
VY8242,2026-06-22,2026-06-22 07:30,2026-06-22 09:35
VY6330,2026-06-22,2026-06-22 08:54,2026-06-22 10:34
VY6106,2026-06-22,2026-06-22 07:45,2026-06-22 09:33
VY6344,2026-06-22,2026-06-22 08:31,2026-06-22 10:23
VY6020,2026-06-22,2026-06-22 09:00,2026-06-22 10:26
VY8309,2026-06-22,2026-06-22 10:53,2026-06-22 13:15
VY6107,2026-06-22,2026-06-22 10:32,2026-06-22 12:39
VY7832,2026-06-22,2026-06-22 10:38,2026-06-22 11:50
VY6008,2026-06-22,2026-06-22 11:06,2026-06-22 12:22
VY6108,2026-06-22,2026-06-22 12:50,2026-06-22 14:47
VY8306,2026-06-22,2026-06-22 15:23,2026-06-22 17:53
VY6115,2026-06-22,2026-06-22 16:32,2026-06-22 18:42
VY6334,2026-06-22,2026-06-22 15:58,2026-06-22 17:45
VY3003,2026-06-22,2026-06-22 15:52,2026-06-22 20:15
VY6109,2026-06-22,2026-06-22 17:29,2026-06-22 19:38
VY6105,2026-06-22,2026-06-22 17:55,2026-06-22 19:48
VY7828,2026-06-22,2026-06-22 18:59,2026-06-22 20:09
VY8311,2026-06-22,2026-06-22 19:41,2026-06-22 22:07
VY6102,2026-06-22,2026-06-22 20:53,2026-06-22 22:38
VY6111,2026-06-22,2026-06-22 21:38,2026-06-22 23:31
VY6100,2026-06-23,2026-06-23 06:47,2026-06-23 08:37
VY7830,2026-06-23,2026-06-23 07:33,2026-06-23 08:59
VY6330,2026-06-23,2026-06-23 07:33,2026-06-23 09:33
VY6101,2026-06-23,2026-06-23 09:14,2026-06-23 11:20
VY8309,2026-06-23,2026-06-23 10:20,2026-06-23 12:48
VY7832,2026-06-23,2026-06-23 10:50,2026-06-23 12:08
VY6008,2026-06-23,2026-06-23 12:17,2026-06-23 13:30
VY6342,2026-06-23,2026-06-23 11:41,2026-06-23 13:21
VY8248,2026-06-23,2026-06-23 12:40,2026-06-23 14:37
VY6108,2026-06-23,2026-06-23 13:01,2026-06-23 14:53
VY6340,2026-06-23,2026-06-23 13:22,2026-06-23 15:03
VY6332,2026-06-23,2026-06-23 14:25,2026-06-23 16:18
VY6110,2026-06-23,2026-06-23 14:17,2026-06-23 16:10
VY6104,2026-06-23,2026-06-23 15:56,2026-06-23 17:44
VY6109,2026-06-23,2026-06-23 16:22,2026-06-23 18:23
VY3003,2026-06-23,2026-06-23 15:51,2026-06-23 20:06
VY6334,2026-06-23,2026-06-23 16:11,2026-06-23 17:52
VY8317,2026-06-23,2026-06-23 17:43,2026-06-23 20:07
VY6111,2026-06-23,2026-06-23 17:10,2026-06-23 19:10
VY6102,2026-06-23,2026-06-23 19:04,2026-06-23 20:44
VY8311,2026-06-23,2026-06-23 19:29,2026-06-23 21:57
VY8246,2026-06-23,2026-06-23 20:40,2026-06-23 22:37
VY8300,2026-06-24,2026-06-24 07:23,2026-06-24 09:48
VY8242,2026-06-24,2026-06-24 09:16,2026-06-24 11:23
VY6330,2026-06-24,2026-06-24 08:01,2026-06-24 09:45
VY6344,2026-06-24,2026-06-24 08:18,2026-06-24 09:58
VY6101,2026-06-24,2026-06-24 09:11,2026-06-24 11:21
VY8309,2026-06-24,2026-06-24 10:26,2026-06-24 12:46
VY8250,2026-06-24,2026-06-24 10:57,2026-06-24 12:56
VY7832,2026-06-24,2026-06-24 11:01,2026-06-24 12:18
VY6342,2026-06-24,2026-06-24 11:26,2026-06-24 13:10
VY6340,2026-06-24,2026-06-24 12:52,2026-06-24 14:33
VY8302,2026-06-24,2026-06-24 13:54,2026-06-24 16:17
VY6332,2026-06-24,2026-06-24 14:21,2026-06-24 16:15
VY7834,2026-06-24,2026-06-24 15:47,2026-06-24 17:15
VY6109,2026-06-24,2026-06-24 14:44,2026-06-24 16:54
VY6104,2026-06-24,2026-06-24 15:40,2026-06-24 17:38
VY6334,2026-06-24,2026-06-24 15:58,2026-06-24 17:42
VY6115,2026-06-24,2026-06-24 15:58,2026-06-24 17:58
VY6338,2026-06-24,2026-06-24 17:26,2026-06-24 19:16
VY6102,2026-06-24,2026-06-24 19:28,2026-06-24 21:15
VY7830,2026-06-25,2026-06-25 07:01,2026-06-25 08:15
VY8300,2026-06-25,2026-06-25 08:03,2026-06-25 10:16
VY8242,2026-06-25,2026-06-25 07:25,2026-06-25 09:29
VY6330,2026-06-25,2026-06-25 07:38,2026-06-25 09:21
VY6106,2026-06-25,2026-06-25 07:51,2026-06-25 09:45
VY6020,2026-06-25,2026-06-25 08:48,2026-06-25 10:01
VY6346,2026-06-25,2026-06-25 08:59,2026-06-25 10:58
VY6101,2026-06-25,2026-06-25 09:10,2026-06-25 11:04
VY8309,2026-06-25,2026-06-25 10:12,2026-06-25 12:33
VY6107,2026-06-25,2026-06-25 10:21,2026-06-25 12:20
VY7832,2026-06-25,2026-06-25 10:55,2026-06-25 12:05
VY6342,2026-06-25,2026-06-25 14:26,2026-06-25 16:23
VY7826,2026-06-25,2026-06-25 12:27,2026-06-25 13:40
VY6340,2026-06-25,2026-06-25 12:54,2026-06-25 14:37
VY8302,2026-06-25,2026-06-25 13:07,2026-06-25 15:21
VY8306,2026-06-25,2026-06-25 15:27,2026-06-25 17:48
VY6334,2026-06-25,2026-06-25 16:10,2026-06-25 17:52
VY6338,2026-06-25,2026-06-25 16:48,2026-06-25 18:30
VY6026,2026-06-25,2026-06-25 17:42,2026-06-25 18:58
VY6105,2026-06-25,2026-06-25 18:39,2026-06-25 20:33
VY7820,2026-06-25,2026-06-25 18:40,2026-06-25 19:53
VY6111,2026-06-25,2026-06-25 21:54,2026-06-25 23:45
VY7830,2026-06-26,2026-06-26 07:13,2026-06-26 08:36
VY6106,2026-06-26,2026-06-26 08:41,2026-06-26 10:36
VY6020,2026-06-26,2026-06-26 08:53,2026-06-26 10:08
VY6101,2026-06-26,2026-06-26 09:05,2026-06-26 11:03
VY6018,2026-06-26,2026-06-26 09:19,2026-06-26 10:30
VY6340,2026-06-26,2026-06-26 10:09,2026-06-26 11:56
VY7832,2026-06-26,2026-06-26 11:00,2026-06-26 12:23
VY6116,2026-06-26,2026-06-26 11:41,2026-06-26 13:22
VY8312,2026-06-26,2026-06-26 11:22,2026-06-26 13:36
VY6008,2026-06-26,2026-06-26 11:30,2026-06-26 12:56
VY7826,2026-06-26,2026-06-26 12:37,2026-06-26 13:47
VY8302,2026-06-26,2026-06-26 15:37,2026-06-26 18:02
VY6115,2026-06-26,2026-06-26 13:35,2026-06-26 15:36
VY6332,2026-06-26,2026-06-26 14:58,2026-06-26 16:48
VY8306,2026-06-26,2026-06-26 15:10,2026-06-26 17:20
VY6104,2026-06-26,2026-06-26 15:22,2026-06-26 17:02
VY6334,2026-06-26,2026-06-26 16:23,2026-06-26 18:04
VY3003,2026-06-26,2026-06-26 16:41,2026-06-26 21:07
VY8317,2026-06-26,2026-06-26 16:33,2026-06-26 18:50
VY8240,2026-06-26,2026-06-26 18:46,2026-06-26 20:43
VY8304,2026-06-26,2026-06-26 18:13,2026-06-26 20:40
VY6107,2026-06-26,2026-06-26 18:44,2026-06-26 20:41
VY7822,2026-06-26,2026-06-26 19:02,2026-06-26 20:23
VY6338,2026-06-26,2026-06-26 20:40,2026-06-26 22:25
VY8248,2026-06-26,2026-06-26 19:00,2026-06-26 21:01
VY8311,2026-06-26,2026-06-26 19:52,2026-06-26 22:13
VY6102,2026-06-26,2026-06-26 23:55,2026-06-27 01:39
VY6336,2026-06-26,2026-06-26 21:26,2026-06-26 23:21
VY6628,2026-06-26,2026-06-26 21:50,2026-06-26 23:15
VY6100,2026-06-27,2026-06-27 06:26,2026-06-27 08:13
VY8300,2026-06-27,2026-06-27 07:05,2026-06-27 09:31
VY6110,2026-06-27,2026-06-27 09:55,2026-06-27 11:54
VY8309,2026-06-27,2026-06-27 10:09,2026-06-27 12:29
VY6107,2026-06-27,2026-06-27 10:35,2026-06-27 12:26
VY7832,2026-06-27,2026-06-27 11:03,2026-06-27 12:17
VY6342,2026-06-27,2026-06-27 12:09,2026-06-27 14:00
VY6008,2026-06-27,2026-06-27 14:51,2026-06-27 16:13
VY7826,2026-06-27,2026-06-27 13:00,2026-06-27 14:19
VY8248,2026-06-27,2026-06-27 13:10,2026-06-27 15:13
VY6332,2026-06-27,2026-06-27 14:57,2026-06-27 16:57
VY8306,2026-06-27,2026-06-27 15:22,2026-06-27 17:51
VY6104,2026-06-27,2026-06-27 15:50,2026-06-27 17:48
VY6334,2026-06-27,2026-06-27 16:30,2026-06-27 18:19
VY3003,2026-06-27,2026-06-27 15:59,2026-06-27 20:13
VY8240,2026-06-27,2026-06-27 17:15,2026-06-27 19:23
VY6105,2026-06-27,2026-06-27 18:08,2026-06-27 19:59
VY6338,2026-06-27,2026-06-27 19:20,2026-06-27 21:19
VY8311,2026-06-27,2026-06-27 19:38,2026-06-27 21:51
VY6116,2026-06-27,2026-06-27 23:42,2026-06-28 01:32
VY7830,2026-06-28,2026-06-28 07:02,2026-06-28 08:23
VY8300,2026-06-28,2026-06-28 08:53,2026-06-28 11:23
VY6020,2026-06-28,2026-06-28 09:06,2026-06-28 10:36
VY6018,2026-06-28,2026-06-28 09:35,2026-06-28 10:59
VY8309,2026-06-28,2026-06-28 10:11,2026-06-28 12:28
VY6107,2026-06-28,2026-06-28 10:46,2026-06-28 12:44
VY7832,2026-06-28,2026-06-28 11:01,2026-06-28 12:12
VY8250,2026-06-28,2026-06-28 10:58,2026-06-28 12:53
VY6342,2026-06-28,2026-06-28 12:17,2026-06-28 14:09
VY6108,2026-06-28,2026-06-28 12:57,2026-06-28 14:40
VY8302,2026-06-28,2026-06-28 14:07,2026-06-28 16:37
VY8248,2026-06-28,2026-06-28 13:55,2026-06-28 15:50
VY6109,2026-06-28,2026-06-28 15:06,2026-06-28 17:05
VY8306,2026-06-28,2026-06-28 15:23,2026-06-28 17:36
VY6104,2026-06-28,2026-06-28 15:20,2026-06-28 17:12
VY3003,2026-06-28,2026-06-28 15:52,2026-06-28 20:19
VY7824,2026-06-28,2026-06-28 17:44,2026-06-28 19:04
VY6338,2026-06-28,2026-06-28 16:59,2026-06-28 18:54
VY6110,2026-06-28,2026-06-28 17:53,2026-06-28 19:53
VY7820,2026-06-28,2026-06-28 18:28,2026-06-28 19:43
VY6102,2026-06-28,2026-06-28 19:40,2026-06-28 21:26
VY7828,2026-06-28,2026-06-28 22:25,2026-06-28 23:52
VY6336,2026-06-28,2026-06-28 21:22,2026-06-28 23:10
VY6103,2026-06-28,2026-06-28 22:09,2026-06-29 00:06
VY6100,2026-06-29,2026-06-29 06:37,2026-06-29 08:35
VY7830,2026-06-29,2026-06-29 07:10,2026-06-29 08:24
VY8300,2026-06-29,2026-06-29 07:05,2026-06-29 09:28
VY8242,2026-06-29,2026-06-29 07:45,2026-06-29 09:54
VY6330,2026-06-29,2026-06-29 07:33,2026-06-29 09:13
VY6020,2026-06-29,2026-06-29 09:00,2026-06-29 10:19
VY7832,2026-06-29,2026-06-29 13:37,2026-06-29 14:50
VY8250,2026-06-29,2026-06-29 10:57,2026-06-29 13:02
VY6008,2026-06-29,2026-06-29 10:58,2026-06-29 12:10
VY6108,2026-06-29,2026-06-29 11:17,2026-06-29 13:02
VY7826,2026-06-29,2026-06-29 12:32,2026-06-29 13:53
VY8302,2026-06-29,2026-06-29 13:01,2026-06-29 15:19
VY6332,2026-06-29,2026-06-29 14:13,2026-06-29 16:00
VY8306,2026-06-29,2026-06-29 16:02,2026-06-29 18:13
VY6104,2026-06-29,2026-06-29 15:18,2026-06-29 17:00
VY6334,2026-06-29,2026-06-29 16:02,2026-06-29 17:55
VY6338,2026-06-29,2026-06-29 20:16,2026-06-29 22:03
VY6109,2026-06-29,2026-06-29 17:22,2026-06-29 19:28
VY8240,2026-06-29,2026-06-29 17:57,2026-06-29 20:02
VY6105,2026-06-29,2026-06-29 17:57,2026-06-29 20:02
VY7828,2026-06-29,2026-06-29 19:07,2026-06-29 20:18
VY8311,2026-06-29,2026-06-29 19:46,2026-06-29 22:14
VY6111,2026-06-29,2026-06-29 21:49,2026-06-29 23:43
VY7830,2026-06-30,2026-06-30 07:09,2026-06-30 08:24
VY6330,2026-06-30,2026-06-30 09:03,2026-06-30 10:49
VY8242,2026-06-30,2026-06-30 07:49,2026-06-30 09:40
VY6101,2026-06-30,2026-06-30 09:13,2026-06-30 11:09
VY8309,2026-06-30,2026-06-30 13:51,2026-06-30 16:05
VY8248,2026-06-30,2026-06-30 13:17,2026-06-30 15:17
VY6108,2026-06-30,2026-06-30 13:15,2026-06-30 14:57
VY6340,2026-06-30,2026-06-30 13:02,2026-06-30 14:59
VY6110,2026-06-30,2026-06-30 14:18,2026-06-30 16:14
VY8306,2026-06-30,2026-06-30 15:05,2026-06-30 17:34
VY6104,2026-06-30,2026-06-30 15:28,2026-06-30 17:11
VY3003,2026-06-30,2026-06-30 15:54,2026-06-30 20:22
VY6334,2026-06-30,2026-06-30 15:58,2026-06-30 17:41
VY8317,2026-06-30,2026-06-30 16:23,2026-06-30 18:42
VY6111,2026-06-30,2026-06-30 17:13,2026-06-30 19:16
VY8311,2026-06-30,2026-06-30 19:40,2026-06-30 22:05
VY6338,2026-06-30,2026-06-30 21:00,2026-06-30 22:41
VY6103,2026-06-30,2026-06-30 21:32,2026-06-30 23:26
VY6100,2026-07-01,2026-07-01 06:37,2026-07-01 08:18
VY8242,2026-07-01,2026-07-01 07:30,2026-07-01 09:27
VY6330,2026-07-01,2026-07-01 07:40,2026-07-01 09:28
VY6344,2026-07-01,2026-07-01 08:27,2026-07-01 10:17
VY6101,2026-07-01,2026-07-01 09:40,2026-07-01 11:39
VY8309,2026-07-01,2026-07-01 10:20,2026-07-01 12:33
VY7832,2026-07-01,2026-07-01 12:49,2026-07-01 14:03
VY6342,2026-07-01,2026-07-01 11:39,2026-07-01 13:29
VY6108,2026-07-01,2026-07-01 12:58,2026-07-01 14:57
VY6340,2026-07-01,2026-07-01 12:56,2026-07-01 14:50
VY8302,2026-07-01,2026-07-01 13:13,2026-07-01 15:38
VY8248,2026-07-01,2026-07-01 14:29,2026-07-01 16:20
VY6332,2026-07-01,2026-07-01 14:15,2026-07-01 15:57
VY7834,2026-07-01,2026-07-01 14:36,2026-07-01 15:58
VY6109,2026-07-01,2026-07-01 14:56,2026-07-01 17:04
VY8306,2026-07-01,2026-07-01 15:21,2026-07-01 17:37
VY6115,2026-07-01,2026-07-01 16:26,2026-07-01 18:17
VY3003,2026-07-01,2026-07-01 16:01,2026-07-01 20:17
VY8317,2026-07-01,2026-07-01 16:29,2026-07-01 18:55
VY6105,2026-07-01,2026-07-01 17:43,2026-07-01 19:33
VY6102,2026-07-01,2026-07-01 19:35,2026-07-01 21:34
VY6026,2026-07-01,2026-07-01 21:40,2026-07-01 23:08
VY6024,2026-07-02,2026-07-02 05:56,2026-07-02 07:11
VY7830,2026-07-02,2026-07-02 07:32,2026-07-02 08:44
VY8300,2026-07-02,2026-07-02 07:17,2026-07-02 09:28
VY6020,2026-07-02,2026-07-02 08:58,2026-07-02 10:14
VY6101,2026-07-02,2026-07-02 10:02,2026-07-02 11:59
VY8312,2026-07-02,2026-07-02 11:23,2026-07-02 13:53
VY6342,2026-07-02,2026-07-02 11:25,2026-07-02 13:05
VY6108,2026-07-02,2026-07-02 12:49,2026-07-02 14:49
VY7834,2026-07-02,2026-07-02 13:15,2026-07-02 14:32
VY6332,2026-07-02,2026-07-02 14:19,2026-07-02 16:19
VY8306,2026-07-02,2026-07-02 15:27,2026-07-02 17:48
VY3003,2026-07-02,2026-07-02 15:56,2026-07-02 20:20
VY6109,2026-07-02,2026-07-02 16:41,2026-07-02 18:50
VY7824,2026-07-02,2026-07-02 16:28,2026-07-02 17:38
VY6338,2026-07-02,2026-07-02 16:51,2026-07-02 18:48
VY6026,2026-07-02,2026-07-02 17:59,2026-07-02 19:18
VY6105,2026-07-02,2026-07-02 17:53,2026-07-02 19:58
VY6336,2026-07-02,2026-07-02 19:58,2026-07-02 21:58
VY6110,2026-07-02,2026-07-02 20:03,2026-07-02 21:51
VY6111,2026-07-02,2026-07-02 22:00,2026-07-02 23:59
VY6100,2026-07-03,2026-07-03 06:41,2026-07-03 08:28
VY7830,2026-07-03,2026-07-03 07:54,2026-07-03 09:16
VY8300,2026-07-03,2026-07-03 07:09,2026-07-03 09:19
VY8242,2026-07-03,2026-07-03 07:39,2026-07-03 09:37
VY6106,2026-07-03,2026-07-03 08:41,2026-07-03 10:33
VY6020,2026-07-03,2026-07-03 08:58,2026-07-03 10:26
VY6101,2026-07-03,2026-07-03 09:42,2026-07-03 11:39
VY6018,2026-07-03,2026-07-03 09:35,2026-07-03 11:00
VY6340,2026-07-03,2026-07-03 10:53,2026-07-03 12:44
VY7832,2026-07-03,2026-07-03 10:50,2026-07-03 12:17
VY6342,2026-07-03,2026-07-03 10:53,2026-07-03 12:48
VY6116,2026-07-03,2026-07-03 10:58,2026-07-03 12:55
VY6008,2026-07-03,2026-07-03 11:42,2026-07-03 13:02
VY7826,2026-07-03,2026-07-03 12:27,2026-07-03 13:48
VY8302,2026-07-03,2026-07-03 13:09,2026-07-03 15:32
VY7834,2026-07-03,2026-07-03 13:57,2026-07-03 15:18
VY6115,2026-07-03,2026-07-03 13:29,2026-07-03 15:33
VY6108,2026-07-03,2026-07-03 14:31,2026-07-03 16:12
VY8306,2026-07-03,2026-07-03 16:03,2026-07-03 18:31
VY6104,2026-07-03,2026-07-03 16:39,2026-07-03 18:34
VY6334,2026-07-03,2026-07-03 16:38,2026-07-03 18:21
VY3003,2026-07-03,2026-07-03 16:35,2026-07-03 21:01
VY6109,2026-07-03,2026-07-03 16:51,2026-07-03 18:45
VY6107,2026-07-03,2026-07-03 18:26,2026-07-03 20:26
VY8248,2026-07-03,2026-07-03 19:08,2026-07-03 21:12
VY7822,2026-07-03,2026-07-03 18:55,2026-07-03 20:07
VY6102,2026-07-03,2026-07-03 20:45,2026-07-03 22:30
VY6336,2026-07-03,2026-07-03 21:21,2026-07-03 23:01
VY6628,2026-07-03,2026-07-03 21:51,2026-07-03 23:06
VY8300,2026-07-04,2026-07-04 07:10,2026-07-04 09:35
VY8242,2026-07-04,2026-07-04 07:46,2026-07-04 09:40
VY6336,2026-07-04,2026-07-04 09:00,2026-07-04 10:53
VY8309,2026-07-04,2026-07-04 10:20,2026-07-04 12:42
VY7832,2026-07-04,2026-07-04 11:02,2026-07-04 12:18
VY6342,2026-07-04,2026-07-04 11:15,2026-07-04 13:05
VY6008,2026-07-04,2026-07-04 13:04,2026-07-04 14:20
VY7826,2026-07-04,2026-07-04 12:50,2026-07-04 14:20
VY6340,2026-07-04,2026-07-04 12:57,2026-07-04 14:48
VY6109,2026-07-04,2026-07-04 14:38,2026-07-04 16:40
VY8306,2026-07-04,2026-07-04 15:14,2026-07-04 17:29
VY6104,2026-07-04,2026-07-04 15:16,2026-07-04 17:05
VY6334,2026-07-04,2026-07-04 18:47,2026-07-04 20:43
VY3003,2026-07-04,2026-07-04 16:00,2026-07-04 20:23
VY6115,2026-07-04,2026-07-04 16:29,2026-07-04 18:29
VY8240,2026-07-04,2026-07-04 20:26,2026-07-04 22:27
VY6105,2026-07-04,2026-07-04 18:21,2026-07-04 20:23
VY6116,2026-07-04,2026-07-04 22:07,2026-07-04 23:51
VY6100,2026-07-05,2026-07-05 06:35,2026-07-05 08:33
VY7830,2026-07-05,2026-07-05 06:58,2026-07-05 08:19
VY6106,2026-07-05,2026-07-05 07:51,2026-07-05 09:43
VY6018,2026-07-05,2026-07-05 10:02,2026-07-05 11:29
VY6107,2026-07-05,2026-07-05 10:54,2026-07-05 12:45
VY7832,2026-07-05,2026-07-05 11:00,2026-07-05 12:10
VY6108,2026-07-05,2026-07-05 12:48,2026-07-05 14:41
VY6340,2026-07-05,2026-07-05 12:53,2026-07-05 14:50
VY6332,2026-07-05,2026-07-05 14:09,2026-07-05 15:55
VY6109,2026-07-05,2026-07-05 15:25,2026-07-05 17:15
VY8306,2026-07-05,2026-07-05 15:18,2026-07-05 17:44
VY6334,2026-07-05,2026-07-05 16:04,2026-07-05 17:48
VY7824,2026-07-05,2026-07-05 16:18,2026-07-05 17:44
VY6338,2026-07-05,2026-07-05 16:43,2026-07-05 18:32
VY6110,2026-07-05,2026-07-05 17:43,2026-07-05 19:38
VY8304,2026-07-05,2026-07-05 18:11,2026-07-05 20:29
VY8311,2026-07-05,2026-07-05 20:03,2026-07-05 22:24
VY6102,2026-07-05,2026-07-05 19:39,2026-07-05 21:24
VY6336,2026-07-05,2026-07-05 21:20,2026-07-05 23:06
VY6026,2026-07-05,2026-07-05 21:30,2026-07-05 22:50
VY6100,2026-07-06,2026-07-06 06:25,2026-07-06 08:07
VY6342,2026-07-06,2026-07-06 07:47,2026-07-06 09:42
VY8300,2026-07-06,2026-07-06 07:07,2026-07-06 09:33
VY6344,2026-07-06,2026-07-06 08:33,2026-07-06 10:21
VY6020,2026-07-06,2026-07-06 08:54,2026-07-06 10:13
VY8309,2026-07-06,2026-07-06 10:06,2026-07-06 12:19
VY6107,2026-07-06,2026-07-06 10:38,2026-07-06 12:37
VY7832,2026-07-06,2026-07-06 10:40,2026-07-06 12:03
VY8250,2026-07-06,2026-07-06 10:48,2026-07-06 12:39
VY6008,2026-07-06,2026-07-06 10:54,2026-07-06 12:24
VY7826,2026-07-06,2026-07-06 12:31,2026-07-06 13:55
VY6340,2026-07-06,2026-07-06 15:04,2026-07-06 16:46
VY8302,2026-07-06,2026-07-06 13:10,2026-07-06 15:25
VY6110,2026-07-06,2026-07-06 14:07,2026-07-06 16:01
VY8306,2026-07-06,2026-07-06 15:17,2026-07-06 17:42
VY6104,2026-07-06,2026-07-06 16:17,2026-07-06 18:02
VY6338,2026-07-06,2026-07-06 16:41,2026-07-06 18:26
VY7820,2026-07-06,2026-07-06 17:48,2026-07-06 19:13
VY8240,2026-07-06,2026-07-06 18:44,2026-07-06 20:48
VY6105,2026-07-06,2026-07-06 18:02,2026-07-06 20:03
VY7828,2026-07-06,2026-07-06 18:59,2026-07-06 20:24
VY8311,2026-07-06,2026-07-06 19:58,2026-07-06 22:21
VY6102,2026-07-06,2026-07-06 20:47,2026-07-06 22:35
VY6100,2026-07-07,2026-07-07 06:25,2026-07-07 08:21
VY7830,2026-07-07,2026-07-07 07:52,2026-07-07 09:20
VY8300,2026-07-07,2026-07-07 07:15,2026-07-07 09:41
VY6330,2026-07-07,2026-07-07 07:34,2026-07-07 09:17
VY8242,2026-07-07,2026-07-07 07:27,2026-07-07 09:32
VY8309,2026-07-07,2026-07-07 10:25,2026-07-07 12:47
VY7832,2026-07-07,2026-07-07 11:02,2026-07-07 12:31
VY6008,2026-07-07,2026-07-07 11:40,2026-07-07 12:55
VY6342,2026-07-07,2026-07-07 11:40,2026-07-07 13:35
VY7826,2026-07-07,2026-07-07 12:45,2026-07-07 14:10
VY6108,2026-07-07,2026-07-07 13:00,2026-07-07 14:48
VY6340,2026-07-07,2026-07-07 12:57,2026-07-07 14:54
VY6332,2026-07-07,2026-07-07 14:17,2026-07-07 16:04
VY6110,2026-07-07,2026-07-07 14:24,2026-07-07 16:22
VY6109,2026-07-07,2026-07-07 15:40,2026-07-07 17:44
VY3003,2026-07-07,2026-07-07 16:05,2026-07-07 20:35
VY8317,2026-07-07,2026-07-07 16:32,2026-07-07 18:55
VY6105,2026-07-07,2026-07-07 18:07,2026-07-07 19:57
VY6102,2026-07-07,2026-07-07 19:49,2026-07-07 21:48
VY8311,2026-07-07,2026-07-07 19:36,2026-07-07 22:03
VY6338,2026-07-07,2026-07-07 20:59,2026-07-07 22:49
VY6103,2026-07-07,2026-07-07 21:21,2026-07-07 23:18
VY6100,2026-07-08,2026-07-08 07:07,2026-07-08 09:04
VY7830,2026-07-08,2026-07-08 07:54,2026-07-08 09:19
VY6344,2026-07-08,2026-07-08 08:16,2026-07-08 10:10
VY6101,2026-07-08,2026-07-08 09:07,2026-07-08 10:57
VY8309,2026-07-08,2026-07-08 10:25,2026-07-08 12:44
VY6342,2026-07-08,2026-07-08 11:36,2026-07-08 13:19
VY6108,2026-07-08,2026-07-08 12:50,2026-07-08 14:45
VY8302,2026-07-08,2026-07-08 13:13,2026-07-08 15:26
VY7834,2026-07-08,2026-07-08 14:26,2026-07-08 15:42
VY6109,2026-07-08,2026-07-08 14:52,2026-07-08 16:48
VY8306,2026-07-08,2026-07-08 15:21,2026-07-08 17:41
VY6334,2026-07-08,2026-07-08 15:58,2026-07-08 17:39
VY3003,2026-07-08,2026-07-08 16:54,2026-07-08 21:22
VY8317,2026-07-08,2026-07-08 16:29,2026-07-08 18:53
VY6338,2026-07-08,2026-07-08 16:56,2026-07-08 18:40
VY6110,2026-07-08,2026-07-08 18:37,2026-07-08 20:33
VY6105,2026-07-08,2026-07-08 17:57,2026-07-08 20:00
VY6102,2026-07-08,2026-07-08 20:11,2026-07-08 22:07
VY8311,2026-07-08,2026-07-08 20:02,2026-07-08 22:30
VY6026,2026-07-08,2026-07-08 21:29,2026-07-08 22:42
VY6111,2026-07-08,2026-07-08 22:19,2026-07-09 00:28
VY6330,2026-07-09,2026-07-09 08:18,2026-07-09 10:10
VY6106,2026-07-09,2026-07-09 08:04,2026-07-09 09:51
VY6020,2026-07-09,2026-07-09 08:50,2026-07-09 10:09
VY6346,2026-07-09,2026-07-09 08:54,2026-07-09 10:38
VY6101,2026-07-09,2026-07-09 09:16,2026-07-09 11:15
VY6107,2026-07-09,2026-07-09 11:16,2026-07-09 13:16
VY8312,2026-07-09,2026-07-09 11:32,2026-07-09 14:02
VY6342,2026-07-09,2026-07-09 11:31,2026-07-09 13:30
VY6108,2026-07-09,2026-07-09 12:56,2026-07-09 14:40
VY6340,2026-07-09,2026-07-09 16:42,2026-07-09 18:27
VY8302,2026-07-09,2026-07-09 13:20,2026-07-09 15:40
VY8248,2026-07-09,2026-07-09 13:26,2026-07-09 15:33
VY6104,2026-07-09,2026-07-09 15:33,2026-07-09 17:26
VY6334,2026-07-09,2026-07-09 16:07,2026-07-09 17:56
VY7824,2026-07-09,2026-07-09 17:13,2026-07-09 18:23
VY6109,2026-07-09,2026-07-09 16:25,2026-07-09 18:27
VY6338,2026-07-09,2026-07-09 16:41,2026-07-09 18:27
VY8240,2026-07-09,2026-07-09 17:30,2026-07-09 19:29
VY6026,2026-07-09,2026-07-09 17:44,2026-07-09 18:55
VY6105,2026-07-09,2026-07-09 17:59,2026-07-09 19:55
VY7820,2026-07-09,2026-07-09 18:53,2026-07-09 20:14
VY6110,2026-07-09,2026-07-09 20:22,2026-07-09 22:21
VY6111,2026-07-09,2026-07-09 22:36,2026-07-10 00:33
VY6100,2026-07-10,2026-07-10 06:42,2026-07-10 08:34
VY7830,2026-07-10,2026-07-10 07:04,2026-07-10 08:15
VY8300,2026-07-10,2026-07-10 07:50,2026-07-10 10:13
VY6330,2026-07-10,2026-07-10 11:26,2026-07-10 13:16
VY8242,2026-07-10,2026-07-10 08:49,2026-07-10 10:39
VY6106,2026-07-10,2026-07-10 08:01,2026-07-10 10:00
VY6101,2026-07-10,2026-07-10 09:49,2026-07-10 11:46
VY6018,2026-07-10,2026-07-10 10:17,2026-07-10 11:38
VY6340,2026-07-10,2026-07-10 10:45,2026-07-10 12:44
VY8309,2026-07-10,2026-07-10 10:11,2026-07-10 12:30
VY8250,2026-07-10,2026-07-10 10:47,2026-07-10 12:42
VY7832,2026-07-10,2026-07-10 14:02,2026-07-10 15:15
VY6116,2026-07-10,2026-07-10 11:03,2026-07-10 12:51
VY6008,2026-07-10,2026-07-10 11:14,2026-07-10 12:29
VY7826,2026-07-10,2026-07-10 12:28,2026-07-10 13:38
VY8302,2026-07-10,2026-07-10 13:04,2026-07-10 15:15
VY6115,2026-07-10,2026-07-10 13:30,2026-07-10 15:39
VY6332,2026-07-10,2026-07-10 14:25,2026-07-10 16:24
VY8306,2026-07-10,2026-07-10 15:45,2026-07-10 18:10
VY6104,2026-07-10,2026-07-10 16:11,2026-07-10 18:02
VY6334,2026-07-10,2026-07-10 15:55,2026-07-10 17:51
VY8317,2026-07-10,2026-07-10 16:20,2026-07-10 18:46
VY7824,2026-07-10,2026-07-10 16:36,2026-07-10 17:51
VY6109,2026-07-10,2026-07-10 17:07,2026-07-10 19:09
VY8240,2026-07-10,2026-07-10 17:22,2026-07-10 19:18
VY8304,2026-07-10,2026-07-10 18:15,2026-07-10 20:36
VY6107,2026-07-10,2026-07-10 18:39,2026-07-10 20:45
VY8248,2026-07-10,2026-07-10 19:07,2026-07-10 21:17
VY6338,2026-07-10,2026-07-10 19:01,2026-07-10 20:55
VY8311,2026-07-10,2026-07-10 19:50,2026-07-10 22:19
VY6102,2026-07-10,2026-07-10 21:01,2026-07-10 22:42
VY6336,2026-07-10,2026-07-10 21:30,2026-07-10 23:22
VY6628,2026-07-10,2026-07-10 22:13,2026-07-10 23:35
VY6103,2026-07-10,2026-07-10 23:04,2026-07-11 00:54
VY7830,2026-07-11,2026-07-11 07:39,2026-07-11 09:05
VY8300,2026-07-11,2026-07-11 07:54,2026-07-11 10:19
VY8242,2026-07-11,2026-07-11 07:40,2026-07-11 09:36
VY6020,2026-07-11,2026-07-11 08:42,2026-07-11 09:55
VY6110,2026-07-11,2026-07-11 10:02,2026-07-11 11:59
VY8309,2026-07-11,2026-07-11 10:07,2026-07-11 12:23
VY6107,2026-07-11,2026-07-11 10:31,2026-07-11 12:34
VY7832,2026-07-11,2026-07-11 11:19,2026-07-11 12:46
VY7826,2026-07-11,2026-07-11 13:38,2026-07-11 15:08
VY6340,2026-07-11,2026-07-11 13:15,2026-07-11 14:59
VY8248,2026-07-11,2026-07-11 13:15,2026-07-11 15:06
VY6109,2026-07-11,2026-07-11 14:36,2026-07-11 16:31
VY8306,2026-07-11,2026-07-11 16:01,2026-07-11 18:13
VY6104,2026-07-11,2026-07-11 15:22,2026-07-11 17:10
VY6334,2026-07-11,2026-07-11 15:59,2026-07-11 17:59
VY6115,2026-07-11,2026-07-11 16:10,2026-07-11 18:00
VY8240,2026-07-11,2026-07-11 17:18,2026-07-11 19:25
VY6105,2026-07-11,2026-07-11 18:09,2026-07-11 20:01
VY8311,2026-07-11,2026-07-11 20:18,2026-07-11 22:29
VY6116,2026-07-11,2026-07-11 22:02,2026-07-11 23:53
VY6100,2026-07-12,2026-07-12 07:02,2026-07-12 08:51
VY7830,2026-07-12,2026-07-12 07:35,2026-07-12 09:04
VY8300,2026-07-12,2026-07-12 07:19,2026-07-12 09:41
VY8242,2026-07-12,2026-07-12 07:20,2026-07-12 09:25
VY6020,2026-07-12,2026-07-12 08:47,2026-07-12 10:01
VY6018,2026-07-12,2026-07-12 09:42,2026-07-12 11:01
VY8309,2026-07-12,2026-07-12 11:47,2026-07-12 14:06
VY6107,2026-07-12,2026-07-12 10:55,2026-07-12 12:56
VY7832,2026-07-12,2026-07-12 11:48,2026-07-12 13:15
VY8250,2026-07-12,2026-07-12 11:15,2026-07-12 13:08
VY6342,2026-07-12,2026-07-12 11:43,2026-07-12 13:42
VY6108,2026-07-12,2026-07-12 13:02,2026-07-12 14:44
VY6340,2026-07-12,2026-07-12 13:01,2026-07-12 14:47
VY8248,2026-07-12,2026-07-12 13:40,2026-07-12 15:46
VY6332,2026-07-12,2026-07-12 14:10,2026-07-12 15:57
VY6109,2026-07-12,2026-07-12 15:13,2026-07-12 17:09
VY6104,2026-07-12,2026-07-12 15:33,2026-07-12 17:14
VY6334,2026-07-12,2026-07-12 16:41,2026-07-12 18:35
VY3003,2026-07-12,2026-07-12 15:52,2026-07-12 20:11
VY6110,2026-07-12,2026-07-12 17:48,2026-07-12 19:31
VY6105,2026-07-12,2026-07-12 18:08,2026-07-12 20:13
VY8304,2026-07-12,2026-07-12 20:42,2026-07-12 22:56
VY7820,2026-07-12,2026-07-12 18:22,2026-07-12 19:35
VY6102,2026-07-12,2026-07-12 19:32,2026-07-12 21:18
VY6336,2026-07-12,2026-07-12 21:19,2026-07-12 23:09
VY6026,2026-07-12,2026-07-12 21:24,2026-07-12 22:52
VY6103,2026-07-12,2026-07-12 22:18,2026-07-13 00:19
VY6100,2026-07-13,2026-07-13 07:13,2026-07-13 08:58
VY8300,2026-07-13,2026-07-13 07:12,2026-07-13 09:29
VY8242,2026-07-13,2026-07-13 07:45,2026-07-13 09:48
VY6344,2026-07-13,2026-07-13 08:41,2026-07-13 10:25
VY6107,2026-07-13,2026-07-13 10:25,2026-07-13 12:30
VY7832,2026-07-13,2026-07-13 10:41,2026-07-13 12:00
VY6008,2026-07-13,2026-07-13 10:53,2026-07-13 12:08
VY7826,2026-07-13,2026-07-13 12:22,2026-07-13 13:40
VY6340,2026-07-13,2026-07-13 13:19,2026-07-13 15:16
VY8302,2026-07-13,2026-07-13 13:20,2026-07-13 15:32
VY6110,2026-07-13,2026-07-13 13:55,2026-07-13 15:51
VY6332,2026-07-13,2026-07-13 14:23,2026-07-13 16:21
VY3003,2026-07-13,2026-07-13 16:08,2026-07-13 20:24
VY7824,2026-07-13,2026-07-13 17:11,2026-07-13 18:29
VY6338,2026-07-13,2026-07-13 16:57,2026-07-13 18:52
VY8240,2026-07-13,2026-07-13 17:44,2026-07-13 19:45
VY7828,2026-07-13,2026-07-13 19:13,2026-07-13 20:32
VY6102,2026-07-13,2026-07-13 21:01,2026-07-13 22:57
VY7830,2026-07-14,2026-07-14 07:06,2026-07-14 08:32
VY8242,2026-07-14,2026-07-14 07:27,2026-07-14 09:36
VY8309,2026-07-14,2026-07-14 10:21,2026-07-14 12:35
VY6008,2026-07-14,2026-07-14 11:25,2026-07-14 12:53
VY7826,2026-07-14,2026-07-14 16:14,2026-07-14 17:28
VY6340,2026-07-14,2026-07-14 13:05,2026-07-14 14:56
VY6108,2026-07-14,2026-07-14 13:05,2026-07-14 14:52
VY6110,2026-07-14,2026-07-14 14:21,2026-07-14 16:08
VY3003,2026-07-14,2026-07-14 15:56,2026-07-14 20:22
VY6334,2026-07-14,2026-07-14 16:39,2026-07-14 18:31
VY8317,2026-07-14,2026-07-14 16:34,2026-07-14 18:45
VY6102,2026-07-14,2026-07-14 19:10,2026-07-14 21:00
VY8311,2026-07-14,2026-07-14 19:36,2026-07-14 22:06
VY8246,2026-07-14,2026-07-14 20:17,2026-07-14 22:25
VY6338,2026-07-14,2026-07-14 20:50,2026-07-14 22:42
VY6103,2026-07-14,2026-07-14 21:31,2026-07-14 23:39
VY6100,2026-07-15,2026-07-15 06:27,2026-07-15 08:23
VY8300,2026-07-15,2026-07-15 07:12,2026-07-15 09:38
VY8242,2026-07-15,2026-07-15 07:31,2026-07-15 09:36
VY6344,2026-07-15,2026-07-15 09:04,2026-07-15 10:44
VY8309,2026-07-15,2026-07-15 10:09,2026-07-15 12:33
VY7832,2026-07-15,2026-07-15 10:47,2026-07-15 12:13
VY6342,2026-07-15,2026-07-15 11:31,2026-07-15 13:15
VY8302,2026-07-15,2026-07-15 13:11,2026-07-15 15:40
VY7834,2026-07-15,2026-07-15 14:23,2026-07-15 15:40
VY8306,2026-07-15,2026-07-15 15:25,2026-07-15 17:38
VY8317,2026-07-15,2026-07-15 16:30,2026-07-15 18:55
VY6338,2026-07-15,2026-07-15 16:45,2026-07-15 18:45
VY6110,2026-07-15,2026-07-15 17:52,2026-07-15 19:39
VY6105,2026-07-15,2026-07-15 17:58,2026-07-15 20:06
VY6102,2026-07-15,2026-07-15 19:40,2026-07-15 21:36
VY6026,2026-07-15,2026-07-15 21:43,2026-07-15 22:57
VY6111,2026-07-15,2026-07-15 22:08,2026-07-16 00:03
VY6024,2026-07-16,2026-07-16 05:57,2026-07-16 07:26
VY8300,2026-07-16,2026-07-16 10:54,2026-07-16 13:04
VY8242,2026-07-16,2026-07-16 08:23,2026-07-16 10:22
VY6330,2026-07-16,2026-07-16 09:26,2026-07-16 11:20
VY6346,2026-07-16,2026-07-16 09:05,2026-07-16 11:00
VY6101,2026-07-16,2026-07-16 09:13,2026-07-16 11:22
VY8309,2026-07-16,2026-07-16 10:23,2026-07-16 12:38
VY6107,2026-07-16,2026-07-16 10:36,2026-07-16 12:34
VY7832,2026-07-16,2026-07-16 11:00,2026-07-16 12:24
VY8312,2026-07-16,2026-07-16 11:17,2026-07-16 13:34
VY6342,2026-07-16,2026-07-16 11:29,2026-07-16 13:12
VY7826,2026-07-16,2026-07-16 12:36,2026-07-16 14:02
VY6108,2026-07-16,2026-07-16 12:49,2026-07-16 14:48
VY6340,2026-07-16,2026-07-16 13:05,2026-07-16 15:04
VY8302,2026-07-16,2026-07-16 13:17,2026-07-16 15:43
VY8248,2026-07-16,2026-07-16 13:41,2026-07-16 15:46
VY7834,2026-07-16,2026-07-16 13:34,2026-07-16 15:01
VY6332,2026-07-16,2026-07-16 15:14,2026-07-16 17:14
VY6338,2026-07-16,2026-07-16 16:53,2026-07-16 18:44
VY8240,2026-07-16,2026-07-16 18:30,2026-07-16 20:36
VY6105,2026-07-16,2026-07-16 18:05,2026-07-16 20:07
VY6336,2026-07-16,2026-07-16 20:08,2026-07-16 21:51
VY6110,2026-07-16,2026-07-16 20:03,2026-07-16 21:58
VY6111,2026-07-16,2026-07-16 22:06,2026-07-17 00:05
VY7830,2026-07-17,2026-07-17 07:12,2026-07-17 08:35
VY6330,2026-07-17,2026-07-17 07:25,2026-07-17 09:05
VY6106,2026-07-17,2026-07-17 07:58,2026-07-17 09:54
VY6020,2026-07-17,2026-07-17 09:00,2026-07-17 10:16
VY6018,2026-07-17,2026-07-17 09:25,2026-07-17 10:48
VY6340,2026-07-17,2026-07-17 09:54,2026-07-17 11:47
VY8309,2026-07-17,2026-07-17 10:13,2026-07-17 12:31
VY8250,2026-07-17,2026-07-17 11:33,2026-07-17 13:41
VY6116,2026-07-17,2026-07-17 10:58,2026-07-17 12:50
VY6342,2026-07-17,2026-07-17 11:37,2026-07-17 13:34
VY6008,2026-07-17,2026-07-17 15:01,2026-07-17 19:16
VY8312,2026-07-17,2026-07-17 11:27,2026-07-17 13:52
VY8302,2026-07-17,2026-07-17 13:09,2026-07-17 15:37
VY7834,2026-07-17,2026-07-17 13:27,2026-07-17 14:41
VY6115,2026-07-17,2026-07-17 14:23,2026-07-17 16:16
VY6108,2026-07-17,2026-07-17 13:54,2026-07-17 15:39
VY6105,2026-07-17,2026-07-17 14:51,2026-07-17 16:53
VY8306,2026-07-17,2026-07-17 16:01,2026-07-17 18:30
VY3003,2026-07-17,2026-07-17 15:51,2026-07-17 20:06
VY8317,2026-07-17,2026-07-17 16:35,2026-07-17 18:45
VY6109,2026-07-17,2026-07-17 17:20,2026-07-17 19:25
VY8240,2026-07-17,2026-07-17 18:03,2026-07-17 19:55
VY8304,2026-07-17,2026-07-17 18:12,2026-07-17 20:33
VY7822,2026-07-17,2026-07-17 18:51,2026-07-17 20:13
VY6336,2026-07-17,2026-07-18 00:08,2026-07-18 02:07
VY6628,2026-07-17,2026-07-17 21:54,2026-07-17 23:23
VY6100,2026-07-18,2026-07-18 06:30,2026-07-18 08:30
VY8300,2026-07-18,2026-07-18 07:05,2026-07-18 09:21
VY6020,2026-07-18,2026-07-18 09:34,2026-07-18 10:53
VY6336,2026-07-18,2026-07-18 08:59,2026-07-18 10:55
VY8309,2026-07-18,2026-07-18 10:12,2026-07-18 12:41
VY6107,2026-07-18,2026-07-18 10:26,2026-07-18 12:27
VY7832,2026-07-18,2026-07-18 10:45,2026-07-18 12:00
VY7826,2026-07-18,2026-07-18 12:58,2026-07-18 14:20
VY8248,2026-07-18,2026-07-18 13:17,2026-07-18 15:19
VY6332,2026-07-18,2026-07-18 14:21,2026-07-18 16:01
VY8306,2026-07-18,2026-07-18 15:07,2026-07-18 17:19
VY6104,2026-07-18,2026-07-18 15:32,2026-07-18 17:30
VY6334,2026-07-18,2026-07-18 15:53,2026-07-18 17:40
VY3003,2026-07-18,2026-07-18 15:56,2026-07-18 20:20
VY6115,2026-07-18,2026-07-18 16:57,2026-07-18 18:47
VY6105,2026-07-18,2026-07-18 18:03,2026-07-18 20:09
VY6338,2026-07-18,2026-07-18 19:12,2026-07-18 21:08
VY8311,2026-07-18,2026-07-18 19:23,2026-07-18 21:49
VY6100,2026-07-19,2026-07-19 09:58,2026-07-19 11:56
VY7830,2026-07-19,2026-07-19 07:09,2026-07-19 08:31
VY6330,2026-07-19,2026-07-19 07:32,2026-07-19 09:22
VY6106,2026-07-19,2026-07-19 10:53,2026-07-19 12:47
VY6018,2026-07-19,2026-07-19 09:47,2026-07-19 11:12
VY6107,2026-07-19,2026-07-19 10:37,2026-07-19 12:39
VY8250,2026-07-19,2026-07-19 10:52,2026-07-19 12:49
VY6342,2026-07-19,2026-07-19 12:12,2026-07-19 14:03
VY7826,2026-07-19,2026-07-19 12:45,2026-07-19 14:03
VY6108,2026-07-19,2026-07-19 12:47,2026-07-19 14:39
VY8248,2026-07-19,2026-07-19 13:30,2026-07-19 15:22
VY6332,2026-07-19,2026-07-19 14:10,2026-07-19 16:05
VY6109,2026-07-19,2026-07-19 15:11,2026-07-19 17:19
VY6104,2026-07-19,2026-07-19 15:21,2026-07-19 17:16
VY7824,2026-07-19,2026-07-19 16:22,2026-07-19 17:39
VY6338,2026-07-19,2026-07-19 17:14,2026-07-19 19:01
VY6110,2026-07-19,2026-07-19 17:47,2026-07-19 19:46
VY8304,2026-07-19,2026-07-19 18:08,2026-07-19 20:21
VY6102,2026-07-19,2026-07-19 20:34,2026-07-19 22:29
VY8311,2026-07-19,2026-07-19 19:47,2026-07-19 21:58
VY7828,2026-07-19,2026-07-19 20:19,2026-07-19 21:48
VY6336,2026-07-19,2026-07-19 21:23,2026-07-19 23:11
VY6342,2026-07-20,2026-07-20 07:06,2026-07-20 08:54
VY8242,2026-07-20,2026-07-20 07:43,2026-07-20 09:37
VY6330,2026-07-20,2026-07-20 07:43,2026-07-20 09:38
VY6106,2026-07-20,2026-07-20 08:59,2026-07-20 10:55
VY6344,2026-07-20,2026-07-20 08:35,2026-07-20 10:29
VY6020,2026-07-20,2026-07-20 12:44,2026-07-20 14:10
VY8309,2026-07-20,2026-07-20 10:05,2026-07-20 12:15
VY6107,2026-07-20,2026-07-20 10:27,2026-07-20 12:35
VY8250,2026-07-20,2026-07-20 10:56,2026-07-20 13:05
VY6008,2026-07-20,2026-07-20 11:22,2026-07-20 12:49
VY6108,2026-07-20,2026-07-20 11:13,2026-07-20 13:08
VY6340,2026-07-20,2026-07-20 15:23,2026-07-20 17:14
VY8302,2026-07-20,2026-07-20 13:13,2026-07-20 15:29
VY6332,2026-07-20,2026-07-20 14:16,2026-07-20 16:07
VY8306,2026-07-20,2026-07-20 15:43,2026-07-20 18:07
VY6104,2026-07-20,2026-07-20 15:19,2026-07-20 17:17
VY6115,2026-07-20,2026-07-20 15:33,2026-07-20 17:31
VY6334,2026-07-20,2026-07-20 16:41,2026-07-20 18:34
VY3003,2026-07-20,2026-07-20 16:23,2026-07-20 20:37
VY7824,2026-07-20,2026-07-20 16:45,2026-07-20 18:10
VY6338,2026-07-20,2026-07-20 17:12,2026-07-20 19:05
VY6109,2026-07-20,2026-07-20 17:30,2026-07-20 19:36
VY7820,2026-07-20,2026-07-20 17:40,2026-07-20 19:05
VY8240,2026-07-20,2026-07-20 17:57,2026-07-20 20:05
VY8311,2026-07-20,2026-07-20 19:33,2026-07-20 21:48
VY6102,2026-07-20,2026-07-20 20:53,2026-07-20 22:48
VY6330,2026-07-21,2026-07-21 07:42,2026-07-21 09:36
VY8242,2026-07-21,2026-07-21 07:28,2026-07-21 09:29
VY6101,2026-07-21,2026-07-21 09:17,2026-07-21 11:15
VY8309,2026-07-21,2026-07-21 10:18,2026-07-21 12:31
VY7832,2026-07-21,2026-07-21 11:04,2026-07-21 12:20
VY6342,2026-07-21,2026-07-21 11:45,2026-07-21 13:45
VY7826,2026-07-21,2026-07-21 12:29,2026-07-21 13:50
VY8248,2026-07-21,2026-07-21 12:56,2026-07-21 15:01
VY6340,2026-07-21,2026-07-21 13:39,2026-07-21 15:21
VY6110,2026-07-21,2026-07-21 14:19,2026-07-21 16:13
VY6109,2026-07-21,2026-07-21 15:29,2026-07-21 17:24
VY3003,2026-07-21,2026-07-21 16:00,2026-07-21 20:23
VY8317,2026-07-21,2026-07-21 16:38,2026-07-21 19:00
VY6111,2026-07-21,2026-07-21 16:55,2026-07-21 18:47
VY6105,2026-07-21,2026-07-21 17:57,2026-07-21 19:57
VY6102,2026-07-21,2026-07-21 18:59,2026-07-21 20:47
VY8246,2026-07-21,2026-07-21 19:52,2026-07-21 21:50
VY6338,2026-07-21,2026-07-21 21:29,2026-07-21 23:27
VY6103,2026-07-21,2026-07-21 21:34,2026-07-21 23:37
VY6100,2026-07-22,2026-07-22 06:25,2026-07-22 08:09
VY7830,2026-07-22,2026-07-22 07:03,2026-07-22 08:15
VY8242,2026-07-22,2026-07-22 07:32,2026-07-22 09:25
VY6330,2026-07-22,2026-07-22 07:40,2026-07-22 09:37
VY6344,2026-07-22,2026-07-22 08:17,2026-07-22 10:13
VY6101,2026-07-22,2026-07-22 09:26,2026-07-22 11:19
VY7832,2026-07-22,2026-07-22 10:49,2026-07-22 12:01
VY8250,2026-07-22,2026-07-22 10:57,2026-07-22 12:56
VY6342,2026-07-22,2026-07-22 11:34,2026-07-22 13:28
VY6108,2026-07-22,2026-07-22 12:49,2026-07-22 14:45
VY8302,2026-07-22,2026-07-22 13:22,2026-07-22 15:33
VY6109,2026-07-22,2026-07-22 14:50,2026-07-22 16:55
VY6104,2026-07-22,2026-07-22 15:32,2026-07-22 17:20
VY8306,2026-07-22,2026-07-22 15:19,2026-07-22 17:46
VY6338,2026-07-22,2026-07-22 16:59,2026-07-22 18:53
VY6105,2026-07-22,2026-07-22 18:00,2026-07-22 20:08
VY8311,2026-07-22,2026-07-22 19:50,2026-07-22 22:20
VY6026,2026-07-22,2026-07-22 21:36,2026-07-22 23:01
VY6024,2026-07-23,2026-07-23 05:47,2026-07-23 07:11
VY7830,2026-07-23,2026-07-23 07:08,2026-07-23 08:26
VY8300,2026-07-23,2026-07-23 07:05,2026-07-23 09:15
VY6330,2026-07-23,2026-07-23 07:29,2026-07-23 09:20
VY6106,2026-07-23,2026-07-23 08:02,2026-07-23 09:42
VY6020,2026-07-23,2026-07-23 08:55,2026-07-23 10:20
VY6346,2026-07-23,2026-07-23 09:03,2026-07-23 10:52
VY6101,2026-07-23,2026-07-23 09:00,2026-07-23 11:07
VY7832,2026-07-23,2026-07-23 11:03,2026-07-23 12:30
VY8312,2026-07-23,2026-07-23 11:22,2026-07-23 13:37
VY6342,2026-07-23,2026-07-23 11:45,2026-07-23 13:37
VY6108,2026-07-23,2026-07-23 13:20,2026-07-23 15:08
VY8302,2026-07-23,2026-07-23 13:20,2026-07-23 15:37
VY6332,2026-07-23,2026-07-23 14:29,2026-07-23 16:17
VY6104,2026-07-23,2026-07-23 15:32,2026-07-23 17:20
VY8306,2026-07-23,2026-07-23 15:17,2026-07-23 17:32
VY6334,2026-07-23,2026-07-23 15:53,2026-07-23 17:53
VY7824,2026-07-23,2026-07-23 16:39,2026-07-23 17:57
VY6109,2026-07-23,2026-07-23 16:40,2026-07-23 18:36
VY8240,2026-07-23,2026-07-23 17:29,2026-07-23 19:20
VY6026,2026-07-23,2026-07-23 18:51,2026-07-23 20:06
VY6105,2026-07-23,2026-07-23 20:08,2026-07-23 22:06
VY7820,2026-07-23,2026-07-23 18:44,2026-07-23 19:54
VY8311,2026-07-23,2026-07-23 19:34,2026-07-23 21:44
VY6336,2026-07-23,2026-07-23 20:00,2026-07-23 21:53
VY6110,2026-07-23,2026-07-23 20:10,2026-07-23 22:01
VY7830,2026-07-24,2026-07-24 06:56,2026-07-24 08:16
VY8300,2026-07-24,2026-07-24 07:09,2026-07-24 09:20
VY6330,2026-07-24,2026-07-24 07:37,2026-07-24 09:19
VY8242,2026-07-24,2026-07-24 07:35,2026-07-24 09:31
VY6020,2026-07-24,2026-07-24 09:17,2026-07-24 10:39
VY6101,2026-07-24,2026-07-24 09:28,2026-07-24 11:25
VY6018,2026-07-24,2026-07-24 09:29,2026-07-24 10:46
VY6340,2026-07-24,2026-07-24 09:51,2026-07-24 11:37
VY7832,2026-07-24,2026-07-24 10:48,2026-07-24 12:14
VY6342,2026-07-24,2026-07-24 10:56,2026-07-24 12:51
VY6116,2026-07-24,2026-07-24 10:59,2026-07-24 12:49
VY7834,2026-07-24,2026-07-24 13:16,2026-07-24 14:43
VY6115,2026-07-24,2026-07-24 13:28,2026-07-24 15:33
VY6108,2026-07-24,2026-07-24 13:46,2026-07-24 15:37
VY6332,2026-07-24,2026-07-24 15:08,2026-07-24 16:54
VY6105,2026-07-24,2026-07-24 16:41,2026-07-24 18:51
VY6104,2026-07-24,2026-07-24 15:15,2026-07-24 17:00
VY6334,2026-07-24,2026-07-24 16:43,2026-07-24 18:26
VY3003,2026-07-24,2026-07-24 15:57,2026-07-24 20:07
VY8304,2026-07-24,2026-07-24 21:39,2026-07-25 00:04
VY6107,2026-07-24,2026-07-24 18:24,2026-07-24 20:25
VY8248,2026-07-24,2026-07-24 19:26,2026-07-24 21:21
VY8311,2026-07-24,2026-07-24 19:49,2026-07-24 22:09
VY6336,2026-07-24,2026-07-25 01:06,2026-07-25 02:47
VY6103,2026-07-24,2026-07-24 23:15,2026-07-25 01:09
VY8242,2026-07-25,2026-07-25 07:23,2026-07-25 09:17
VY6336,2026-07-25,2026-07-25 08:50,2026-07-25 10:47
VY6110,2026-07-25,2026-07-25 10:28,2026-07-25 12:22
VY8309,2026-07-25,2026-07-25 10:05,2026-07-25 12:27
VY7832,2026-07-25,2026-07-25 10:49,2026-07-25 12:07
VY6342,2026-07-25,2026-07-25 12:07,2026-07-25 14:01
VY7826,2026-07-25,2026-07-25 13:07,2026-07-25 14:32
VY6340,2026-07-25,2026-07-25 12:55,2026-07-25 14:52
VY8248,2026-07-25,2026-07-25 13:19,2026-07-25 15:17
VY6332,2026-07-25,2026-07-25 15:04,2026-07-25 17:01
VY6109,2026-07-25,2026-07-25 14:51,2026-07-25 16:45
VY8306,2026-07-25,2026-07-25 15:13,2026-07-25 17:40
VY6104,2026-07-25,2026-07-25 15:15,2026-07-25 17:15
VY6334,2026-07-25,2026-07-25 15:50,2026-07-25 17:30
VY6338,2026-07-25,2026-07-25 19:21,2026-07-25 21:20
VY8311,2026-07-25,2026-07-25 19:22,2026-07-25 21:49
VY6116,2026-07-25,2026-07-25 22:33,2026-07-26 00:29
VY6100,2026-07-26,2026-07-26 06:52,2026-07-26 08:36
VY7830,2026-07-26,2026-07-26 07:05,2026-07-26 08:28
VY8300,2026-07-26,2026-07-26 07:08,2026-07-26 09:21
VY8242,2026-07-26,2026-07-26 07:22,2026-07-26 09:13
VY6330,2026-07-26,2026-07-26 07:54,2026-07-26 09:39
VY6106,2026-07-26,2026-07-26 08:23,2026-07-26 10:06
VY6107,2026-07-26,2026-07-26 10:38,2026-07-26 12:29
VY7832,2026-07-26,2026-07-26 10:52,2026-07-26 12:17
VY8250,2026-07-26,2026-07-26 11:03,2026-07-26 13:01
VY6342,2026-07-26,2026-07-26 11:32,2026-07-26 13:31
VY8248,2026-07-26,2026-07-26 13:20,2026-07-26 15:16
VY6332,2026-07-26,2026-07-26 14:07,2026-07-26 16:01
VY6109,2026-07-26,2026-07-26 15:29,2026-07-26 17:30
VY8306,2026-07-26,2026-07-26 15:28,2026-07-26 17:49
VY3003,2026-07-26,2026-07-26 16:14,2026-07-26 20:43
VY6338,2026-07-26,2026-07-26 16:41,2026-07-26 18:23
VY7820,2026-07-26,2026-07-26 18:40,2026-07-26 19:56
VY8311,2026-07-26,2026-07-26 21:00,2026-07-26 23:13
VY6102,2026-07-26,2026-07-26 19:47,2026-07-26 21:39
VY7828,2026-07-26,2026-07-26 19:51,2026-07-26 21:08
VY6336,2026-07-26,2026-07-26 21:10,2026-07-26 23:07
VY6026,2026-07-26,2026-07-26 21:28,2026-07-26 22:41
VY6103,2026-07-26,2026-07-26 22:57,2026-07-27 00:58
VY6342,2026-07-27,2026-07-27 07:03,2026-07-27 08:46
VY8300,2026-07-27,2026-07-27 07:10,2026-07-27 09:37
VY6330,2026-07-27,2026-07-27 07:40,2026-07-27 09:25
VY6106,2026-07-27,2026-07-27 08:04,2026-07-27 09:58
VY6344,2026-07-27,2026-07-27 10:56,2026-07-27 12:53
VY6020,2026-07-27,2026-07-27 11:09,2026-07-27 12:30
VY8309,2026-07-27,2026-07-27 10:25,2026-07-27 12:48
VY6107,2026-07-27,2026-07-27 10:56,2026-07-27 13:05
VY8250,2026-07-27,2026-07-27 11:02,2026-07-27 12:58
VY6108,2026-07-27,2026-07-27 11:22,2026-07-27 13:10
VY7826,2026-07-27,2026-07-27 12:34,2026-07-27 13:58
VY6340,2026-07-27,2026-07-27 13:56,2026-07-27 15:37
VY6110,2026-07-27,2026-07-27 17:33,2026-07-27 19:13
VY8306,2026-07-27,2026-07-27 15:14,2026-07-27 17:24
VY6104,2026-07-27,2026-07-27 15:22,2026-07-27 17:08
VY6334,2026-07-27,2026-07-27 16:07,2026-07-27 17:55
VY3003,2026-07-27,2026-07-27 16:43,2026-07-27 21:10
VY6338,2026-07-27,2026-07-27 16:58,2026-07-27 18:42
VY6109,2026-07-27,2026-07-27 17:24,2026-07-27 19:25
VY7820,2026-07-27,2026-07-27 17:38,2026-07-27 18:59
VY8240,2026-07-27,2026-07-27 18:16,2026-07-27 20:13
VY6105,2026-07-27,2026-07-27 17:59,2026-07-27 19:51
VY7828,2026-07-27,2026-07-27 19:13,2026-07-27 20:29
VY8311,2026-07-27,2026-07-27 19:40,2026-07-27 22:05
VY6102,2026-07-27,2026-07-27 21:03,2026-07-27 22:46
VY6111,2026-07-27,2026-07-27 21:39,2026-07-27 23:30
VY6100,2026-07-28,2026-07-28 06:43,2026-07-28 08:35
VY7830,2026-07-28,2026-07-28 06:56,2026-07-28 08:16
VY6330,2026-07-28,2026-07-28 07:28,2026-07-28 09:21
VY8242,2026-07-28,2026-07-28 08:56,2026-07-28 10:53
VY6101,2026-07-28,2026-07-28 09:19,2026-07-28 11:09
VY8309,2026-07-28,2026-07-28 10:25,2026-07-28 12:47
VY7832,2026-07-28,2026-07-28 11:01,2026-07-28 12:12
VY6008,2026-07-28,2026-07-28 11:38,2026-07-28 12:52
VY7826,2026-07-28,2026-07-28 12:27,2026-07-28 13:41
VY8248,2026-07-28,2026-07-28 12:52,2026-07-28 14:56
VY6340,2026-07-28,2026-07-28 13:47,2026-07-28 15:43
VY6108,2026-07-28,2026-07-28 13:03,2026-07-28 14:52
VY6332,2026-07-28,2026-07-28 14:35,2026-07-28 16:19
VY6110,2026-07-28,2026-07-28 14:25,2026-07-28 16:23
VY3003,2026-07-28,2026-07-28 16:07,2026-07-28 20:29
VY8317,2026-07-28,2026-07-28 16:32,2026-07-28 18:58
VY6111,2026-07-28,2026-07-28 16:34,2026-07-28 18:28
VY8311,2026-07-28,2026-07-28 19:26,2026-07-28 21:51
VY6100,2026-07-29,2026-07-29 06:43,2026-07-29 08:29
VY7830,2026-07-29,2026-07-29 07:11,2026-07-29 08:28
VY8242,2026-07-29,2026-07-29 07:28,2026-07-29 09:31
VY6101,2026-07-29,2026-07-29 09:18,2026-07-29 11:10
VY8309,2026-07-29,2026-07-29 10:18,2026-07-29 12:41
VY8250,2026-07-29,2026-07-29 10:51,2026-07-29 12:51
VY7832,2026-07-29,2026-07-29 11:05,2026-07-29 12:15
VY6342,2026-07-29,2026-07-29 11:56,2026-07-29 13:47
VY6108,2026-07-29,2026-07-29 12:59,2026-07-29 14:58
VY6340,2026-07-29,2026-07-29 12:51,2026-07-29 14:38
VY8248,2026-07-29,2026-07-29 13:56,2026-07-29 15:50
VY7834,2026-07-29,2026-07-29 14:46,2026-07-29 15:59
VY6104,2026-07-29,2026-07-29 15:22,2026-07-29 17:21
VY8306,2026-07-29,2026-07-29 15:54,2026-07-29 18:04
VY6334,2026-07-29,2026-07-29 15:48,2026-07-29 17:37
VY8317,2026-07-29,2026-07-29 16:15,2026-07-29 18:35
VY6338,2026-07-29,2026-07-29 16:57,2026-07-29 18:43
VY6110,2026-07-29,2026-07-29 17:46,2026-07-29 19:34
VY6102,2026-07-29,2026-07-29 19:39,2026-07-29 21:23
VY8311,2026-07-29,2026-07-29 19:30,2026-07-29 21:52
VY6026,2026-07-29,2026-07-29 21:41,2026-07-29 22:52
VY6111,2026-07-29,2026-07-29 22:01,2026-07-30 00:00
VY7830,2026-07-30,2026-07-30 07:14,2026-07-30 08:32
VY8300,2026-07-30,2026-07-30 07:25,2026-07-30 09:35
VY8242,2026-07-30,2026-07-30 07:28,2026-07-30 09:29
VY6020,2026-07-30,2026-07-30 09:02,2026-07-30 10:21
VY6346,2026-07-30,2026-07-30 09:52,2026-07-30 11:44
VY6101,2026-07-30,2026-07-30 09:12,2026-07-30 11:18
VY6107,2026-07-30,2026-07-30 11:51,2026-07-30 13:51
VY7832,2026-07-30,2026-07-30 11:09,2026-07-30 12:36
VY7826,2026-07-30,2026-07-30 12:26,2026-07-30 13:52
VY6108,2026-07-30,2026-07-30 16:14,2026-07-30 17:54
VY6340,2026-07-30,2026-07-30 13:06,2026-07-30 14:55
VY8248,2026-07-30,2026-07-30 13:27,2026-07-30 15:22
VY7834,2026-07-30,2026-07-30 13:26,2026-07-30 14:47
VY8306,2026-07-30,2026-07-30 15:22,2026-07-30 17:48
VY6334,2026-07-30,2026-07-30 15:51,2026-07-30 17:51
VY8240,2026-07-30,2026-07-30 17:37,2026-07-30 19:27
VY6105,2026-07-30,2026-07-30 20:07,2026-07-30 22:04
VY7820,2026-07-30,2026-07-30 18:42,2026-07-30 19:56
VY8311,2026-07-30,2026-07-30 19:42,2026-07-30 22:08
VY6336,2026-07-30,2026-07-30 23:32,2026-07-31 01:32
VY6110,2026-07-30,2026-07-30 20:08,2026-07-30 21:55
VY7830,2026-07-31,2026-07-31 07:08,2026-07-31 08:27
VY8300,2026-07-31,2026-07-31 07:47,2026-07-31 10:11
VY6330,2026-07-31,2026-07-31 07:31,2026-07-31 09:31
VY6020,2026-07-31,2026-07-31 08:57,2026-07-31 10:13
VY6018,2026-07-31,2026-07-31 09:55,2026-07-31 11:21
VY8309,2026-07-31,2026-07-31 10:53,2026-07-31 13:07
VY6342,2026-07-31,2026-07-31 11:08,2026-07-31 12:53
VY6008,2026-07-31,2026-07-31 11:27,2026-07-31 12:54
VY8312,2026-07-31,2026-07-31 12:46,2026-07-31 15:01
VY7826,2026-07-31,2026-07-31 12:24,2026-07-31 13:34
VY8302,2026-07-31,2026-07-31 13:47,2026-07-31 16:10
VY7834,2026-07-31,2026-07-31 13:35,2026-07-31 14:53
VY6332,2026-07-31,2026-07-31 14:11,2026-07-31 15:54
VY6105,2026-07-31,2026-07-31 14:35,2026-07-31 16:44
VY8306,2026-07-31,2026-07-31 15:24,2026-07-31 17:52
VY6104,2026-07-31,2026-07-31 15:34,2026-07-31 17:21
VY8317,2026-07-31,2026-07-31 16:15,2026-07-31 18:36
VY7824,2026-07-31,2026-07-31 16:35,2026-07-31 17:49
VY6109,2026-07-31,2026-07-31 17:09,2026-07-31 19:14
VY8304,2026-07-31,2026-07-31 18:16,2026-07-31 20:31
VY6107,2026-07-31,2026-07-31 19:12,2026-07-31 21:17
VY6102,2026-07-31,2026-07-31 20:31,2026-07-31 22:18
VY6628,2026-07-31,2026-07-31 21:45,2026-07-31 23:03
VY6100,2026-08-01,2026-08-01 08:27,2026-08-01 10:13
VY7830,2026-08-01,2026-08-01 07:20,2026-08-01 08:35
VY8300,2026-08-01,2026-08-01 07:54,2026-08-01 10:23
VY8242,2026-08-01,2026-08-01 07:30,2026-08-01 09:34
VY6336,2026-08-01,2026-08-01 09:28,2026-08-01 11:20
VY6020,2026-08-01,2026-08-01 09:39,2026-08-01 11:01
VY6101,2026-08-01,2026-08-01 09:12,2026-08-01 11:21
VY6110,2026-08-01,2026-08-01 13:17,2026-08-01 15:16
VY8309,2026-08-01,2026-08-01 10:25,2026-08-01 12:36
VY6107,2026-08-01,2026-08-01 10:39,2026-08-01 12:43
VY7832,2026-08-01,2026-08-01 11:08,2026-08-01 12:25
VY6342,2026-08-01,2026-08-01 11:27,2026-08-01 13:08
VY6008,2026-08-01,2026-08-01 12:26,2026-08-01 13:56
VY6340,2026-08-01,2026-08-01 14:44,2026-08-01 16:33
VY7826,2026-08-01,2026-08-01 12:59,2026-08-01 14:18
VY8248,2026-08-01,2026-08-01 13:18,2026-08-01 15:17
VY6332,2026-08-01,2026-08-01 14:06,2026-08-01 16:02
VY6109,2026-08-01,2026-08-01 15:25,2026-08-01 17:35
VY8306,2026-08-01,2026-08-01 15:21,2026-08-01 17:34
VY6104,2026-08-01,2026-08-01 15:33,2026-08-01 17:30
VY6105,2026-08-01,2026-08-01 18:03,2026-08-01 20:03
VY6338,2026-08-01,2026-08-01 19:15,2026-08-01 21:09
VY6116,2026-08-01,2026-08-01 22:06,2026-08-02 00:00
VY6100,2026-08-02,2026-08-02 06:45,2026-08-02 08:45
VY8300,2026-08-02,2026-08-02 07:36,2026-08-02 09:49
VY6018,2026-08-02,2026-08-02 09:39,2026-08-02 11:09
VY8309,2026-08-02,2026-08-02 10:21,2026-08-02 12:43
VY6107,2026-08-02,2026-08-02 10:51,2026-08-02 13:00
VY7832,2026-08-02,2026-08-02 13:22,2026-08-02 14:49
VY7826,2026-08-02,2026-08-02 12:50,2026-08-02 14:10
VY6108,2026-08-02,2026-08-02 12:49,2026-08-02 14:34
VY8302,2026-08-02,2026-08-02 13:42,2026-08-02 15:53
VY6332,2026-08-02,2026-08-02 14:14,2026-08-02 16:08
VY6109,2026-08-02,2026-08-02 15:10,2026-08-02 17:03
VY8306,2026-08-02,2026-08-02 15:48,2026-08-02 17:58
VY6104,2026-08-02,2026-08-02 15:23,2026-08-02 17:03
VY6334,2026-08-02,2026-08-02 16:00,2026-08-02 17:57
VY3003,2026-08-02,2026-08-02 16:49,2026-08-02 21:14
VY7824,2026-08-02,2026-08-02 16:33,2026-08-02 17:58
VY6110,2026-08-02,2026-08-02 17:54,2026-08-02 19:36
VY6105,2026-08-02,2026-08-02 17:50,2026-08-02 19:47
VY8304,2026-08-02,2026-08-02 18:43,2026-08-02 21:12
VY7820,2026-08-02,2026-08-02 18:21,2026-08-02 19:32
VY7828,2026-08-02,2026-08-02 19:36,2026-08-02 21:06
VY6026,2026-08-02,2026-08-02 21:19,2026-08-02 22:30
VY7830,2026-08-03,2026-08-03 07:14,2026-08-03 08:33
VY8242,2026-08-03,2026-08-03 07:27,2026-08-03 09:18
VY6330,2026-08-03,2026-08-03 07:35,2026-08-03 09:20
VY6344,2026-08-03,2026-08-03 08:49,2026-08-03 10:48
VY6020,2026-08-03,2026-08-03 08:57,2026-08-03 10:12
VY8309,2026-08-03,2026-08-03 13:39,2026-08-03 16:00
VY6107,2026-08-03,2026-08-03 11:44,2026-08-03 13:43
VY7832,2026-08-03,2026-08-03 10:42,2026-08-03 11:54
VY6008,2026-08-03,2026-08-03 11:46,2026-08-03 12:58
VY6108,2026-08-03,2026-08-03 11:09,2026-08-03 12:52
VY7826,2026-08-03,2026-08-03 12:28,2026-08-03 13:48
VY8302,2026-08-03,2026-08-03 13:16,2026-08-03 15:32
VY6109,2026-08-03,2026-08-03 17:29,2026-08-03 19:20
VY7820,2026-08-03,2026-08-03 17:50,2026-08-03 19:16
VY6105,2026-08-03,2026-08-03 20:59,2026-08-03 23:08
VY7828,2026-08-03,2026-08-03 21:14,2026-08-03 22:37
VY6102,2026-08-03,2026-08-03 20:55,2026-08-03 22:43
VY6111,2026-08-03,2026-08-03 21:49,2026-08-03 23:50
VY6100,2026-08-04,2026-08-04 07:25,2026-08-04 09:23
VY7830,2026-08-04,2026-08-04 07:15,2026-08-04 08:40
VY8300,2026-08-04,2026-08-04 07:10,2026-08-04 09:39
VY8242,2026-08-04,2026-08-04 07:29,2026-08-04 09:25
VY6101,2026-08-04,2026-08-04 09:00,2026-08-04 11:04
VY8309,2026-08-04,2026-08-04 10:08,2026-08-04 12:24
VY7832,2026-08-04,2026-08-04 11:32,2026-08-04 12:55
VY6342,2026-08-04,2026-08-04 11:36,2026-08-04 13:33
VY7826,2026-08-04,2026-08-04 12:54,2026-08-04 14:04
VY6340,2026-08-04,2026-08-04 12:59,2026-08-04 14:47
VY6332,2026-08-04,2026-08-04 14:45,2026-08-04 16:34
VY6104,2026-08-04,2026-08-04 15:25,2026-08-04 17:05
VY3003,2026-08-04,2026-08-04 16:00,2026-08-04 20:20
VY6334,2026-08-04,2026-08-04 16:13,2026-08-04 18:12
VY8317,2026-08-04,2026-08-04 18:10,2026-08-04 20:26
VY6105,2026-08-04,2026-08-04 18:00,2026-08-04 20:05
VY8311,2026-08-04,2026-08-04 19:43,2026-08-04 22:13
VY8246,2026-08-04,2026-08-04 19:44,2026-08-04 21:54
VY6103,2026-08-04,2026-08-04 21:37,2026-08-04 23:37
VY8300,2026-08-05,2026-08-05 07:18,2026-08-05 09:29
VY8242,2026-08-05,2026-08-05 08:00,2026-08-05 10:08
VY6344,2026-08-05,2026-08-05 08:15,2026-08-05 10:12
VY8309,2026-08-05,2026-08-05 10:11,2026-08-05 12:39
VY7832,2026-08-05,2026-08-05 10:56,2026-08-05 12:08
VY8250,2026-08-05,2026-08-05 13:02,2026-08-05 14:52
VY6342,2026-08-05,2026-08-05 11:37,2026-08-05 13:37
VY6108,2026-08-05,2026-08-05 12:50,2026-08-05 14:48
VY6340,2026-08-05,2026-08-05 12:55,2026-08-05 14:54
VY6332,2026-08-05,2026-08-05 14:19,2026-08-05 16:09
VY6109,2026-08-05,2026-08-05 14:48,2026-08-05 16:51
VY8306,2026-08-05,2026-08-05 15:22,2026-08-05 17:43
VY6334,2026-08-05,2026-08-05 15:54,2026-08-05 17:40
VY3003,2026-08-05,2026-08-05 15:55,2026-08-05 20:08
VY8317,2026-08-05,2026-08-05 16:16,2026-08-05 18:32
VY6338,2026-08-05,2026-08-05 17:29,2026-08-05 19:25
VY6110,2026-08-05,2026-08-05 17:45,2026-08-05 19:41
VY6105,2026-08-05,2026-08-05 17:50,2026-08-05 19:55
VY8311,2026-08-05,2026-08-05 19:46,2026-08-05 22:05
VY6111,2026-08-05,2026-08-05 22:30,2026-08-06 00:23
VY6024,2026-08-06,2026-08-06 06:39,2026-08-06 07:53
VY8300,2026-08-06,2026-08-06 07:06,2026-08-06 09:30
VY8242,2026-08-06,2026-08-06 07:36,2026-08-06 09:29
VY6330,2026-08-06,2026-08-06 07:26,2026-08-06 09:25
VY6106,2026-08-06,2026-08-06 08:27,2026-08-06 10:21
VY6020,2026-08-06,2026-08-06 09:07,2026-08-06 10:33
VY6101,2026-08-06,2026-08-06 09:40,2026-08-06 11:30
VY8309,2026-08-06,2026-08-06 10:14,2026-08-06 12:44
VY7832,2026-08-06,2026-08-06 11:31,2026-08-06 12:47
VY7826,2026-08-06,2026-08-06 12:28,2026-08-06 13:55
VY6340,2026-08-06,2026-08-06 13:04,2026-08-06 14:47
VY8302,2026-08-06,2026-08-06 13:05,2026-08-06 15:23
VY7834,2026-08-06,2026-08-06 13:34,2026-08-06 15:01
VY6104,2026-08-06,2026-08-06 15:21,2026-08-06 17:18
VY8306,2026-08-06,2026-08-06 15:25,2026-08-06 17:43
VY6334,2026-08-06,2026-08-06 15:59,2026-08-06 17:57
VY3003,2026-08-06,2026-08-06 15:52,2026-08-06 20:11
VY7824,2026-08-06,2026-08-06 16:35,2026-08-06 18:02
VY6109,2026-08-06,2026-08-06 16:29,2026-08-06 18:19
VY6105,2026-08-06,2026-08-06 17:51,2026-08-06 19:44
VY7820,2026-08-06,2026-08-06 18:32,2026-08-06 19:55
VY6336,2026-08-06,2026-08-06 20:09,2026-08-06 22:07
VY6110,2026-08-06,2026-08-06 20:09,2026-08-06 22:08
VY6111,2026-08-06,2026-08-06 21:50,2026-08-06 23:46
VY7830,2026-08-07,2026-08-07 07:12,2026-08-07 08:24
VY8300,2026-08-07,2026-08-07 10:10,2026-08-07 12:38
VY6330,2026-08-07,2026-08-07 07:39,2026-08-07 09:22
VY8242,2026-08-07,2026-08-07 07:50,2026-08-07 09:54
VY6020,2026-08-07,2026-08-07 08:47,2026-08-07 10:01
VY6101,2026-08-07,2026-08-07 10:00,2026-08-07 11:58
VY6340,2026-08-07,2026-08-07 10:36,2026-08-07 12:21
VY8309,2026-08-07,2026-08-07 10:15,2026-08-07 12:35
VY8250,2026-08-07,2026-08-07 10:45,2026-08-07 12:37
VY7832,2026-08-07,2026-08-07 10:56,2026-08-07 12:21
VY6342,2026-08-07,2026-08-07 10:55,2026-08-07 12:44
VY6116,2026-08-07,2026-08-07 11:49,2026-08-07 13:47
VY8312,2026-08-07,2026-08-07 11:13,2026-08-07 13:35
VY6008,2026-08-07,2026-08-07 11:37,2026-08-07 12:57
VY7826,2026-08-07,2026-08-07 12:22,2026-08-07 13:41
VY7834,2026-08-07,2026-08-07 13:27,2026-08-07 14:55
VY6115,2026-08-07,2026-08-07 13:39,2026-08-07 15:36
VY6108,2026-08-07,2026-08-07 13:55,2026-08-07 15:47
VY6105,2026-08-07,2026-08-07 14:41,2026-08-07 16:49
VY6104,2026-08-07,2026-08-07 15:28,2026-08-07 17:26
VY6334,2026-08-07,2026-08-07 16:40,2026-08-07 18:27
VY3003,2026-08-07,2026-08-07 15:52,2026-08-07 20:20
VY8317,2026-08-07,2026-08-07 16:43,2026-08-07 19:11
VY7824,2026-08-07,2026-08-07 16:30,2026-08-07 17:57
VY6109,2026-08-07,2026-08-07 17:04,2026-08-07 18:59
VY6107,2026-08-07,2026-08-07 18:32,2026-08-07 20:24
VY6338,2026-08-07,2026-08-07 19:09,2026-08-07 21:01
VY7822,2026-08-07,2026-08-07 19:10,2026-08-07 20:21
VY8248,2026-08-07,2026-08-07 18:54,2026-08-07 21:02
VY6336,2026-08-07,2026-08-07 22:21,2026-08-08 00:01
VY6628,2026-08-07,2026-08-07 22:48,2026-08-08 00:02
VY6100,2026-08-08,2026-08-08 06:34,2026-08-08 08:26
VY8300,2026-08-08,2026-08-08 07:19,2026-08-08 09:35
VY6336,2026-08-08,2026-08-08 08:50,2026-08-08 10:39
VY6020,2026-08-08,2026-08-08 08:49,2026-08-08 10:12
VY6107,2026-08-08,2026-08-08 10:36,2026-08-08 12:28
VY7832,2026-08-08,2026-08-08 11:04,2026-08-08 12:30
VY6008,2026-08-08,2026-08-08 12:14,2026-08-08 13:33
VY7826,2026-08-08,2026-08-08 13:07,2026-08-08 14:18
VY8248,2026-08-08,2026-08-08 13:22,2026-08-08 15:23
VY6332,2026-08-08,2026-08-08 14:14,2026-08-08 15:54
VY6109,2026-08-08,2026-08-08 14:53,2026-08-08 16:55
VY6104,2026-08-08,2026-08-08 15:27,2026-08-08 17:19
VY6334,2026-08-08,2026-08-08 16:02,2026-08-08 17:48
VY3003,2026-08-08,2026-08-08 16:05,2026-08-08 20:19
VY6105,2026-08-08,2026-08-08 18:02,2026-08-08 20:03
VY6338,2026-08-08,2026-08-08 19:40,2026-08-08 21:29
VY6116,2026-08-08,2026-08-09 01:57,2026-08-09 03:41
VY6100,2026-08-09,2026-08-09 06:37,2026-08-09 08:37
VY7830,2026-08-09,2026-08-09 07:10,2026-08-09 08:33
VY8242,2026-08-09,2026-08-09 09:00,2026-08-09 10:52
VY6330,2026-08-09,2026-08-09 07:38,2026-08-09 09:32
VY6106,2026-08-09,2026-08-09 08:55,2026-08-09 10:54
VY6018,2026-08-09,2026-08-09 13:10,2026-08-09 14:25
VY8309,2026-08-09,2026-08-09 10:18,2026-08-09 12:45
VY7826,2026-08-09,2026-08-09 13:30,2026-08-09 14:51
VY6340,2026-08-09,2026-08-09 13:03,2026-08-09 15:02
VY8302,2026-08-09,2026-08-09 13:25,2026-08-09 15:42
VY6332,2026-08-09,2026-08-09 14:13,2026-08-09 16:06
VY6109,2026-08-09,2026-08-09 16:02,2026-08-09 18:03
VY6104,2026-08-09,2026-08-09 15:16,2026-08-09 17:14
VY3003,2026-08-09,2026-08-09 16:01,2026-08-09 20:14
VY7824,2026-08-09,2026-08-09 16:17,2026-08-09 17:31
VY6338,2026-08-09,2026-08-09 16:56,2026-08-09 18:44
VY6110,2026-08-09,2026-08-09 17:42,2026-08-09 19:38
VY6105,2026-08-09,2026-08-09 18:16,2026-08-09 20:13
VY7820,2026-08-09,2026-08-09 18:17,2026-08-09 19:47
VY6102,2026-08-09,2026-08-09 19:48,2026-08-09 21:37
VY8311,2026-08-09,2026-08-09 19:40,2026-08-09 22:07
VY7828,2026-08-09,2026-08-09 20:26,2026-08-09 21:50
VY6026,2026-08-09,2026-08-09 21:30,2026-08-09 22:58
VY6103,2026-08-09,2026-08-09 22:13,2026-08-10 00:14
VY6100,2026-08-10,2026-08-10 08:46,2026-08-10 10:35
VY6342,2026-08-10,2026-08-10 07:09,2026-08-10 08:58
VY7830,2026-08-10,2026-08-10 07:13,2026-08-10 08:31
VY8242,2026-08-10,2026-08-10 07:40,2026-08-10 09:48
VY6330,2026-08-10,2026-08-10 07:31,2026-08-10 09:20
VY6020,2026-08-10,2026-08-10 09:40,2026-08-10 10:50
VY6008,2026-08-10,2026-08-10 10:52,2026-08-10 12:06
VY6108,2026-08-10,2026-08-10 11:13,2026-08-10 13:01
VY7826,2026-08-10,2026-08-10 12:28,2026-08-10 13:46
VY8302,2026-08-10,2026-08-10 13:21,2026-08-10 15:34
VY8306,2026-08-10,2026-08-10 15:23,2026-08-10 17:37
VY6104,2026-08-10,2026-08-10 15:26,2026-08-10 17:11
VY6115,2026-08-10,2026-08-10 15:37,2026-08-10 17:42
VY3003,2026-08-10,2026-08-10 16:06,2026-08-10 20:17
VY6338,2026-08-10,2026-08-10 16:42,2026-08-10 18:26
VY8311,2026-08-10,2026-08-10 19:34,2026-08-10 21:59
VY6102,2026-08-10,2026-08-10 21:32,2026-08-10 23:24
VY6111,2026-08-10,2026-08-10 21:44,2026-08-10 23:54
VY8300,2026-08-11,2026-08-11 07:23,2026-08-11 09:44
VY6330,2026-08-11,2026-08-11 07:23,2026-08-11 09:06
VY8242,2026-08-11,2026-08-11 07:34,2026-08-11 09:36
VY6101,2026-08-11,2026-08-11 09:15,2026-08-11 11:22
VY7832,2026-08-11,2026-08-11 10:57,2026-08-11 12:22
VY6008,2026-08-11,2026-08-11 11:36,2026-08-11 12:59
VY7826,2026-08-11,2026-08-11 12:34,2026-08-11 13:56
VY8248,2026-08-11,2026-08-11 12:56,2026-08-11 14:47
VY6340,2026-08-11,2026-08-11 13:07,2026-08-11 15:07
VY6108,2026-08-11,2026-08-11 13:03,2026-08-11 15:02
VY6104,2026-08-11,2026-08-11 15:53,2026-08-11 17:43
VY3003,2026-08-11,2026-08-11 15:53,2026-08-11 20:11
VY8317,2026-08-11,2026-08-11 16:32,2026-08-11 18:56
VY6111,2026-08-11,2026-08-11 17:06,2026-08-11 19:14
VY6105,2026-08-11,2026-08-11 18:44,2026-08-11 20:44
VY8311,2026-08-11,2026-08-11 19:25,2026-08-11 21:45
VY8246,2026-08-11,2026-08-11 19:40,2026-08-11 21:32
VY6338,2026-08-11,2026-08-11 20:48,2026-08-11 22:44
VY6103,2026-08-11,2026-08-11 21:34,2026-08-11 23:35
VY7830,2026-08-12,2026-08-12 07:04,2026-08-12 08:22
VY8300,2026-08-12,2026-08-12 07:05,2026-08-12 09:34
VY8242,2026-08-12,2026-08-12 07:39,2026-08-12 09:35
VY6330,2026-08-12,2026-08-12 11:14,2026-08-12 12:57
VY6101,2026-08-12,2026-08-12 09:03,2026-08-12 10:55
VY7832,2026-08-12,2026-08-12 11:14,2026-08-12 12:36
VY8250,2026-08-12,2026-08-12 11:05,2026-08-12 13:13
VY6340,2026-08-12,2026-08-12 13:22,2026-08-12 15:05
VY8302,2026-08-12,2026-08-12 13:08,2026-08-12 15:27
VY7834,2026-08-12,2026-08-12 14:22,2026-08-12 15:52
VY6109,2026-08-12,2026-08-12 14:48,2026-08-12 16:51
VY8306,2026-08-12,2026-08-12 15:25,2026-08-12 17:43
VY6334,2026-08-12,2026-08-12 15:47,2026-08-12 17:35
VY6115,2026-08-12,2026-08-12 16:35,2026-08-12 18:37
VY6105,2026-08-12,2026-08-12 17:41,2026-08-12 19:39
VY6102,2026-08-12,2026-08-12 21:33,2026-08-12 23:18
VY8311,2026-08-12,2026-08-12 19:45,2026-08-12 22:01
VY6111,2026-08-12,2026-08-12 22:05,2026-08-13 00:15
VY6024,2026-08-13,2026-08-13 05:49,2026-08-13 07:16
VY8300,2026-08-13,2026-08-13 07:39,2026-08-13 10:08
VY8242,2026-08-13,2026-08-13 07:34,2026-08-13 09:32
VY6330,2026-08-13,2026-08-13 07:27,2026-08-13 09:09
VY6106,2026-08-13,2026-08-13 07:53,2026-08-13 09:47
VY6346,2026-08-13,2026-08-13 09:05,2026-08-13 10:49
VY6101,2026-08-13,2026-08-13 09:00,2026-08-13 10:51
VY8309,2026-08-13,2026-08-13 10:13,2026-08-13 12:27
VY6107,2026-08-13,2026-08-13 10:32,2026-08-13 12:40
VY8312,2026-08-13,2026-08-13 11:30,2026-08-13 13:55
VY6342,2026-08-13,2026-08-13 11:27,2026-08-13 13:24
VY7826,2026-08-13,2026-08-13 12:32,2026-08-13 13:57
VY6340,2026-08-13,2026-08-13 13:07,2026-08-13 14:58
VY8248,2026-08-13,2026-08-13 13:24,2026-08-13 15:26
VY7834,2026-08-13,2026-08-13 13:35,2026-08-13 14:47
VY6332,2026-08-13,2026-08-13 14:20,2026-08-13 16:02
VY8306,2026-08-13,2026-08-13 15:54,2026-08-13 18:24
VY6104,2026-08-13,2026-08-13 15:32,2026-08-13 17:13
VY7824,2026-08-13,2026-08-13 20:20,2026-08-13 21:36
VY8240,2026-08-13,2026-08-13 17:37,2026-08-13 19:30
VY6026,2026-08-13,2026-08-13 17:51,2026-08-13 19:16
VY6105,2026-08-13,2026-08-13 18:10,2026-08-13 20:14
VY7820,2026-08-13,2026-08-13 18:34,2026-08-13 19:45
VY8311,2026-08-13,2026-08-13 19:48,2026-08-13 22:05
VY7830,2026-08-14,2026-08-14 06:57,2026-08-14 08:24
VY8300,2026-08-14,2026-08-14 07:20,2026-08-14 09:47
VY8242,2026-08-14,2026-08-14 10:31,2026-08-14 12:21
VY6106,2026-08-14,2026-08-14 07:56,2026-08-14 09:46
VY6018,2026-08-14,2026-08-14 09:38,2026-08-14 11:00
VY6340,2026-08-14,2026-08-14 10:10,2026-08-14 12:06
VY8250,2026-08-14,2026-08-14 11:02,2026-08-14 12:56
VY6008,2026-08-14,2026-08-14 11:17,2026-08-14 12:29
VY7826,2026-08-14,2026-08-14 12:24,2026-08-14 13:49
VY8302,2026-08-14,2026-08-14 13:15,2026-08-14 15:44
VY7834,2026-08-14,2026-08-14 13:35,2026-08-14 14:49
VY6115,2026-08-14,2026-08-14 13:40,2026-08-14 15:31
VY6332,2026-08-14,2026-08-14 14:32,2026-08-14 16:26
VY6105,2026-08-14,2026-08-14 14:53,2026-08-14 16:45
VY8306,2026-08-14,2026-08-14 15:32,2026-08-14 17:45
VY6104,2026-08-14,2026-08-14 15:34,2026-08-14 17:21
VY6334,2026-08-14,2026-08-14 15:51,2026-08-14 17:44
VY3003,2026-08-14,2026-08-14 16:02,2026-08-14 20:22
VY8317,2026-08-14,2026-08-14 16:33,2026-08-14 19:00
VY8240,2026-08-14,2026-08-14 17:21,2026-08-14 19:12
VY8304,2026-08-14,2026-08-14 18:15,2026-08-14 20:27
VY6107,2026-08-14,2026-08-14 18:24,2026-08-14 20:27
VY7822,2026-08-14,2026-08-14 19:01,2026-08-14 20:28
VY6338,2026-08-14,2026-08-14 18:57,2026-08-14 20:55
VY8311,2026-08-14,2026-08-14 19:33,2026-08-14 22:03
VY6336,2026-08-14,2026-08-14 21:25,2026-08-14 23:05
VY6628,2026-08-14,2026-08-14 22:11,2026-08-14 23:21
VY6103,2026-08-14,2026-08-14 22:57,2026-08-15 01:07
VY7830,2026-08-15,2026-08-15 07:04,2026-08-15 08:27
VY8242,2026-08-15,2026-08-15 07:35,2026-08-15 09:29
VY6336,2026-08-15,2026-08-15 09:00,2026-08-15 10:48
VY6020,2026-08-15,2026-08-15 08:53,2026-08-15 10:10
VY6101,2026-08-15,2026-08-15 12:42,2026-08-15 14:33
VY6110,2026-08-15,2026-08-15 10:00,2026-08-15 11:59
VY8309,2026-08-15,2026-08-15 13:51,2026-08-15 16:10
VY6107,2026-08-15,2026-08-15 10:25,2026-08-15 12:32
VY7832,2026-08-15,2026-08-15 10:48,2026-08-15 12:14
VY6340,2026-08-15,2026-08-15 16:34,2026-08-15 18:25
VY8248,2026-08-15,2026-08-15 14:00,2026-08-15 16:06
VY6332,2026-08-15,2026-08-15 14:25,2026-08-15 16:11
VY8306,2026-08-15,2026-08-15 15:11,2026-08-15 17:24
VY6104,2026-08-15,2026-08-15 16:19,2026-08-15 18:14
VY3003,2026-08-15,2026-08-15 15:55,2026-08-15 20:06
VY6338,2026-08-15,2026-08-15 19:21,2026-08-15 21:10
VY6116,2026-08-15,2026-08-15 22:08,2026-08-15 23:58
VY6100,2026-08-16,2026-08-16 06:49,2026-08-16 08:30
VY8300,2026-08-16,2026-08-16 07:06,2026-08-16 09:33
VY8242,2026-08-16,2026-08-16 07:20,2026-08-16 09:25
VY6020,2026-08-16,2026-08-16 08:42,2026-08-16 09:59
VY8309,2026-08-16,2026-08-16 10:23,2026-08-16 12:51
VY6107,2026-08-16,2026-08-16 10:41,2026-08-16 12:41
VY6342,2026-08-16,2026-08-16 11:28,2026-08-16 13:18
VY6108,2026-08-16,2026-08-16 12:52,2026-08-16 14:45
VY7826,2026-08-16,2026-08-16 13:30,2026-08-16 14:47
VY6340,2026-08-16,2026-08-16 13:08,2026-08-16 15:03
VY8302,2026-08-16,2026-08-16 13:23,2026-08-16 15:37
VY8248,2026-08-16,2026-08-16 13:39,2026-08-16 15:43
VY6332,2026-08-16,2026-08-16 14:16,2026-08-16 16:00
VY8306,2026-08-16,2026-08-16 15:21,2026-08-16 17:51
VY6334,2026-08-16,2026-08-16 15:53,2026-08-16 17:39
VY3003,2026-08-16,2026-08-16 23:55,2026-08-17 04:15
VY7824,2026-08-16,2026-08-16 16:16,2026-08-16 17:44
VY6338,2026-08-16,2026-08-16 16:44,2026-08-16 18:27
VY6110,2026-08-16,2026-08-16 18:30,2026-08-16 20:23
VY6105,2026-08-16,2026-08-16 18:00,2026-08-16 19:57
VY8304,2026-08-16,2026-08-16 19:04,2026-08-16 21:19
VY7820,2026-08-16,2026-08-16 19:16,2026-08-16 20:45
VY6102,2026-08-16,2026-08-16 20:27,2026-08-16 22:24
VY7828,2026-08-16,2026-08-16 20:01,2026-08-16 21:24
VY6336,2026-08-16,2026-08-16 21:57,2026-08-16 23:43
VY6103,2026-08-16,2026-08-16 22:14,2026-08-17 00:12
VY8300,2026-08-17,2026-08-17 07:18,2026-08-17 09:35
VY6106,2026-08-17,2026-08-17 07:58,2026-08-17 09:56
VY8309,2026-08-17,2026-08-17 10:23,2026-08-17 12:37
VY6107,2026-08-17,2026-08-17 10:36,2026-08-17 12:39
VY7832,2026-08-17,2026-08-17 11:46,2026-08-17 13:11
VY8250,2026-08-17,2026-08-17 11:01,2026-08-17 12:52
VY6008,2026-08-17,2026-08-17 11:02,2026-08-17 12:27
VY6108,2026-08-17,2026-08-17 12:10,2026-08-17 13:53
VY7826,2026-08-17,2026-08-17 12:27,2026-08-17 13:39
VY6332,2026-08-17,2026-08-17 14:05,2026-08-17 15:58
VY8306,2026-08-17,2026-08-17 16:44,2026-08-17 19:05
VY6104,2026-08-17,2026-08-17 15:35,2026-08-17 17:17
VY6115,2026-08-17,2026-08-17 15:39,2026-08-17 17:34
VY7824,2026-08-17,2026-08-17 16:33,2026-08-17 18:01
VY6338,2026-08-17,2026-08-17 16:54,2026-08-17 18:48
VY6109,2026-08-17,2026-08-17 17:56,2026-08-17 19:51
VY7820,2026-08-17,2026-08-17 18:14,2026-08-17 19:44
VY8240,2026-08-17,2026-08-17 18:00,2026-08-17 19:50
VY6102,2026-08-17,2026-08-17 21:10,2026-08-17 23:02
VY6111,2026-08-17,2026-08-17 22:12,2026-08-18 00:18
VY8300,2026-08-18,2026-08-18 07:18,2026-08-18 09:36
VY6330,2026-08-18,2026-08-18 07:34,2026-08-18 09:31
VY8242,2026-08-18,2026-08-18 07:26,2026-08-18 09:18
VY6101,2026-08-18,2026-08-18 09:10,2026-08-18 11:01
VY8309,2026-08-18,2026-08-18 10:16,2026-08-18 12:27
VY7832,2026-08-18,2026-08-18 10:56,2026-08-18 12:20
VY6342,2026-08-18,2026-08-18 11:36,2026-08-18 13:27
VY7826,2026-08-18,2026-08-18 12:37,2026-08-18 13:49
VY6340,2026-08-18,2026-08-18 12:56,2026-08-18 14:40
VY6108,2026-08-18,2026-08-18 14:57,2026-08-18 16:54
VY6332,2026-08-18,2026-08-18 14:20,2026-08-18 16:18
VY6110,2026-08-18,2026-08-18 15:15,2026-08-18 17:01
VY8306,2026-08-18,2026-08-18 15:40,2026-08-18 18:00
VY6104,2026-08-18,2026-08-18 15:23,2026-08-18 17:19
VY6109,2026-08-18,2026-08-18 15:33,2026-08-18 17:24
VY3003,2026-08-18,2026-08-18 16:01,2026-08-18 20:25
VY6334,2026-08-18,2026-08-18 16:11,2026-08-18 17:54
VY8311,2026-08-18,2026-08-18 19:37,2026-08-18 22:04
VY6338,2026-08-18,2026-08-18 21:34,2026-08-18 23:33
VY7830,2026-08-19,2026-08-19 06:57,2026-08-19 08:13
VY8300,2026-08-19,2026-08-19 07:55,2026-08-19 10:07
VY8242,2026-08-19,2026-08-19 07:25,2026-08-19 09:24
VY6101,2026-08-19,2026-08-19 10:25,2026-08-19 12:18
VY7832,2026-08-19,2026-08-19 10:48,2026-08-19 12:02
VY6342,2026-08-19,2026-08-19 11:31,2026-08-19 13:27
VY6108,2026-08-19,2026-08-19 13:56,2026-08-19 15:45
VY8248,2026-08-19,2026-08-19 14:02,2026-08-19 15:56
VY6332,2026-08-19,2026-08-19 14:23,2026-08-19 16:17
VY7834,2026-08-19,2026-08-19 14:20,2026-08-19 15:39
VY6109,2026-08-19,2026-08-19 14:40,2026-08-19 16:37
VY6104,2026-08-19,2026-08-19 16:09,2026-08-19 18:09
VY8306,2026-08-19,2026-08-19 15:33,2026-08-19 17:53
VY3003,2026-08-19,2026-08-19 16:00,2026-08-19 20:25
VY6338,2026-08-19,2026-08-19 16:56,2026-08-19 18:53
VY6026,2026-08-19,2026-08-19 21:34,2026-08-19 23:02
VY6111,2026-08-19,2026-08-19 22:09,2026-08-20 00:04
VY6024,2026-08-20,2026-08-20 06:20,2026-08-20 07:45
VY7830,2026-08-20,2026-08-20 07:04,2026-08-20 08:15
VY6330,2026-08-20,2026-08-20 07:34,2026-08-20 09:28
VY6106,2026-08-20,2026-08-20 11:29,2026-08-20 13:14
VY6020,2026-08-20,2026-08-20 08:49,2026-08-20 10:04
VY6346,2026-08-20,2026-08-20 12:53,2026-08-20 14:37
VY6101,2026-08-20,2026-08-20 09:03,2026-08-20 10:54
VY8309,2026-08-20,2026-08-20 13:38,2026-08-20 15:52
VY6107,2026-08-20,2026-08-20 10:31,2026-08-20 12:26
VY7832,2026-08-20,2026-08-20 10:51,2026-08-20 12:11
VY8312,2026-08-20,2026-08-20 12:58,2026-08-20 15:19
VY6342,2026-08-20,2026-08-20 11:30,2026-08-20 13:27
VY7826,2026-08-20,2026-08-20 12:20,2026-08-20 13:42
VY6340,2026-08-20,2026-08-20 14:33,2026-08-20 16:27
VY8302,2026-08-20,2026-08-20 13:30,2026-08-20 15:40
VY7834,2026-08-20,2026-08-20 16:40,2026-08-20 18:06
VY6332,2026-08-20,2026-08-20 14:19,2026-08-20 16:14
VY8306,2026-08-20,2026-08-20 16:12,2026-08-20 18:26
VY3003,2026-08-20,2026-08-20 16:39,2026-08-20 20:59
VY7824,2026-08-20,2026-08-20 16:40,2026-08-20 17:51
VY6338,2026-08-20,2026-08-20 16:57,2026-08-20 18:40
VY6026,2026-08-20,2026-08-20 17:52,2026-08-20 19:21
VY7820,2026-08-20,2026-08-20 19:19,2026-08-20 20:40
VY6110,2026-08-20,2026-08-20 19:56,2026-08-20 21:55
VY6111,2026-08-20,2026-08-20 21:58,2026-08-21 00:04
VY6100,2026-08-21,2026-08-21 06:33,2026-08-21 08:19
VY7830,2026-08-21,2026-08-21 07:12,2026-08-21 08:36
VY6330,2026-08-21,2026-08-21 07:27,2026-08-21 09:23
VY6106,2026-08-21,2026-08-21 08:10,2026-08-21 10:00
VY6020,2026-08-21,2026-08-21 08:56,2026-08-21 10:07
VY6101,2026-08-21,2026-08-21 09:44,2026-08-21 11:46
VY6018,2026-08-21,2026-08-21 09:28,2026-08-21 10:49
VY6342,2026-08-21,2026-08-21 10:50,2026-08-21 12:39
VY6116,2026-08-21,2026-08-21 10:59,2026-08-21 12:53
VY6008,2026-08-21,2026-08-21 11:36,2026-08-21 12:52
VY8312,2026-08-21,2026-08-21 11:24,2026-08-21 13:47
VY7826,2026-08-21,2026-08-21 12:59,2026-08-21 14:14
VY7834,2026-08-21,2026-08-21 14:03,2026-08-21 15:26
VY6108,2026-08-21,2026-08-21 13:58,2026-08-21 15:57
VY6332,2026-08-21,2026-08-21 14:11,2026-08-21 16:00
VY6105,2026-08-21,2026-08-21 14:51,2026-08-21 16:51
VY8306,2026-08-21,2026-08-21 15:23,2026-08-21 17:45
VY6104,2026-08-21,2026-08-21 15:28,2026-08-21 17:28
VY3003,2026-08-21,2026-08-21 16:37,2026-08-21 20:52
VY8317,2026-08-21,2026-08-21 16:33,2026-08-21 18:47
VY7824,2026-08-21,2026-08-21 16:32,2026-08-21 17:51
VY8240,2026-08-21,2026-08-21 17:16,2026-08-21 19:15
VY8304,2026-08-21,2026-08-21 18:45,2026-08-21 21:10
VY6107,2026-08-21,2026-08-21 18:34,2026-08-21 20:31
VY6338,2026-08-21,2026-08-21 18:50,2026-08-21 20:34
VY8311,2026-08-21,2026-08-21 19:50,2026-08-21 22:20
VY6336,2026-08-21,2026-08-21 21:40,2026-08-21 23:29
VY6628,2026-08-21,2026-08-21 22:00,2026-08-21 23:30
VY6100,2026-08-22,2026-08-22 06:28,2026-08-22 08:16
VY7830,2026-08-22,2026-08-22 06:57,2026-08-22 08:26
VY8300,2026-08-22,2026-08-22 07:23,2026-08-22 09:48
VY6020,2026-08-22,2026-08-22 08:48,2026-08-22 10:18
VY6336,2026-08-22,2026-08-22 08:43,2026-08-22 10:34
VY6101,2026-08-22,2026-08-22 09:18,2026-08-22 11:08
VY6110,2026-08-22,2026-08-22 10:16,2026-08-22 12:14
VY8309,2026-08-22,2026-08-22 10:15,2026-08-22 12:39
VY6107,2026-08-22,2026-08-22 10:54,2026-08-22 12:55
VY7832,2026-08-22,2026-08-22 10:53,2026-08-22 12:14
VY6342,2026-08-22,2026-08-22 11:26,2026-08-22 13:07
VY6340,2026-08-22,2026-08-22 13:06,2026-08-22 15:06
VY6332,2026-08-22,2026-08-22 17:22,2026-08-22 19:08
VY8306,2026-08-22,2026-08-22 15:37,2026-08-22 17:50
VY6104,2026-08-22,2026-08-22 15:20,2026-08-22 17:17
VY6334,2026-08-22,2026-08-22 15:55,2026-08-22 17:44
VY3003,2026-08-22,2026-08-22 16:01,2026-08-22 20:14
VY6115,2026-08-22,2026-08-22 16:11,2026-08-22 18:05
VY8240,2026-08-22,2026-08-22 17:31,2026-08-22 19:30
VY6105,2026-08-22,2026-08-22 18:05,2026-08-22 20:08
VY6338,2026-08-22,2026-08-22 19:15,2026-08-22 20:58
VY6100,2026-08-23,2026-08-23 06:51,2026-08-23 08:38
VY8242,2026-08-23,2026-08-23 08:16,2026-08-23 10:25
VY6330,2026-08-23,2026-08-23 07:41,2026-08-23 09:38
VY6106,2026-08-23,2026-08-23 07:53,2026-08-23 09:46
VY6020,2026-08-23,2026-08-23 08:42,2026-08-23 09:55
VY6018,2026-08-23,2026-08-23 09:47,2026-08-23 11:12
VY8309,2026-08-23,2026-08-23 10:16,2026-08-23 12:30
VY7832,2026-08-23,2026-08-23 11:39,2026-08-23 13:05
VY8250,2026-08-23,2026-08-23 11:27,2026-08-23 13:22
VY6342,2026-08-23,2026-08-23 11:25,2026-08-23 13:08
VY7826,2026-08-23,2026-08-23 12:49,2026-08-23 14:06
VY6108,2026-08-23,2026-08-23 12:51,2026-08-23 14:35
VY8302,2026-08-23,2026-08-23 16:04,2026-08-23 18:17
VY8248,2026-08-23,2026-08-23 13:35,2026-08-23 15:38
VY6332,2026-08-23,2026-08-23 14:08,2026-08-23 15:49
VY6109,2026-08-23,2026-08-23 15:58,2026-08-23 18:06
VY6104,2026-08-23,2026-08-23 15:18,2026-08-23 17:06
VY8306,2026-08-23,2026-08-23 15:24,2026-08-23 17:34
VY6110,2026-08-23,2026-08-23 18:08,2026-08-23 20:07
VY8304,2026-08-23,2026-08-23 18:11,2026-08-23 20:26
VY7820,2026-08-23,2026-08-23 18:15,2026-08-23 19:27
VY8311,2026-08-23,2026-08-23 19:38,2026-08-23 22:06
VY6026,2026-08-23,2026-08-23 21:20,2026-08-23 22:46
VY6342,2026-08-24,2026-08-24 07:50,2026-08-24 09:37
VY7830,2026-08-24,2026-08-24 06:57,2026-08-24 08:10
VY8242,2026-08-24,2026-08-24 07:46,2026-08-24 09:52
VY6330,2026-08-24,2026-08-24 07:36,2026-08-24 09:25
VY8309,2026-08-24,2026-08-24 10:22,2026-08-24 12:32
VY7832,2026-08-24,2026-08-24 12:01,2026-08-24 13:17
VY6008,2026-08-24,2026-08-24 11:41,2026-08-24 13:02
VY6108,2026-08-24,2026-08-24 11:10,2026-08-24 13:04
VY7826,2026-08-24,2026-08-24 12:23,2026-08-24 13:38
VY6340,2026-08-24,2026-08-24 13:35,2026-08-24 15:28
VY6110,2026-08-24,2026-08-24 14:02,2026-08-24 15:55
VY6332,2026-08-24,2026-08-24 14:15,2026-08-24 15:58
VY6334,2026-08-24,2026-08-24 16:01,2026-08-24 17:45
VY3003,2026-08-24,2026-08-24 16:01,2026-08-24 20:20
VY6338,2026-08-24,2026-08-24 16:41,2026-08-24 18:23
VY6109,2026-08-24,2026-08-24 17:13,2026-08-24 19:15
VY7820,2026-08-24,2026-08-24 17:49,2026-08-24 19:08
VY8240,2026-08-24,2026-08-24 17:54,2026-08-24 19:51
VY6105,2026-08-24,2026-08-24 17:59,2026-08-24 20:02
VY7828,2026-08-24,2026-08-24 18:57,2026-08-24 20:22
VY8311,2026-08-24,2026-08-24 22:10,2026-08-25 00:25
VY6102,2026-08-24,2026-08-24 21:00,2026-08-24 22:43
VY6100,2026-08-25,2026-08-25 06:41,2026-08-25 08:23
VY8300,2026-08-25,2026-08-25 07:17,2026-08-25 09:39
VY6101,2026-08-25,2026-08-25 09:03,2026-08-25 10:58
VY7832,2026-08-25,2026-08-25 10:51,2026-08-25 12:11
VY6008,2026-08-25,2026-08-25 11:32,2026-08-25 12:45
VY7826,2026-08-25,2026-08-25 12:33,2026-08-25 13:58
VY8248,2026-08-25,2026-08-25 12:58,2026-08-25 15:06
VY6340,2026-08-25,2026-08-25 13:10,2026-08-25 15:02
VY6332,2026-08-25,2026-08-25 14:24,2026-08-25 16:16
VY6110,2026-08-25,2026-08-25 17:26,2026-08-25 19:14
VY6109,2026-08-25,2026-08-25 15:39,2026-08-25 17:32
VY6334,2026-08-25,2026-08-25 16:10,2026-08-25 18:05
VY8317,2026-08-25,2026-08-25 16:24,2026-08-25 18:34
VY6111,2026-08-25,2026-08-25 16:31,2026-08-25 18:23
VY6105,2026-08-25,2026-08-25 17:50,2026-08-25 19:45
VY6102,2026-08-25,2026-08-25 19:00,2026-08-25 20:44
VY8246,2026-08-25,2026-08-25 19:59,2026-08-25 21:52
VY6338,2026-08-25,2026-08-25 21:48,2026-08-25 23:44
VY6103,2026-08-25,2026-08-25 22:10,2026-08-26 00:06
VY6100,2026-08-26,2026-08-26 06:40,2026-08-26 08:35
VY7830,2026-08-26,2026-08-26 07:12,2026-08-26 08:32
VY6330,2026-08-26,2026-08-26 08:20,2026-08-26 10:17
VY6344,2026-08-26,2026-08-26 08:06,2026-08-26 09:59
VY8309,2026-08-26,2026-08-26 10:33,2026-08-26 12:55
VY7832,2026-08-26,2026-08-26 10:57,2026-08-26 12:21
VY6342,2026-08-26,2026-08-26 11:26,2026-08-26 13:11
VY6108,2026-08-26,2026-08-26 12:54,2026-08-26 14:39
VY6340,2026-08-26,2026-08-26 12:54,2026-08-26 14:43
VY8302,2026-08-26,2026-08-26 13:15,2026-08-26 15:28
VY6332,2026-08-26,2026-08-26 14:25,2026-08-26 16:22
VY7834,2026-08-26,2026-08-26 14:38,2026-08-26 16:03
VY6109,2026-08-26,2026-08-26 14:45,2026-08-26 16:51
VY8306,2026-08-26,2026-08-26 15:23,2026-08-26 17:48
VY3003,2026-08-26,2026-08-26 16:02,2026-08-26 20:31
VY8317,2026-08-26,2026-08-26 16:24,2026-08-26 18:44
VY6338,2026-08-26,2026-08-26 16:58,2026-08-26 18:39
VY6110,2026-08-26,2026-08-26 17:41,2026-08-26 19:32
VY6102,2026-08-26,2026-08-26 20:18,2026-08-26 21:58
VY8311,2026-08-26,2026-08-26 20:31,2026-08-26 22:51
VY6026,2026-08-26,2026-08-26 21:38,2026-08-26 22:59
VY6111,2026-08-26,2026-08-27 00:51,2026-08-27 02:52
VY7830,2026-08-27,2026-08-27 07:02,2026-08-27 08:19
VY8300,2026-08-27,2026-08-27 07:14,2026-08-27 09:42
VY8242,2026-08-27,2026-08-27 07:22,2026-08-27 09:21
VY6106,2026-08-27,2026-08-27 07:50,2026-08-27 09:30
VY6346,2026-08-27,2026-08-27 08:51,2026-08-27 10:45
VY6101,2026-08-27,2026-08-27 09:13,2026-08-27 11:21
VY6107,2026-08-27,2026-08-27 10:33,2026-08-27 12:31
VY7826,2026-08-27,2026-08-27 12:35,2026-08-27 14:03
VY6340,2026-08-27,2026-08-27 13:00,2026-08-27 14:52
VY8302,2026-08-27,2026-08-27 13:10,2026-08-27 15:38
VY7834,2026-08-27,2026-08-27 13:30,2026-08-27 14:43
VY8248,2026-08-27,2026-08-27 13:21,2026-08-27 15:21
VY6104,2026-08-27,2026-08-27 15:25,2026-08-27 17:10
VY8306,2026-08-27,2026-08-27 15:26,2026-08-27 17:49
VY6334,2026-08-27,2026-08-27 16:10,2026-08-27 17:52
VY6105,2026-08-27,2026-08-27 18:45,2026-08-27 20:41
VY7820,2026-08-27,2026-08-27 18:31,2026-08-27 19:50
VY6336,2026-08-27,2026-08-27 22:38,2026-08-28 00:25
VY6110,2026-08-27,2026-08-27 19:57,2026-08-27 21:55
VY8242,2026-08-28,2026-08-28 07:40,2026-08-28 09:38
VY6106,2026-08-28,2026-08-28 08:11,2026-08-28 10:06
VY6101,2026-08-28,2026-08-28 09:11,2026-08-28 11:03
VY6018,2026-08-28,2026-08-28 09:24,2026-08-28 10:50
VY6340,2026-08-28,2026-08-28 10:38,2026-08-28 12:35
VY8309,2026-08-28,2026-08-28 10:18,2026-08-28 12:40
VY8250,2026-08-28,2026-08-28 11:01,2026-08-28 13:05
VY6342,2026-08-28,2026-08-28 11:07,2026-08-28 12:52
VY6116,2026-08-28,2026-08-28 11:51,2026-08-28 13:47
VY7826,2026-08-28,2026-08-28 13:17,2026-08-28 14:42
VY7834,2026-08-28,2026-08-28 13:29,2026-08-28 14:47
VY6332,2026-08-28,2026-08-28 17:27,2026-08-28 19:26
VY8306,2026-08-28,2026-08-28 15:53,2026-08-28 18:21
VY6104,2026-08-28,2026-08-28 15:16,2026-08-28 17:12
VY6334,2026-08-28,2026-08-28 15:59,2026-08-28 17:43
VY3003,2026-08-28,2026-08-28 15:59,2026-08-28 20:22
VY8240,2026-08-28,2026-08-28 17:17,2026-08-28 19:27
VY6107,2026-08-28,2026-08-28 18:33,2026-08-28 20:31
VY8248,2026-08-28,2026-08-28 19:52,2026-08-28 21:47
VY8311,2026-08-28,2026-08-28 19:49,2026-08-28 22:06
VY6102,2026-08-28,2026-08-28 20:28,2026-08-28 22:12
VY6103,2026-08-28,2026-08-28 23:02,2026-08-29 01:01
VY6100,2026-08-29,2026-08-29 06:42,2026-08-29 08:35
VY7830,2026-08-29,2026-08-29 06:56,2026-08-29 08:12
VY8300,2026-08-29,2026-08-29 07:09,2026-08-29 09:19
VY8242,2026-08-29,2026-08-29 07:28,2026-08-29 09:35
VY6336,2026-08-29,2026-08-29 08:41,2026-08-29 10:36
VY6020,2026-08-29,2026-08-29 09:04,2026-08-29 10:16
VY8309,2026-08-29,2026-08-29 10:14,2026-08-29 12:26
VY6107,2026-08-29,2026-08-29 11:12,2026-08-29 13:13
VY7832,2026-08-29,2026-08-29 10:47,2026-08-29 12:09
VY6340,2026-08-29,2026-08-29 14:31,2026-08-29 16:18
VY8248,2026-08-29,2026-08-29 13:21,2026-08-29 15:14
VY6332,2026-08-29,2026-08-29 14:23,2026-08-29 16:19
VY6109,2026-08-29,2026-08-29 14:37,2026-08-29 16:34
VY6104,2026-08-29,2026-08-29 15:25,2026-08-29 17:15
VY3003,2026-08-29,2026-08-29 16:35,2026-08-29 20:52
VY8240,2026-08-29,2026-08-29 19:16,2026-08-29 21:10
VY8300,2026-08-30,2026-08-30 07:11,2026-08-30 09:29
VY8242,2026-08-30,2026-08-30 07:28,2026-08-30 09:36
VY6106,2026-08-30,2026-08-30 08:07,2026-08-30 09:58
VY6020,2026-08-30,2026-08-30 08:43,2026-08-30 10:03
VY6018,2026-08-30,2026-08-30 09:40,2026-08-30 10:57
VY7832,2026-08-30,2026-08-30 12:23,2026-08-30 13:44
VY6342,2026-08-30,2026-08-30 11:36,2026-08-30 13:25
VY6340,2026-08-30,2026-08-30 13:09,2026-08-30 14:50
VY8302,2026-08-30,2026-08-30 14:13,2026-08-30 16:24
VY6109,2026-08-30,2026-08-30 15:12,2026-08-30 17:10
VY8306,2026-08-30,2026-08-30 15:24,2026-08-30 17:54
VY7824,2026-08-30,2026-08-30 18:53,2026-08-30 20:06
VY6110,2026-08-30,2026-08-30 17:47,2026-08-30 19:41
VY8304,2026-08-30,2026-08-30 18:17,2026-08-30 20:35
VY7820,2026-08-30,2026-08-30 18:22,2026-08-30 19:41
VY6102,2026-08-30,2026-08-30 19:35,2026-08-30 21:29
VY8311,2026-08-30,2026-08-30 19:50,2026-08-30 22:13
VY7828,2026-08-30,2026-08-30 20:13,2026-08-30 21:25
VY6100,2026-08-31,2026-08-31 07:17,2026-08-31 09:12
VY8300,2026-08-31,2026-08-31 07:15,2026-08-31 09:38
VY8242,2026-08-31,2026-08-31 07:52,2026-08-31 09:47
VY6330,2026-08-31,2026-08-31 07:46,2026-08-31 09:28
VY6106,2026-08-31,2026-08-31 08:04,2026-08-31 10:01
VY6344,2026-08-31,2026-08-31 08:44,2026-08-31 10:24
VY6020,2026-08-31,2026-08-31 09:42,2026-08-31 11:12
VY8309,2026-08-31,2026-08-31 10:19,2026-08-31 12:49
VY8250,2026-08-31,2026-08-31 10:57,2026-08-31 12:53
VY6008,2026-08-31,2026-08-31 11:00,2026-08-31 12:28
VY6108,2026-08-31,2026-08-31 11:10,2026-08-31 12:57
VY7826,2026-08-31,2026-08-31 12:40,2026-08-31 13:54
VY6340,2026-08-31,2026-08-31 13:54,2026-08-31 15:47
VY8302,2026-08-31,2026-08-31 13:41,2026-08-31 16:05
VY6110,2026-08-31,2026-08-31 13:59,2026-08-31 15:47
VY6332,2026-08-31,2026-08-31 14:23,2026-08-31 16:13
VY6104,2026-08-31,2026-08-31 15:48,2026-08-31 17:30
VY6109,2026-08-31,2026-08-31 17:15,2026-08-31 19:17
VY6102,2026-08-31,2026-08-31 21:42,2026-08-31 23:29
VY6111,2026-08-31,2026-08-31 21:30,2026-08-31 23:37
