codice_volo,datetime_volo,email_acquirente,costo_euro,datetime_acquisto
VY6008,2026-07-31 11:15,julien.fernandez@hotmail.com,194.61,2026-07-08 21:03
VY7826,2026-07-28 12:25,elena_rossi@hotmail.com,145.54,2026-07-06 01:15
VY6340,2026-08-12 12:55,pablo.lopez35@libero.it,192.44,2026-04-08 09:41
VY6330,2026-07-17 07:30,tomperez@hotmail.com,92.43,2026-05-25 12:17
VY6026,2026-06-17 21:30,martina.bakker32@icloud.com,138.19,2026-04-04 13:15
VY7828,2026-08-03 19:00,janfernandez@libero.it,201.86,2026-04-05 14:05
VY6105,2026-07-06 17:55,sarabianchi@hotmail.com,169.61,2026-05-02 15:49
VY6105,2026-08-24 17:55,noor.ricci49@hotmail.com,96.89,2026-08-13 17:39
VY6109,2026-08-02 15:10,javier_dupont@hotmail.com,105.98,2026-03-12 13:33
VY7830,2026-08-27 07:00,lars.jones19@gmail.com,124.57,2026-08-04 20:15
VY8242,2026-06-30 07:25,alberto_martin@proton.me,32.11,2026-04-19 08:02
VY8242,2026-08-11 07:25,oliver_gomez@proton.me,239.56,2026-04-22 02:05
VY6108,2026-08-26 12:50,sara.sanchez@hotmail.com,160.43,2026-08-13 06:41
VY6342,2026-06-25 11:30,martina_smith@hotmail.com,52.52,2026-05-26 20:28
VY8300,2026-07-13 07:10,chiaralopez@proton.me,163.48,2026-06-06 03:48
VY6342,2026-06-16 11:30,pablo_romano@proton.me,166.84,2026-01-22 13:53
VY6330,2026-07-24 07:30,paolo.taylor@yahoo.com,62.93,2026-05-21 15:47
VY6108,2026-08-03 11:10,paolomoreau@gmail.com,214.23,2026-04-29 16:11
VY6008,2026-06-08 10:55,emma.ricci@yahoo.com,161.18,2026-02-05 20:15
VY6020,2026-08-31 08:45,carlos.lopez7@yahoo.com,47.08,2026-05-07 21:59
VY6334,2026-08-14 15:50,jmartinez@gmail.com,26.17,2026-05-09 13:25
VY6330,2026-06-03 07:30,mrusso@proton.me,175.25,2026-02-19 21:49
VY6102,2026-07-10 20:30,paolo_moreau@outlook.com,178.06,2026-06-07 08:48
VY8248,2026-07-16 13:20,aferrari@proton.me,127.77,2026-05-08 18:42
VY6332,2026-07-05 14:10,noorbernard@libero.it,135.41,2026-03-18 12:08
VY7830,2026-08-04 07:00,lferrari@hotmail.com,233.36,2026-03-22 10:19
VY6020,2026-06-08 08:45,lucy_moreau@hotmail.com,278.52,2026-05-01 04:02
VY8306,2026-06-28 15:20,noor.jones@hotmail.com,178.15,2026-06-16 23:14
VY6008,2026-08-01 12:15,chiara.gomez@gmail.com,233.28,2026-05-03 03:38
VY7830,2026-08-09 07:00,chiara.jones91@yahoo.com,207.25,2026-06-23 18:58
VY8306,2026-07-25 15:10,julienbernard@outlook.com,221.35,2026-03-31 19:19
VY8242,2026-06-08 07:30,giulia.rossi@gmail.com,199.99,2026-05-11 17:56
VY8306,2026-06-16 15:10,oliver_martin@yahoo.com,199.08,2026-03-04 17:23
VY6332,2026-08-04 14:10,carlosgarcia@gmail.com,150.62,2026-04-25 05:05
VY7826,2026-08-16 12:50,mmoretti@proton.me,45.08,2026-08-10 06:20
VY6342,2026-07-29 11:30,sgarcia@gmail.com,182.35,2026-07-07 01:41
VY8248,2026-06-11 13:20,giulia_wilson@outlook.com,60.31,2026-02-17 21:50
VY6107,2026-06-19 18:25,mrusso@hotmail.com,88.59,2026-03-11 17:04
VY7834,2026-08-19 14:25,oliver_brown@icloud.com,168.72,2026-03-31 05:23
VY6108,2026-08-07 13:45,sconti@icloud.com,149.35,2026-04-05 06:00
VY6340,2026-06-30 12:55,oliver.ricci83@hotmail.com,121.53,2026-03-15 21:48
VY8250,2026-08-05 10:50,martinasanchez@icloud.com,122.04,2026-06-16 19:28
VY7828,2026-08-24 19:00,tperez@hotmail.com,225.45,2026-04-27 14:04
VY8240,2026-08-17 17:45,ana.ricci27@libero.it,245.03,2026-05-17 01:54
VY6102,2026-08-09 19:35,orusso@yahoo.com,41.42,2026-06-26 13:25
VY6100,2026-06-23 06:30,juliensmith@outlook.com,59.03,2026-06-18 18:34
VY6008,2026-08-17 10:55,elena.ricci@icloud.com,266.00,2026-08-01 00:28
VY6100,2026-06-22 06:30,emma_taylor@icloud.com,129.43,2026-03-24 04:41
VY6108,2026-08-02 12:50,elena_russo@proton.me,38.08,2026-04-11 21:57
VY7826,2026-08-20 12:25,anamoretti@yahoo.com,294.93,2026-08-09 20:19
VY8309,2026-06-15 10:10,paolo.garcia83@yahoo.com,221.65,2026-02-05 18:24
VY6334,2026-08-16 15:50,marco.sanchez61@yahoo.com,53.85,2026-04-26 02:01
VY7822,2026-07-17 18:55,pierre_garcia@hotmail.com,75.88,2026-04-02 07:15
VY7824,2026-08-13 16:30,simone.wilson67@gmail.com,99.86,2026-04-30 02:33
VY6105,2026-07-11 17:55,annabernard@hotmail.com,45.70,2026-03-01 15:50
VY6332,2026-06-06 14:10,lmartin@libero.it,88.20,2026-04-28 20:07
VY6334,2026-08-05 15:50,emma_taylor@outlook.com,122.18,2026-05-17 04:50
VY8306,2026-08-05 15:20,mfernandez@proton.me,137.41,2026-03-18 19:30
VY6108,2026-06-19 13:45,carlos.conti70@outlook.com,193.60,2026-02-02 03:21
VY7826,2026-06-09 12:25,giulia_rossi@yahoo.com,168.78,2026-03-13 16:15
VY6109,2026-06-23 15:30,sara.moreau48@libero.it,187.39,2026-03-06 23:23
VY6020,2026-07-18 08:45,marcodevries@proton.me,121.99,2026-06-16 18:26
VY6104,2026-08-09 15:20,sofia_martin@libero.it,222.86,2026-03-25 20:06
VY6105,2026-06-13 17:55,lars.romano25@hotmail.com,167.33,2026-04-11 14:35
VY8317,2026-06-09 16:25,sjones@outlook.com,67.90,2026-02-24 14:20
VY6020,2026-07-12 08:45,lars.gomez51@icloud.com,57.22,2026-03-30 14:10
VY6008,2026-07-17 11:15,anagarcia@hotmail.com,213.52,2026-03-13 11:49
VY6104,2026-08-06 15:20,pablo.devries@libero.it,123.30,2026-03-27 23:13
VY8309,2026-06-15 10:10,lucia.russo16@icloud.com,271.56,2026-05-15 14:16
VY8300,2026-06-28 07:10,lucy.martin@proton.me,36.29,2026-03-24 21:47
VY6330,2026-06-14 07:30,tlopez@gmail.com,50.52,2026-06-01 21:34
VY8300,2026-06-12 07:10,lucy.romano58@proton.me,165.02,2026-05-31 17:40
VY6107,2026-07-06 10:20,sgomez@outlook.com,122.83,2026-06-03 05:48
VY6020,2026-08-21 08:45,miguel.bernard@libero.it,223.75,2026-05-08 20:31
VY6106,2026-08-23 07:55,giulia.romano81@icloud.com,109.34,2026-08-01 02:10
VY6020,2026-07-31 08:45,sararomano@proton.me,67.71,2026-06-11 13:11
VY8309,2026-07-15 10:10,emmaleroy@proton.me,152.73,2026-03-01 05:09
VY8242,2026-08-06 07:25,jan.brown@hotmail.com,220.55,2026-07-15 13:47
VY6338,2026-08-20 16:45,lars.bernard49@gmail.com,193.18,2026-07-05 03:44
VY8312,2026-06-11 11:20,juliengomez@yahoo.com,283.48,2026-03-30 07:09
VY6336,2026-08-29 08:45,sara.martin@yahoo.com,92.91,2026-06-07 03:44
VY8242,2026-06-14 07:25,laura_sanchez@icloud.com,119.31,2026-03-10 04:22
VY8309,2026-06-23 10:10,sara_bernard@hotmail.com,161.99,2026-03-17 06:53
VY7830,2026-06-07 07:00,paolo_sanchez@libero.it,162.86,2026-04-09 06:43
VY7834,2026-08-13 13:20,noor.lopez19@icloud.com,68.34,2026-04-21 10:26
VY6342,2026-06-16 11:30,luca_rossi@yahoo.com,168.22,2026-02-27 18:02
VY8304,2026-07-31 18:10,jmoreau@yahoo.com,272.85,2026-03-30 09:32
VY6334,2026-08-18 16:00,ana_perez@gmail.com,141.23,2026-04-10 06:58
VY6103,2026-06-28 22:05,emmataylor@icloud.com,45.57,2026-05-23 22:30
VY8304,2026-07-17 18:10,martina.dupont32@yahoo.com,274.17,2026-04-20 21:54
VY6104,2026-06-20 15:20,marco.ricci@gmail.com,117.82,2026-06-15 17:12
VY6334,2026-08-02 15:50,chiara.leroy@icloud.com,55.79,2026-03-30 03:16
VY6020,2026-06-04 08:45,sofia_moreau@yahoo.com,279.97,2026-02-10 11:38
VY6330,2026-07-07 07:20,dbakker@gmail.com,59.86,2026-07-05 03:51
VY7824,2026-06-21 16:20,lucyleroy@outlook.com,238.59,2026-03-22 10:15
VY7830,2026-07-17 07:00,prossi@gmail.com,287.73,2026-03-12 08:15
VY7826,2026-08-21 12:25,javierferrari@libero.it,108.35,2026-07-08 19:13
VY8311,2026-06-06 19:25,emma.lopez@libero.it,71.12,2026-04-09 02:39
VY6330,2026-08-03 07:35,alberto.moretti@proton.me,117.52,2026-03-12 17:35
VY6336,2026-08-27 19:55,lars.devries64@icloud.com,88.10,2026-05-15 11:48
VY8311,2026-08-10 19:35,lucia.greco58@gmail.com,46.19,2026-07-29 10:37
VY6110,2026-07-07 14:15,sophie.fernandez@outlook.com,56.63,2026-02-11 13:28
VY6115,2026-06-19 13:25,alberto_leroy@proton.me,54.29,2026-05-26 12:55
VY6342,2026-07-29 11:30,pierre.bernard7@icloud.com,201.42,2026-05-27 08:00
VY7826,2026-08-14 12:25,martina.romano@gmail.com,90.51,2026-04-24 08:45
VY6111,2026-08-25 16:35,martina_bianchi@libero.it,28.16,2026-08-09 12:32
VY8311,2026-07-10 19:35,francesca_brown@proton.me,51.22,2026-02-17 18:17
VY6340,2026-07-09 12:55,simone_leroy@icloud.com,67.53,2026-07-06 22:31
VY6100,2026-06-10 06:30,anna.romano@gmail.com,99.25,2026-06-03 15:57
VY8309,2026-06-02 10:10,ndupont@hotmail.com,177.24,2026-04-13 16:02
VY6108,2026-08-07 13:45,cmartin@icloud.com,143.33,2026-07-03 12:42
VY6020,2026-08-30 08:45,maria.garcia61@icloud.com,207.42,2026-04-02 14:56
VY8242,2026-07-03 07:35,maria_bianchi@proton.me,101.89,2026-02-20 12:53
VY6330,2026-08-18 07:20,laura.leroy9@outlook.com,119.26,2026-05-22 01:08
VY8309,2026-08-02 10:10,anna_wilson@yahoo.com,156.59,2026-04-04 14:26
VY6101,2026-07-28 09:05,luca.jansen@libero.it,81.53,2026-07-01 18:09
VY8311,2026-06-21 19:35,aleroy@outlook.com,208.78,2026-04-28 12:05
VY7834,2026-07-08 14:25,sofia.rossi@outlook.com,90.97,2026-04-07 14:21
VY6018,2026-06-28 09:30,lauralopez@outlook.com,154.59,2026-03-28 08:29
VY6334,2026-08-22 15:50,laura.rossi23@gmail.com,66.07,2026-04-03 08:39
VY6330,2026-06-03 07:30,pablomartin@yahoo.com,170.97,2026-05-05 20:31
VY6332,2026-08-15 14:10,alberto.taylor@gmail.com,86.47,2026-04-02 18:14
VY7832,2026-06-14 10:45,francesca.fernandez48@icloud.com,266.34,2026-04-27 04:11
VY8240,2026-07-10 17:20,laura.wilson69@proton.me,246.66,2026-06-28 21:43
VY6338,2026-06-14 16:45,noorromano@libero.it,76.30,2026-04-04 11:51
VY6008,2026-06-08 10:55,francesca_gomez@yahoo.com,250.35,2026-05-23 05:23
VY6008,2026-07-17 11:15,itinococalero@gmail.com,168.60,2026-04-12 18:31
VY6103,2026-07-24 23:00,psanchez@proton.me,111.23,2026-02-25 02:58
VY6100,2026-06-23 06:30,davide.dupont@outlook.com,100.38,2026-03-18 12:20
VY6100,2026-08-10 06:30,luca_devries@yahoo.com,40.38,2026-05-11 22:53
VY6332,2026-07-10 14:10,emmabrown@hotmail.com,105.25,2026-04-06 22:50
VY6102,2026-06-22 20:50,noor.conti@proton.me,70.71,2026-06-01 10:57
VY6338,2026-06-26 18:55,evalopez@libero.it,187.98,2026-06-08 07:53
VY3003,2026-07-01 15:55,carlos_wilson@yahoo.com,120.81,2026-04-22 09:10
VY7820,2026-06-01 17:35,marco_jansen@proton.me,238.26,2026-03-05 05:10
VY8300,2026-08-29 07:10,pablo_jansen@icloud.com,68.15,2026-07-01 07:23
VY6332,2026-08-13 14:15,cbernard@proton.me,124.62,2026-04-17 03:25
VY8309,2026-08-28 10:10,davidegarcia@yahoo.com,205.88,2026-05-04 17:09
VY6342,2026-08-28 10:55,ljones@proton.me,159.43,2026-05-30 00:41
VY6024,2026-08-13 05:50,lucabakker@yahoo.com,217.00,2026-03-16 05:14
VY8311,2026-07-23 19:35,pablo_brown@hotmail.com,194.70,2026-02-27 07:11
VY6334,2026-06-18 15:55,lucy.ferrari@libero.it,107.96,2026-02-22 18:58
VY8302,2026-07-22 13:05,laura.ferrari50@outlook.com,82.29,2026-03-19 12:54
VY8311,2026-06-22 19:35,lars.rossi22@proton.me,106.56,2026-02-26 18:12
VY6102,2026-08-24 20:50,lucia.jansen@hotmail.com,100.98,2026-07-27 16:16
VY8248,2026-08-29 13:10,james_martinez@yahoo.com,229.32,2026-07-08 03:43
VY6104,2026-07-25 15:20,marco.garcia@proton.me,68.46,2026-03-30 07:08
VY6108,2026-07-08 12:50,oliver_devries@gmail.com,141.12,2026-04-14 17:54
VY6104,2026-08-08 15:20,lucybrown@hotmail.com,45.02,2026-04-14 03:36
VY6342,2026-06-24 11:30,javier.fernandez@hotmail.com,57.90,2026-03-05 21:06
VY6108,2026-08-05 12:50,eva.martin@libero.it,209.00,2026-06-26 03:54
VY6334,2026-08-07 15:50,elena.smith@icloud.com,152.05,2026-04-03 02:02
VY8317,2026-08-11 16:25,noor.bianchi@gmail.com,230.01,2026-06-30 08:12
VY8248,2026-07-30 13:20,mwilson@gmail.com,190.34,2026-04-24 02:33
VY6102,2026-06-01 20:50,simone.jansen@gmail.com,77.84,2026-04-28 10:08
VY7830,2026-07-22 07:00,emmamoreau@proton.me,214.56,2026-04-01 02:30
VY6111,2026-06-02 16:35,miguel.martinez@libero.it,140.43,2026-05-01 22:48
VY6334,2026-06-26 15:50,eva.lopez@proton.me,48.91,2026-05-01 17:48
VY6020,2026-07-30 08:45,lucy_devries@gmail.com,255.22,2026-07-03 20:01
VY6104,2026-06-05 15:20,pierre.lopez@hotmail.com,182.87,2026-04-03 03:22
VY6105,2026-06-03 17:45,andreasanchez@libero.it,219.26,2026-04-14 20:03
VY7832,2026-06-16 10:50,laura_ricci@hotmail.com,45.37,2026-03-25 00:15
VY6336,2026-08-27 19:55,javier.rossi52@gmail.com,97.73,2026-07-31 08:35
VY6342,2026-07-07 11:30,davidebianchi@hotmail.com,57.69,2026-04-26 14:51
VY7830,2026-06-29 07:00,ana_dupont@yahoo.com,241.06,2026-06-02 08:26
VY6110,2026-07-29 17:35,jwilson@gmail.com,166.26,2026-06-25 07:24
VY6108,2026-07-02 12:50,sophie.conti@outlook.com,34.61,2026-03-10 00:18
VY6101,2026-06-03 09:05,alberto_gomez@gmail.com,153.81,2026-03-16 01:18
VY7826,2026-06-06 12:55,pablomoretti@libero.it,70.47,2026-04-16 08:31
VY7820,2026-07-26 18:20,jan.moretti@icloud.com,300.00,2026-05-03 14:03
VY6106,2026-08-14 08:00,annabernard@icloud.com,221.89,2026-06-02 07:46
VY8311,2026-06-05 19:35,sophie_ricci@yahoo.com,266.69,2026-04-02 21:51
VY6107,2026-06-18 10:25,saramoretti@outlook.com,104.85,2026-02-13 08:13
VY8309,2026-06-09 10:10,cjones@yahoo.com,76.83,2026-04-18 02:38
VY6100,2026-06-16 06:30,lmartin@libero.it,164.39,2026-05-01 11:15
VY6107,2026-06-19 18:25,fmartinez@hotmail.com,83.24,2026-05-30 07:00
VY7822,2026-07-17 18:55,francesca.jones11@icloud.com,197.18,2026-06-08 03:54
VY8240,2026-07-20 17:45,ldevries@icloud.com,66.46,2026-05-16 05:16
VY7826,2026-07-27 12:25,laura_rossi@libero.it,160.77,2026-03-29 06:16
VY6105,2026-08-07 14:40,davide.brown63@libero.it,97.64,2026-04-23 01:53
VY6334,2026-07-25 15:50,alopez@yahoo.com,42.11,2026-06-24 02:51
VY6330,2026-08-12 07:30,dfernandez@hotmail.com,195.46,2026-04-03 08:59
VY8248,2026-08-08 13:10,giuliafernandez@yahoo.com,83.91,2026-05-07 16:25
VY8250,2026-07-27 10:50,ana.rossi@libero.it,134.74,2026-05-23 03:12
VY8306,2026-08-06 15:20,laurataylor@proton.me,265.04,2026-03-09 12:47
VY6104,2026-07-10 15:20,fromano@proton.me,71.78,2026-02-23 17:24
VY6338,2026-08-21 18:55,sofia.moreau19@libero.it,199.89,2026-07-24 22:19
VY6109,2026-06-20 14:40,oliver.rossi@proton.me,208.41,2026-04-03 14:30
VY8309,2026-08-05 10:10,anamartinez@libero.it,137.35,2026-05-23 10:43
VY7830,2026-06-13 07:00,pablo.martinez@libero.it,81.78,2026-05-15 16:24
VY6101,2026-06-18 09:05,paolowilson@gmail.com,181.00,2026-03-05 18:25
VY6342,2026-06-28 11:30,pierre.jansen@gmail.com,32.62,2026-06-12 01:29
VY6332,2026-06-06 14:10,pconti@icloud.com,79.32,2026-01-08 13:04
VY8248,2026-07-19 13:25,anna.ricci55@yahoo.com,257.19,2026-03-16 21:37
VY7826,2026-08-03 12:25,miguel.brown@yahoo.com,282.25,2026-06-03 00:43
VY3003,2026-08-21 15:55,carlos.rossi@proton.me,135.64,2026-04-26 17:30
VY6008,2026-07-20 10:55,jamesconti@gmail.com,112.10,2026-05-17 23:27
VY6108,2026-07-30 12:50,luca.leroy95@libero.it,220.53,2026-07-25 16:27
VY6100,2026-07-12 06:40,james.costa@libero.it,70.85,2026-06-21 19:13
VY6102,2026-07-06 20:50,nbianchi@proton.me,78.25,2026-05-31 03:54
VY8240,2026-06-08 17:45,martina_russo@outlook.com,99.48,2026-01-19 03:35
VY6111,2026-06-23 16:35,gmartinez@proton.me,70.77,2026-06-01 13:08
VY6110,2026-06-27 09:50,cbakker@gmail.com,64.59,2026-02-25 12:43
VY6115,2026-08-14 13:25,abrown@libero.it,168.46,2026-03-19 18:21
VY8311,2026-07-30 19:35,julien.russo@gmail.com,240.33,2026-04-10 12:21
VY6102,2026-06-08 20:50,dgarcia@icloud.com,93.85,2026-04-20 21:43
VY6104,2026-08-08 15:20,francesca.jones41@proton.me,19.99,2026-03-24 08:26
VY8309,2026-08-03 10:10,marco.greco59@outlook.com,265.07,2026-06-08 06:45
VY7826,2026-08-16 12:50,mariaricci@libero.it,293.93,2026-04-10 15:21
VY6338,2026-08-01 19:15,lucy.conti@yahoo.com,185.29,2026-07-23 23:55
VY6332,2026-08-19 14:15,francescabianchi@proton.me,153.29,2026-06-24 22:57
VY7830,2026-08-07 07:00,sbakker@libero.it,94.00,2026-06-10 08:13
VY6110,2026-07-07 14:15,mbernard@yahoo.com,89.21,2026-05-28 13:40
VY6115,2026-08-10 15:35,lfernandez@gmail.com,95.73,2026-05-30 05:51
VY6107,2026-06-12 18:25,simone_moretti@outlook.com,93.68,2026-05-29 20:06
VY6115,2026-07-11 16:05,laura.perez@yahoo.com,160.00,2026-06-04 09:52
VY6104,2026-08-07 15:20,ana.bakker@yahoo.com,188.93,2026-07-01 02:53
VY6332,2026-08-31 14:10,annaromano@libero.it,117.66,2026-07-31 21:29
VY8312,2026-08-07 11:15,lucyfernandez@libero.it,127.67,2026-06-06 22:44
VY6109,2026-08-09 15:10,fdupont@yahoo.com,102.46,2026-07-18 00:15
VY6330,2026-06-02 07:20,noor_sanchez@icloud.com,38.30,2026-01-27 10:38
VY6018,2026-07-24 09:20,fjansen@yahoo.com,166.17,2026-06-29 15:09
VY6020,2026-07-24 08:45,giulia_brown@proton.me,64.36,2026-03-09 03:20
VY6100,2026-08-16 06:40,elenagomez@libero.it,123.28,2026-03-19 12:55
VY8304,2026-08-23 18:10,martina.leroy@gmail.com,67.39,2026-07-08 17:35
VY6108,2026-06-12 13:45,luca_ferrari@yahoo.com,141.67,2026-05-20 20:29
VY6105,2026-07-04 17:55,luca_conti@hotmail.com,212.02,2026-07-04 10:36
VY6105,2026-06-13 17:55,eva.conti@libero.it,142.75,2026-01-31 06:17
VY8248,2026-06-04 13:20,pablo.romano46@outlook.com,67.68,2026-04-10 08:42
VY6338,2026-08-07 18:55,ana.brown@yahoo.com,131.22,2026-06-03 10:31
VY6026,2026-08-02 21:20,emmamoretti@libero.it,151.52,2026-03-18 15:16
VY8311,2026-07-05 19:35,lucia.moreau20@proton.me,178.44,2026-02-25 00:25
VY6103,2026-07-10 23:00,elena_greco@hotmail.com,107.52,2026-05-08 20:43
VY8300,2026-06-07 07:10,sophie.dupont@hotmail.com,109.40,2026-03-13 23:01
VY6106,2026-08-31 07:50,lucy.romano@icloud.com,76.06,2026-07-31 02:17
VY7834,2026-07-03 13:20,paolotaylor@yahoo.com,228.74,2026-02-12 04:42
VY6334,2026-08-28 15:50,migueljansen@yahoo.com,156.93,2026-04-13 22:12
VY6105,2026-06-01 17:55,emma.bianchi93@libero.it,164.90,2026-04-30 13:31
VY8311,2026-08-12 19:35,sofia_leroy@yahoo.com,97.14,2026-04-17 14:07
VY6107,2026-06-26 18:25,chiara.martin53@proton.me,214.88,2026-04-29 08:45
VY7830,2026-06-09 07:00,sara.ferrari96@icloud.com,198.32,2026-04-09 04:50
VY6026,2026-08-26 21:30,carlos_jansen@libero.it,172.68,2026-05-09 23:58
VY7830,2026-08-03 07:00,laura.bakker@libero.it,276.86,2026-04-22 06:21
VY8302,2026-07-10 13:05,lars.costa@icloud.com,215.71,2026-05-08 13:23
VY8250,2026-07-12 10:50,andrea_smith@yahoo.com,250.73,2026-02-28 03:39
VY6336,2026-08-29 08:45,annabakker@proton.me,32.11,2026-07-16 21:38
VY8242,2026-07-21 07:25,tom.dupont@libero.it,227.70,2026-05-07 21:55
VY6110,2026-07-29 17:35,luca_bakker@proton.me,133.46,2026-05-11 21:03
VY6108,2026-07-16 12:50,sofia.russo1@libero.it,28.06,2026-03-21 02:31
VY8302,2026-06-18 13:05,chiaraconti@hotmail.com,126.77,2026-02-27 21:53
VY6106,2026-06-12 08:00,miguel.smith39@hotmail.com,198.78,2026-04-09 00:30
VY8250,2026-08-23 10:50,martina.martinez18@libero.it,74.52,2026-07-26 20:08
VY6103,2026-07-10 23:00,tbianchi@hotmail.com,31.80,2026-05-21 19:48
VY6340,2026-08-09 12:55,erusso@icloud.com,76.61,2026-06-19 21:13
VY6020,2026-07-17 08:45,francesca.garcia@proton.me,253.23,2026-04-24 20:13
VY6101,2026-06-03 09:05,scosta@icloud.com,47.17,2026-05-30 11:50
VY6334,2026-08-08 15:50,albertosanchez@libero.it,23.92,2026-05-28 00:45
VY8306,2026-07-18 15:10,pierrecosta@hotmail.com,75.93,2026-06-19 06:26
VY6330,2026-08-06 07:30,laurawilson@outlook.com,161.40,2026-03-30 12:19
VY8240,2026-06-11 17:30,giulia.ricci@proton.me,50.78,2026-04-23 13:03
VY8240,2026-06-05 17:20,alberto_jansen@hotmail.com,115.12,2026-04-07 09:59
VY7830,2026-07-31 07:00,lucia.sanchez@outlook.com,41.00,2026-04-28 22:38
VY8311,2026-06-04 19:35,james.dupont@hotmail.com,34.20,2026-03-14 13:17
VY6342,2026-06-18 11:30,paolo_costa@proton.me,69.34,2026-03-25 02:23
VY6338,2026-08-20 16:45,larsricci@libero.it,44.66,2026-05-19 16:56
VY7822,2026-06-26 18:55,elenabianchi@outlook.com,88.26,2026-05-30 14:15
VY6024,2026-08-06 05:50,lucyperez@icloud.com,147.52,2026-03-19 10:29
VY7832,2026-08-07 10:50,julien_taylor@yahoo.com,68.90,2026-04-21 17:05
VY8248,2026-08-23 13:25,james_jones@proton.me,113.53,2026-07-24 00:21
VY6342,2026-06-03 11:30,saraleroy@libero.it,50.06,2026-05-01 02:28
VY6107,2026-08-16 10:40,mgomez@icloud.com,106.76,2026-04-07 08:30
VY8242,2026-08-13 07:25,ana_romano@libero.it,118.69,2026-06-22 02:25
VY8240,2026-06-01 17:45,larsdupont@yahoo.com,233.10,2026-02-05 01:00
VY8309,2026-08-06 10:10,pierremartin@yahoo.com,94.28,2026-06-10 08:36
VY6338,2026-08-26 16:45,pablo.greco@libero.it,53.36,2026-08-12 20:30
VY6008,2026-07-03 11:15,jperez@icloud.com,212.10,2026-04-11 08:30
VY8248,2026-06-28 13:25,emma.martinez@icloud.com,94.93,2026-06-26 02:11
VY6020,2026-08-01 08:45,francesca_moretti@icloud.com,302.70,2026-03-05 04:59
VY6020,2026-06-20 08:45,miguelgarcia@libero.it,249.94,2026-04-13 02:08
VY6334,2026-08-07 15:50,javierdevries@outlook.com,97.50,2026-04-07 13:19
VY7830,2026-07-24 07:00,ataylor@libero.it,169.73,2026-05-13 06:41
VY8306,2026-07-27 15:10,miguel_russo@outlook.com,73.98,2026-04-09 07:41
VY3003,2026-08-07 15:55,giulia.russo@outlook.com,265.95,2026-07-13 03:31
VY8250,2026-06-24 10:50,paolo.greco95@proton.me,199.87,2026-06-21 10:00
VY6020,2026-08-06 08:45,amartin@outlook.com,50.48,2026-03-14 17:53
VY6102,2026-06-23 18:55,luca.russo70@gmail.com,38.72,2026-02-04 15:54
VY8306,2026-07-18 15:10,sophiejones@yahoo.com,257.52,2026-07-18 08:09
VY7830,2026-08-01 07:00,elena.jansen@outlook.com,117.66,2026-04-24 09:04
VY7830,2026-06-10 07:00,elena.smith@icloud.com,288.72,2026-05-21 11:39
VY7828,2026-06-14 19:40,maria.taylor86@icloud.com,81.95,2026-04-28 22:13
VY8248,2026-08-16 13:25,davide.bakker@proton.me,99.44,2026-06-07 21:43
VY6330,2026-06-01 07:35,fdevries@proton.me,190.03,2026-04-24 21:26
VY6020,2026-06-07 08:45,jgarcia@yahoo.com,62.73,2026-03-28 04:40
VY6111,2026-06-30 16:35,annagarcia@hotmail.com,122.79,2026-03-16 20:45
VY8300,2026-07-10 07:10,sophie_brown@libero.it,173.03,2026-03-05 13:36
VY6340,2026-07-10 09:55,pierresmith@proton.me,124.79,2026-05-14 11:50
VY8317,2026-06-02 16:25,sofia.smith18@hotmail.com,124.04,2026-04-29 13:22
VY7832,2026-06-14 10:45,sophiebianchi@gmail.com,260.22,2026-02-27 03:32
VY8302,2026-08-30 13:15,davide.bianchi@libero.it,204.26,2026-08-23 14:48
VY8242,2026-07-25 07:25,davidegarcia@gmail.com,50.22,2026-06-15 07:16
VY8309,2026-06-02 10:10,carlos.perez68@hotmail.com,182.51,2026-04-25 04:40
VY8302,2026-07-09 13:05,maria.bianchi@icloud.com,215.94,2026-07-06 03:58
VY6103,2026-08-09 22:05,simone.greco92@icloud.com,53.69,2026-04-30 08:22
VY6105,2026-07-17 14:40,larsbrown@hotmail.com,81.19,2026-06-07 06:35
VY6340,2026-07-28 12:55,amoreau@hotmail.com,31.40,2026-03-06 17:02
VY8242,2026-06-30 07:25,davidemoretti@yahoo.com,175.30,2026-03-25 02:22
VY3003,2026-06-10 15:55,tom.martinez@gmail.com,69.03,2026-03-17 15:40
VY8240,2026-06-20 17:20,lauramoretti@yahoo.com,168.25,2026-04-02 10:45
VY3003,2026-06-08 15:55,sara.bernard12@gmail.com,345.72,2026-01-15 00:53
VY6336,2026-07-04 08:45,miguelperez@libero.it,169.34,2026-02-26 02:25
VY6105,2026-08-02 17:55,mrossi@hotmail.com,42.44,2026-03-27 14:23
VY6332,2026-07-25 14:10,simone.ferrari@libero.it,176.30,2026-06-14 09:27
VY6109,2026-06-22 17:15,noor_conti@libero.it,205.86,2026-05-16 19:05
VY6110,2026-07-19 17:45,davide.ricci@libero.it,207.54,2026-06-16 07:27
VY7834,2026-08-12 14:25,oliverrusso@proton.me,213.96,2026-07-24 09:49
VY7834,2026-08-21 13:20,simone.bernard22@outlook.com,122.94,2026-07-29 22:14
VY6107,2026-06-07 10:40,simone.dupont61@proton.me,78.20,2026-05-16 08:29
VY8311,2026-08-21 19:35,lsmith@hotmail.com,151.67,2026-07-21 01:04
VY8312,2026-08-20 11:20,jsmith@icloud.com,193.34,2026-04-29 23:48
VY6340,2026-07-12 12:55,sara_perez@gmail.com,77.45,2026-07-01 17:14
VY8242,2026-06-15 07:30,asanchez@libero.it,219.15,2026-05-05 13:05
VY8248,2026-06-09 12:45,chiara.martinez@hotmail.com,107.05,2026-01-23 22:39
VY8246,2026-08-11 19:45,olopez@gmail.com,125.17,2026-07-26 09:24
VY6336,2026-06-26 21:25,pablo.bernard@icloud.com,107.68,2026-02-26 16:45
VY7834,2026-08-12 14:25,pablo.bianchi@proton.me,143.20,2026-05-12 00:55
VY6105,2026-08-03 17:55,andrea.dupont@yahoo.com,104.91,2026-06-19 15:46
VY8317,2026-08-21 16:20,julien.martinez@hotmail.com,220.12,2026-04-09 09:38
VY7830,2026-07-03 07:00,jamesjansen@libero.it,290.83,2026-05-13 19:34
VY8309,2026-07-11 10:10,laura_ferrari@icloud.com,125.57,2026-04-03 09:35
VY8250,2026-06-14 10:50,sbakker@proton.me,109.59,2026-03-25 10:41
VY8306,2026-06-30 15:10,mdevries@libero.it,68.16,2026-03-18 06:37
VY6344,2026-08-31 08:35,eva_gomez@hotmail.com,122.48,2026-07-13 18:51
VY6018,2026-06-21 09:30,davide.rossi39@icloud.com,134.73,2026-01-25 09:07
VY6334,2026-08-16 15:50,ssmith@icloud.com,186.69,2026-04-22 02:24
VY6110,2026-08-31 14:00,davide_martinez@outlook.com,170.95,2026-07-16 23:33
VY6340,2026-07-21 12:55,paolo.ferrari@libero.it,100.06,2026-03-31 16:37
VY6109,2026-06-02 15:30,erusso@icloud.com,146.02,2026-01-25 15:42
VY6103,2026-07-24 23:00,simone.greco@outlook.com,187.95,2026-04-08 16:46
VY6107,2026-08-20 10:25,miguelrossi@icloud.com,112.17,2026-04-23 20:27
VY7826,2026-06-27 12:55,pierre.rossi@gmail.com,108.24,2026-04-09 23:12
VY3003,2026-06-03 15:55,jan_bernard@hotmail.com,84.57,2026-01-21 16:17
VY3003,2026-06-23 15:55,agarcia@libero.it,210.99,2026-03-15 14:04
VY8242,2026-06-17 07:25,paolo_fernandez@gmail.com,117.00,2026-05-07 18:11
VY6102,2026-07-29 19:25,jan.lopez@gmail.com,137.87,2026-05-24 02:15
VY6107,2026-07-11 10:30,eva_bakker@hotmail.com,31.12,2026-06-02 09:51
VY8306,2026-06-03 15:20,sofiamartinez@yahoo.com,216.00,2026-02-06 18:40
VY8250,2026-06-19 10:50,saradupont@libero.it,146.00,2026-03-15 02:08
VY8302,2026-06-03 13:05,elena.russo19@yahoo.com,196.52,2026-05-08 09:36
VY8248,2026-08-23 13:25,pjansen@gmail.com,62.42,2026-05-23 07:00
VY8312,2026-07-16 11:20,janmoretti@outlook.com,270.76,2026-03-30 22:24
VY7820,2026-06-28 18:20,luca.russo44@hotmail.com,30.85,2026-02-02 21:42
VY6100,2026-07-28 06:30,elena.lopez@icloud.com,136.28,2026-03-16 07:14
VY8302,2026-06-03 13:05,pablorossi@outlook.com,168.54,2026-04-09 01:58
VY8306,2026-06-08 15:10,laura_ferrari@libero.it,225.20,2026-04-01 06:40
VY8302,2026-06-28 13:15,lauradupont@libero.it,156.24,2026-03-08 20:50
VY7832,2026-08-19 10:50,lmartinez@hotmail.com,269.99,2026-05-11 07:13
VY6342,2026-08-22 11:20,pricci@outlook.com,106.94,2026-06-14 00:41
VY6105,2026-07-23 17:55,luca_conti@hotmail.com,101.27,2026-07-07 03:45
VY6108,2026-06-28 12:50,giulia.russo24@hotmail.com,151.01,2026-02-13 01:25
VY8300,2026-08-14 07:10,davide.garcia@gmail.com,75.11,2026-06-19 09:47
VY8317,2026-06-30 16:25,jan_taylor@gmail.com,211.52,2026-05-07 01:49
VY6100,2026-07-07 06:30,emma.fernandez@icloud.com,76.48,2026-05-13 02:55
VY6342,2026-08-23 11:30,jan.lopez@proton.me,145.39,2026-05-04 00:38
VY7830,2026-07-17 07:00,martina.martinez77@icloud.com,176.10,2026-04-01 03:53
VY8240,2026-07-06 17:45,marco.bakker60@outlook.com,74.24,2026-07-01 20:55
VY6109,2026-08-18 15:30,anna.moretti@hotmail.com,209.98,2026-04-03 23:28
VY6332,2026-06-09 14:10,sofia_brown@proton.me,175.12,2026-03-24 05:50
VY8242,2026-06-30 07:25,oliver.wilson@proton.me,133.34,2026-04-14 08:56
VY6026,2026-07-05 21:20,marco.garcia14@proton.me,280.78,2026-05-09 19:28
VY6101,2026-08-04 09:05,davide.moreau@libero.it,164.61,2026-07-13 02:19
VY6342,2026-08-21 10:55,lucy.ferrari34@libero.it,38.61,2026-08-10 07:52
VY8311,2026-07-27 19:35,simone.russo17@proton.me,232.63,2026-06-14 14:58
VY7824,2026-06-14 16:20,elenaconti@icloud.com,243.34,2026-02-28 19:52
VY7834,2026-07-15 14:25,sophie.ferrari34@libero.it,219.91,2026-04-23 14:55
VY6110,2026-06-08 14:00,pablo.fernandez@hotmail.com,100.29,2026-04-06 16:19
VY6340,2026-06-06 12:55,oliverrusso@proton.me,64.84,2026-02-07 00:43
VY7830,2026-07-26 07:00,simone_moretti@gmail.com,239.68,2026-05-06 21:15
VY6332,2026-08-25 14:10,noorlopez@gmail.com,53.51,2026-05-18 23:15
VY6102,2026-06-26 20:30,maria.devries@outlook.com,111.89,2026-01-30 00:24
VY6109,2026-06-02 15:30,lars.devries46@gmail.com,197.87,2026-05-25 23:48
VY8317,2026-08-26 16:20,noor.jones66@gmail.com,170.32,2026-07-03 11:55
VY6334,2026-07-11 15:50,albertolopez@hotmail.com,66.81,2026-04-04 15:51
VY6109,2026-06-17 14:45,paolocosta@gmail.com,143.49,2026-02-10 22:18
VY6332,2026-06-21 14:10,andrea.greco13@outlook.com,50.41,2026-01-25 05:55
VY7832,2026-08-22 10:50,sophie.perez89@hotmail.com,204.63,2026-05-13 22:44
VY6336,2026-06-20 08:45,tom.perez@outlook.com,49.69,2026-04-07 10:07
VY8317,2026-07-17 16:20,ana.bernard@outlook.com,266.30,2026-04-29 18:05
VY6332,2026-06-18 14:15,albertobernard@yahoo.com,83.57,2026-06-14 16:45
VY6110,2026-08-22 09:50,jromano@proton.me,42.72,2026-08-19 14:28
VY6101,2026-06-24 09:05,tom_moreau@icloud.com,111.50,2026-06-19 14:22
VY7832,2026-06-16 10:50,anna.devries63@icloud.com,242.07,2026-05-22 00:59
VY6346,2026-06-25 08:55,sofia.martin91@icloud.com,141.70,2026-02-28 08:03
VY6109,2026-08-12 14:45,lars.perez@outlook.com,162.80,2026-04-11 11:28
VY6108,2026-07-09 12:50,gsanchez@yahoo.com,197.87,2026-06-03 01:19
VY6020,2026-06-20 08:45,emma_taylor@hotmail.com,229.89,2026-03-15 12:39
VY8300,2026-08-30 07:10,luciadupont@gmail.com,251.02,2026-06-01 20:45
VY6107,2026-07-24 18:25,simone.romano45@gmail.com,125.75,2026-06-23 04:35
VY6344,2026-08-31 08:35,maria_conti@icloud.com,31.13,2026-07-24 17:52
VY6104,2026-08-01 15:20,simone.bianchi28@proton.me,56.73,2026-07-16 06:20
VY6107,2026-07-26 10:40,marcobianchi@yahoo.com,48.94,2026-07-24 21:18
VY7830,2026-08-22 07:00,emmagarcia@hotmail.com,115.69,2026-04-01 02:55
VY6340,2026-07-25 12:55,ssanchez@hotmail.com,189.51,2026-07-16 20:56
VY6108,2026-07-08 12:50,lmartinez@libero.it,210.97,2026-05-03 03:12
VY6107,2026-08-21 18:25,lucia.greco26@yahoo.com,90.09,2026-07-01 10:17
VY7824,2026-06-08 16:20,francesca.leroy@outlook.com,120.59,2026-02-09 23:09
VY8242,2026-07-20 07:30,adevries@hotmail.com,125.77,2026-04-19 17:08
VY6110,2026-06-03 17:35,carlosricci@icloud.com,198.98,2026-02-16 14:47
VY6104,2026-07-18 15:20,miguel.garcia@hotmail.com,100.87,2026-02-24 06:17
VY6107,2026-08-15 10:30,emma.moreau@yahoo.com,177.01,2026-08-02 08:27
VY6342,2026-07-26 11:30,sara_russo@libero.it,37.44,2026-03-24 13:09
VY6332,2026-07-18 14:10,olivergarcia@yahoo.com,152.57,2026-05-26 22:01
VY7834,2026-07-29 14:25,laura.russo@outlook.com,125.25,2026-07-27 22:46
VY6020,2026-07-27 08:45,jrossi@hotmail.com,271.80,2026-05-25 02:39
VY6103,2026-06-05 23:00,pierre.moreau70@proton.me,206.04,2026-02-02 17:08
VY8311,2026-07-27 19:35,giuliamartinez@outlook.com,212.01,2026-06-26 06:26
VY8306,2026-07-18 15:10,tom_costa@hotmail.com,222.48,2026-03-18 23:52
VY6108,2026-07-05 12:50,alberto.garcia4@hotmail.com,155.97,2026-06-07 22:24
VY8240,2026-06-11 17:30,martinabianchi@hotmail.com,148.82,2026-03-26 15:49
VY7832,2026-08-22 10:50,noor_lopez@hotmail.com,225.45,2026-07-12 23:18
VY3003,2026-07-18 15:55,annadevries@yahoo.com,60.67,2026-04-18 19:09
VY8248,2026-08-13 13:20,james_brown@libero.it,198.72,2026-05-05 10:22
VY6026,2026-06-17 21:30,jan.romano75@icloud.com,196.05,2026-02-03 13:22
VY6008,2026-07-28 11:25,sophie.russo@hotmail.com,251.02,2026-07-20 12:15
VY6340,2026-08-27 12:55,prusso@proton.me,145.77,2026-06-28 13:05
VY8302,2026-08-31 13:05,andrea.devries98@icloud.com,132.27,2026-06-28 10:03
VY6110,2026-07-29 17:35,martina_brown@icloud.com,198.99,2026-05-08 13:51
VY7824,2026-06-19 16:25,anajones@gmail.com,86.10,2026-04-07 09:13
VY6336,2026-07-25 08:45,carlos.taylor1@proton.me,34.60,2026-07-01 02:43
VY6346,2026-07-09 08:55,larsjansen@icloud.com,133.86,2026-04-13 03:12
VY8250,2026-08-17 10:50,adevries@proton.me,133.64,2026-03-27 05:59
VY6332,2026-06-07 14:10,elena.jansen@icloud.com,122.22,2026-01-26 05:04
VY7832,2026-07-21 10:50,sofia.ferrari21@gmail.com,118.43,2026-05-08 02:26
VY6334,2026-07-20 15:50,sara.greco@icloud.com,134.99,2026-03-14 06:25
VY8317,2026-07-14 16:25,lucia.dupont26@proton.me,279.58,2026-07-07 15:04
VY6342,2026-06-06 11:20,sara.sanchez@proton.me,49.31,2026-03-13 13:22
VY6107,2026-08-28 18:25,lucia_ricci@gmail.com,138.75,2026-08-19 07:21
VY6105,2026-08-22 17:55,paolo_bianchi@outlook.com,141.65,2026-06-13 18:53
VY6105,2026-07-31 14:40,sara_rossi@icloud.com,94.02,2026-06-03 13:41
VY6332,2026-08-20 14:15,sbrown@libero.it,95.97,2026-08-15 20:45
VY7832,2026-06-12 10:50,elena.taylor79@yahoo.com,148.43,2026-05-08 07:22
VY8250,2026-06-19 10:50,marco_sanchez@icloud.com,112.92,2026-04-20 03:45
VY6340,2026-06-05 09:55,saragarcia@yahoo.com,198.56,2026-04-03 08:51
VY6330,2026-06-05 07:30,miguel.jansen@libero.it,82.58,2026-04-03 22:22
VY6342,2026-06-08 06:55,staylor@libero.it,43.91,2026-04-16 15:10
VY8242,2026-06-29 07:30,lars.taylor35@libero.it,247.13,2026-04-15 11:15
VY6342,2026-07-21 11:30,oliverdupont@outlook.com,108.88,2026-04-06 12:51
VY6109,2026-08-18 15:30,davide.perez@outlook.com,214.89,2026-03-30 09:23
VY6108,2026-08-05 12:50,luca_dupont@hotmail.com,116.56,2026-07-07 12:19
VY6103,2026-06-28 22:05,orossi@hotmail.com,182.87,2026-04-18 02:41
VY6020,2026-06-05 08:45,lucy.bianchi70@gmail.com,92.09,2026-02-14 15:42
VY6102,2026-08-24 20:50,giulia_bernard@hotmail.com,152.23,2026-06-18 02:37
VY6106,2026-08-21 08:00,francesca.perez87@proton.me,113.46,2026-08-07 04:25
VY6105,2026-08-27 17:55,anabrown@outlook.com,129.97,2026-04-04 01:39
VY7820,2026-08-24 17:35,eva_martin@hotmail.com,42.15,2026-06-15 15:20
VY6334,2026-06-04 15:55,marco_russo@libero.it,134.57,2026-03-31 19:04
VY6100,2026-07-01 06:30,martina.rossi@yahoo.com,196.84,2026-03-09 16:29
VY6105,2026-07-15 17:45,chiara_dupont@yahoo.com,152.64,2026-04-02 16:08
VY8309,2026-08-29 10:10,olivergarcia@outlook.com,42.80,2026-06-20 01:15
VY6332,2026-08-21 14:10,jcosta@icloud.com,130.02,2026-07-22 18:08
VY6104,2026-06-30 15:20,julien.rossi87@icloud.com,36.35,2026-06-14 17:04
VY6020,2026-08-07 08:45,martina.russo@outlook.com,41.12,2026-07-11 06:13
VY6336,2026-06-19 21:25,albertotaylor@gmail.com,81.04,2026-03-05 18:44
VY8248,2026-07-01 13:50,james.martin@outlook.com,164.15,2026-03-18 17:27
VY6332,2026-07-05 14:10,pablo_leroy@libero.it,37.90,2026-06-29 10:32
VY6346,2026-08-13 08:55,lucacosta@hotmail.com,164.75,2026-05-17 02:31
VY7832,2026-08-11 10:50,noor_romano@libero.it,296.67,2026-07-23 03:14
VY7830,2026-07-10 07:00,james_costa@hotmail.com,173.12,2026-02-25 05:22
VY6104,2026-06-30 15:20,pierre.leroy99@outlook.com,83.58,2026-04-16 07:59
VY6336,2026-07-12 21:10,lucia.smith11@icloud.com,88.63,2026-05-12 06:24
VY6336,2026-07-17 21:25,martinaleroy@icloud.com,34.71,2026-03-16 02:11
VY6008,2026-08-17 10:55,luciacosta@icloud.com,251.11,2026-04-02 03:06
VY7826,2026-06-25 12:25,lucia_conti@hotmail.com,246.19,2026-05-26 09:59
VY6026,2026-07-29 21:30,ana.russo54@proton.me,267.07,2026-06-13 07:30
VY8306,2026-07-22 15:20,luca.moreau@libero.it,213.49,2026-06-27 10:25
VY8309,2026-06-16 10:10,asmith@libero.it,279.54,2026-01-31 21:13
VY6024,2026-07-23 05:50,paolo.perez@libero.it,95.31,2026-04-27 19:13
VY6330,2026-08-26 07:30,amartin@libero.it,87.69,2026-05-13 11:02
VY7830,2026-06-13 07:00,maria_taylor@icloud.com,235.41,2026-01-13 14:55
VY6334,2026-07-05 15:50,noor.perez76@proton.me,146.85,2026-04-14 01:39
VY3003,2026-06-09 15:55,lromano@yahoo.com,111.21,2026-05-27 21:22
VY6101,2026-07-01 09:05,pablo.jones67@icloud.com,105.24,2026-05-26 07:13
VY6020,2026-08-22 08:45,tdupont@outlook.com,193.48,2026-06-11 03:38
VY6334,2026-08-22 15:50,paolo.bakker30@outlook.com,61.14,2026-06-16 20:02
VY6104,2026-06-09 15:20,luca_taylor@proton.me,71.19,2026-04-27 14:42
VY8312,2026-06-19 11:15,tromano@icloud.com,38.53,2026-06-13 00:02
VY6116,2026-06-12 10:55,edevries@yahoo.com,187.01,2026-05-14 12:10
VY6109,2026-06-08 17:15,chiara.perez@yahoo.com,204.86,2026-05-10 05:24
VY6020,2026-06-15 08:45,andrea.fernandez89@gmail.com,166.95,2026-02-03 10:56
VY6628,2026-07-10 21:50,luca.moretti@outlook.com,63.73,2026-02-27 11:38
VY6107,2026-06-13 10:30,jjansen@proton.me,147.43,2026-04-17 13:18
VY6332,2026-06-18 14:15,chiaraconti@gmail.com,155.16,2026-04-28 17:19
VY7830,2026-07-11 07:00,luca.jones89@icloud.com,52.38,2026-05-18 08:49
VY8302,2026-07-06 13:05,javiertaylor@yahoo.com,189.11,2026-04-07 21:32
VY6107,2026-08-02 10:40,eva.jansen@outlook.com,126.02,2026-04-23 15:18
VY8242,2026-06-11 07:25,jsanchez@gmail.com,253.89,2026-03-29 17:57
VY6340,2026-06-17 12:55,mfernandez@proton.me,105.94,2026-05-19 01:11
VY6336,2026-08-15 08:45,econti@gmail.com,184.42,2026-06-16 08:27
VY6108,2026-07-23 12:50,martina.jones52@gmail.com,174.66,2026-05-02 23:25
VY7832,2026-06-26 10:50,luciasanchez@icloud.com,160.20,2026-06-15 01:22
VY6020,2026-06-20 08:45,eva.rossi@proton.me,238.08,2026-03-28 04:07
VY7826,2026-07-06 12:25,sara.conti27@icloud.com,60.96,2026-04-06 19:21
VY6334,2026-06-19 15:50,tom.leroy21@yahoo.com,210.67,2026-03-09 17:36
VY7824,2026-07-09 16:30,giulia.gomez@icloud.com,95.36,2026-07-06 14:36
VY6101,2026-07-08 09:05,sophiemoretti@gmail.com,175.05,2026-04-27 00:04
VY8306,2026-06-26 15:10,carlos.moreau95@proton.me,228.86,2026-03-21 18:45
VY6334,2026-06-08 15:50,eva.ricci@libero.it,37.00,2026-02-22 15:50
VY6334,2026-07-25 15:50,noor.perez3@yahoo.com,164.69,2026-05-07 05:23
VY6344,2026-07-13 08:35,tomjones@hotmail.com,56.52,2026-02-15 17:11
VY7832,2026-07-23 10:55,frossi@yahoo.com,105.22,2026-03-08 18:40
VY6008,2026-08-11 11:25,mgomez@yahoo.com,174.97,2026-06-14 17:24
VY6342,2026-07-15 11:30,chiararusso@outlook.com,129.36,2026-04-21 06:39
VY7830,2026-08-21 07:00,james_conti@proton.me,289.82,2026-07-31 02:35
VY7828,2026-06-22 19:00,anna.moreau@yahoo.com,49.10,2026-03-09 09:13
VY6342,2026-08-04 11:30,pgomez@icloud.com,125.98,2026-08-03 02:46
VY8302,2026-07-17 13:05,james.conti@gmail.com,114.22,2026-04-25 22:20
VY6115,2026-07-10 13:25,emartinez@proton.me,162.01,2026-07-07 07:52
VY6108,2026-08-31 11:10,lars_jansen@hotmail.com,53.34,2026-04-27 05:30
VY6108,2026-07-08 12:50,emma_conti@yahoo.com,20.23,2026-04-23 12:51
VY6104,2026-07-23 15:20,davide.conti78@hotmail.com,148.48,2026-03-11 18:07
VY6332,2026-07-13 14:10,jrossi@outlook.com,59.05,2026-06-09 08:37
VY8311,2026-06-14 19:35,laura.lopez@icloud.com,160.07,2026-06-13 09:51
VY6344,2026-07-13 08:35,andrea_smith@outlook.com,77.05,2026-03-15 13:25
VY6018,2026-07-03 09:20,alberto.romano94@yahoo.com,210.35,2026-04-23 23:28
VY6101,2026-07-29 09:05,lauraferrari@gmail.com,184.46,2026-03-07 15:24
VY6336,2026-08-07 21:25,lromano@yahoo.com,57.70,2026-03-16 18:17
VY6115,2026-07-24 13:25,james.lopez@proton.me,179.98,2026-05-14 13:30
VY6109,2026-06-22 17:15,james.wilson1@gmail.com,215.28,2026-05-16 13:05
VY6109,2026-08-23 15:10,james_bernard@proton.me,212.18,2026-05-03 01:28
VY6104,2026-06-11 15:20,sofia.martin67@icloud.com,70.83,2026-03-04 16:50
VY8242,2026-06-08 07:30,efernandez@icloud.com,234.86,2026-04-26 10:37
VY6115,2026-07-11 16:05,albertomoretti@gmail.com,126.90,2026-06-10 22:08
VY6106,2026-08-21 08:00,pabloricci@hotmail.com,96.91,2026-05-24 08:33
VY6100,2026-07-06 06:30,davide.conti@icloud.com,64.17,2026-07-04 00:02
VY6105,2026-06-29 17:55,marco.ricci@libero.it,96.60,2026-04-26 00:57
VY8304,2026-06-26 18:10,sromano@icloud.com,194.46,2026-04-23 09:30
VY8311,2026-07-29 19:35,daviderossi@libero.it,142.85,2026-03-12 16:33
VY6332,2026-08-08 14:10,elena.bianchi@yahoo.com,61.14,2026-07-18 00:17
VY6334,2026-06-09 16:00,giulia.bernard87@libero.it,178.11,2026-04-20 19:21
VY8248,2026-06-16 12:45,miguel.jones@gmail.com,235.89,2026-03-14 20:45
VY6101,2026-06-19 09:05,martina_bianchi@outlook.com,189.12,2026-04-12 06:54
VY7832,2026-08-04 10:50,srusso@icloud.com,164.87,2026-08-04 01:33
VY6101,2026-08-18 09:05,chiara.martinez@outlook.com,164.47,2026-04-22 06:58
VY3003,2026-06-30 15:55,davidedevries@yahoo.com,231.28,2026-05-18 15:42
VY7832,2026-08-18 10:50,cmartin@libero.it,224.68,2026-06-30 11:02
VY8240,2026-06-27 17:20,lauradupont@yahoo.com,62.83,2026-04-08 04:06
VY7832,2026-06-25 10:55,davide_smith@hotmail.com,218.35,2026-02-19 23:18
VY6332,2026-08-17 14:10,mariagreco@libero.it,144.96,2026-08-07 19:46
VY6103,2026-07-10 23:00,noor.greco96@gmail.com,98.69,2026-04-28 16:39
VY6115,2026-07-18 16:05,elenaconti@hotmail.com,174.93,2026-03-21 08:03
VY6105,2026-06-13 17:55,luca.bernard@libero.it,114.88,2026-01-20 05:13
VY6008,2026-07-04 12:15,annamoretti@yahoo.com,260.75,2026-03-18 20:54
VY8302,2026-06-29 13:05,sromano@libero.it,73.99,2026-06-23 22:14
VY6108,2026-07-08 12:50,james.costa52@gmail.com,114.88,2026-04-03 17:29
VY8250,2026-08-31 10:50,alberto_gomez@hotmail.com,235.56,2026-04-24 07:24
VY6107,2026-07-26 10:40,larslopez@outlook.com,30.39,2026-05-10 14:56
VY6109,2026-08-01 14:40,mleroy@hotmail.com,98.32,2026-07-09 04:50
VY8300,2026-06-16 07:10,lucyferrari@proton.me,152.18,2026-04-26 01:51
VY6102,2026-06-19 20:30,daviderossi@yahoo.com,115.18,2026-05-10 22:55
VY8246,2026-06-09 19:45,francescamoreau@proton.me,138.33,2026-04-16 04:03
VY6111,2026-08-25 16:35,jtaylor@icloud.com,37.67,2026-07-22 03:46
VY6105,2026-07-07 17:55,javier.gomez31@yahoo.com,128.61,2026-02-07 17:41
VY6336,2026-07-02 19:55,sophiegarcia@gmail.com,107.67,2026-03-23 17:14
VY6115,2026-06-20 16:05,alberto.garcia37@hotmail.com,78.22,2026-03-13 19:54
VY8304,2026-08-02 18:10,miguel.costa@hotmail.com,234.71,2026-04-17 13:00
VY6110,2026-08-15 09:50,miguelleroy@yahoo.com,43.96,2026-07-20 12:55
VY6108,2026-06-12 13:45,miguel.jones@yahoo.com,137.29,2026-02-16 13:14
VY8302,2026-07-10 13:05,james_fernandez@yahoo.com,99.99,2026-03-16 20:42
VY6111,2026-06-10 22:05,chiara.garcia1@libero.it,188.90,2026-01-25 09:10
VY6100,2026-07-26 06:40,simone.martin@proton.me,76.18,2026-03-31 17:37
VY8248,2026-07-16 13:20,anna.costa@icloud.com,125.74,2026-04-13 04:53
VY6018,2026-06-26 09:20,lucy_moretti@gmail.com,79.35,2026-06-21 19:00
VY8309,2026-07-04 10:10,chiaragreco@libero.it,219.73,2026-03-25 02:59
VY8250,2026-06-14 10:50,pierre_bakker@icloud.com,171.20,2026-04-04 23:21
VY8242,2026-07-13 07:30,paolo.brown@yahoo.com,34.49,2026-07-04 02:52
VY6338,2026-08-26 16:45,julien.perez@proton.me,137.54,2026-05-16 16:34
VY6008,2026-08-25 11:25,lucy_ricci@proton.me,144.47,2026-07-06 17:09
VY6008,2026-08-14 11:15,pablo.gomez56@libero.it,104.03,2026-05-10 16:45
VY7832,2026-08-04 10:50,javier.costa37@gmail.com,240.41,2026-07-23 15:25
VY6106,2026-07-09 07:50,simone.ricci82@gmail.com,70.34,2026-06-05 23:33
VY7824,2026-06-21 16:20,tom_perez@proton.me,97.47,2026-04-26 13:41
VY7826,2026-07-13 12:25,james.bakker@yahoo.com,194.58,2026-04-19 19:01
VY6110,2026-07-02 20:00,oliverlopez@libero.it,93.43,2026-05-25 05:06
VY7826,2026-07-07 12:25,oliver.greco@outlook.com,95.00,2026-02-11 09:45
VY6110,2026-08-09 17:45,simone_rossi@icloud.com,218.89,2026-05-27 07:17
VY8309,2026-06-16 10:10,tgreco@outlook.com,192.66,2026-03-02 09:22
VY8300,2026-07-06 07:10,pablo_lopez@yahoo.com,261.89,2026-06-05 03:45
VY6338,2026-06-17 16:45,sgomez@icloud.com,187.24,2026-03-06 23:19
VY6628,2026-06-26 21:50,jan_conti@hotmail.com,117.54,2026-05-29 23:54
VY6330,2026-06-22 07:35,mmartinez@yahoo.com,181.81,2026-02-23 21:43
VY6020,2026-06-01 08:45,pbrown@hotmail.com,174.81,2026-02-02 12:34
VY6108,2026-07-09 12:50,noor_ferrari@libero.it,54.65,2026-05-13 08:11
VY6107,2026-07-09 10:25,james.costa12@gmail.com,210.33,2026-05-07 04:49
VY8309,2026-08-09 10:10,lwilson@yahoo.com,190.38,2026-05-01 16:38
VY6008,2026-08-07 11:15,tomferrari@icloud.com,264.86,2026-06-17 01:07
VY6340,2026-07-13 12:55,javier.devries@proton.me,110.75,2026-03-22 05:05
VY8309,2026-07-27 10:10,andrea.rossi@libero.it,252.37,2026-06-17 02:41
VY7830,2026-08-03 07:00,lucia_dupont@gmail.com,143.58,2026-04-04 18:56
VY6110,2026-08-06 20:00,martina.jansen@yahoo.com,181.78,2026-03-22 21:59
VY6116,2026-08-15 22:05,nmoretti@hotmail.com,109.14,2026-08-05 10:40
VY7824,2026-08-13 16:30,elena.perez22@hotmail.com,61.17,2026-06-06 21:42
VY8242,2026-08-01 07:25,paolo.bernard@hotmail.com,112.09,2026-03-31 01:09
VY6026,2026-08-23 21:20,martina.bernard58@icloud.com,229.27,2026-06-18 11:02
VY8304,2026-06-26 18:10,giulia_sanchez@yahoo.com,188.15,2026-05-20 01:52
VY6109,2026-08-06 16:30,ljansen@libero.it,89.71,2026-06-26 21:50
VY8248,2026-06-28 13:25,tom.wilson50@libero.it,68.10,2026-05-27 08:47
VY6107,2026-06-22 10:20,marco_dupont@libero.it,25.47,2026-04-06 05:43
VY7834,2026-08-21 13:20,maria.romano65@icloud.com,301.44,2026-07-09 01:39
VY6100,2026-07-06 06:30,javier.jansen@libero.it,106.72,2026-05-23 14:00
VY3003,2026-08-28 15:55,emma.ricci@libero.it,54.40,2026-07-07 08:46
VY6115,2026-06-19 13:25,larstaylor@yahoo.com,94.97,2026-06-15 13:31
VY6104,2026-08-01 15:20,emma_greco@proton.me,33.07,2026-05-08 23:16
VY6020,2026-06-08 08:45,pierredupont@libero.it,288.89,2026-01-13 16:30
VY6104,2026-08-27 15:20,emma.greco@libero.it,150.26,2026-05-03 10:18
VY6111,2026-06-18 21:45,saralopez@icloud.com,177.48,2026-05-16 05:26
VY8242,2026-08-11 07:25,andrea.lopez@hotmail.com,159.96,2026-03-27 06:05
VY8306,2026-06-08 15:10,oliver.martin@icloud.com,147.20,2026-01-09 08:32
VY8304,2026-07-10 18:10,srossi@icloud.com,246.17,2026-03-18 21:58
VY8302,2026-06-26 13:05,tom.moretti39@proton.me,152.68,2026-02-16 21:33
VY8302,2026-07-20 13:05,martinarusso@hotmail.com,91.78,2026-02-26 20:46
VY6332,2026-06-01 14:10,jferrari@libero.it,89.47,2026-01-31 23:00
VY8250,2026-06-29 10:50,evamoreau@proton.me,55.35,2026-04-02 14:07
VY3003,2026-06-10 15:55,lars.jansen14@icloud.com,273.07,2026-02-02 06:35
VY8306,2026-06-20 15:10,miguelleroy@icloud.com,172.44,2026-05-11 08:21
VY8248,2026-08-01 13:10,lucia.gomez93@outlook.com,71.13,2026-04-01 16:32
VY6101,2026-08-27 09:05,lucy.bernard94@proton.me,83.89,2026-06-10 21:56
VY6109,2026-08-09 15:10,lrossi@gmail.com,84.34,2026-03-18 02:22
VY6330,2026-08-31 07:35,emmarossi@outlook.com,100.81,2026-07-26 16:46
VY7826,2026-08-01 12:55,alberto.leroy49@icloud.com,224.01,2026-04-28 12:35
VY6346,2026-07-23 08:55,emmarusso@outlook.com,164.41,2026-03-16 18:01
VY6340,2026-07-01 12:55,ffernandez@outlook.com,163.72,2026-03-03 11:06
VY8300,2026-06-27 07:10,anna.dupont69@hotmail.com,286.03,2026-06-12 04:07
VY6340,2026-08-26 12:55,luciamoreau@icloud.com,74.95,2026-08-08 02:06
VY6102,2026-06-28 19:35,eva.gomez85@icloud.com,140.02,2026-03-08 12:15
VY6108,2026-07-20 11:10,jwilson@libero.it,190.59,2026-06-15 08:15
VY8306,2026-08-22 15:10,anna.lopez87@yahoo.com,83.74,2026-06-25 00:47
VY6020,2026-07-27 08:45,alberto.brown@proton.me,228.05,2026-06-26 12:19
VY6020,2026-07-20 08:45,alberto.bianchi65@proton.me,57.41,2026-04-16 08:09
VY6330,2026-07-21 07:20,chiara_greco@outlook.com,115.09,2026-07-03 08:16
VY3003,2026-08-14 15:55,lgomez@proton.me,205.11,2026-03-21 01:16
VY8248,2026-06-26 18:55,andrea_martinez@yahoo.com,140.41,2026-05-18 22:34
VY6105,2026-07-12 17:55,trossi@gmail.com,132.86,2026-03-24 17:30
VY7820,2026-06-01 17:35,jangreco@proton.me,93.07,2026-03-27 09:58
VY6105,2026-08-16 17:55,marialopez@gmail.com,136.77,2026-03-22 13:43
VY3003,2026-06-03 15:55,sofia.ferrari42@outlook.com,212.84,2026-05-24 11:21
VY6101,2026-08-01 09:05,pablo.gomez@outlook.com,63.00,2026-04-15 00:51
VY6628,2026-08-21 21:50,pbrown@hotmail.com,275.66,2026-05-17 21:22
VY6108,2026-07-08 12:50,noor_bakker@gmail.com,68.46,2026-06-07 10:39
VY3003,2026-06-15 15:55,sperez@outlook.com,269.62,2026-02-09 16:17
VY8306,2026-06-20 15:10,noor.russo@gmail.com,288.99,2026-03-19 23:54
VY8302,2026-07-06 13:05,lmoreau@proton.me,235.98,2026-06-11 01:42
VY7824,2026-07-31 16:25,francesca.taylor@yahoo.com,122.66,2026-07-09 19:44
VY7822,2026-08-07 18:55,marcogarcia@outlook.com,205.69,2026-07-02 11:44
VY8300,2026-08-05 07:10,tsmith@proton.me,144.63,2026-06-12 07:28
VY7832,2026-06-15 10:35,javiersmith@gmail.com,141.55,2026-02-03 05:48
VY8250,2026-07-17 10:50,jan.rossi4@gmail.com,72.99,2026-04-13 02:11
VY8242,2026-08-23 07:25,eva_brown@libero.it,139.03,2026-07-17 18:23
VY7828,2026-07-19 19:40,lferrari@hotmail.com,72.81,2026-04-21 12:35
VY6026,2026-07-09 17:45,mmartin@yahoo.com,265.64,2026-06-04 21:54
VY6115,2026-06-12 13:25,laura_garcia@outlook.com,89.55,2026-05-18 21:54
VY6020,2026-08-15 08:45,miguel.martin@outlook.com,283.98,2026-07-24 09:39
VY6344,2026-06-22 08:35,simone_costa@icloud.com,72.87,2026-04-05 21:50
VY6104,2026-07-24 15:20,davide_costa@libero.it,217.80,2026-06-21 04:53
VY8302,2026-08-27 13:05,lauramartinez@libero.it,253.68,2026-05-20 17:02
VY6342,2026-06-04 11:30,jamesjansen@libero.it,173.31,2026-02-23 01:30
VY8312,2026-08-21 11:15,julien.greco@libero.it,242.29,2026-04-28 04:46
VY6100,2026-06-27 06:30,jdupont@proton.me,155.50,2026-04-01 19:33
VY8242,2026-07-22 07:25,aleroy@libero.it,125.58,2026-04-25 15:09
VY6334,2026-06-03 15:50,elena.russo71@outlook.com,195.49,2026-04-06 00:57
VY3003,2026-08-21 15:55,noor_martinez@outlook.com,146.72,2026-04-02 13:00
VY8300,2026-06-14 07:10,sofiaconti@icloud.com,242.51,2026-06-10 00:24
VY6332,2026-08-20 14:15,sophiefernandez@yahoo.com,113.79,2026-04-06 02:41
VY6108,2026-06-15 11:10,evaricci@yahoo.com,39.13,2026-04-18 13:01
VY6334,2026-06-05 15:50,ljones@yahoo.com,207.60,2026-03-22 02:53
VY6110,2026-06-13 09:50,lucy_lopez@icloud.com,165.25,2026-05-25 01:05
VY6106,2026-08-30 07:55,agomez@proton.me,41.91,2026-07-26 03:25
VY7826,2026-06-15 12:25,sofia.ferrari29@outlook.com,206.43,2026-04-27 04:32
VY6342,2026-08-23 11:30,pablo.devries19@proton.me,100.73,2026-03-26 14:21
VY7834,2026-07-01 14:25,jsanchez@yahoo.com,30.04,2026-04-12 22:19
VY8304,2026-08-16 18:10,anna.taylor@hotmail.com,67.41,2026-04-22 14:06
VY7826,2026-08-18 12:25,ataylor@proton.me,268.33,2026-04-20 22:48
VY8309,2026-06-28 10:10,omoreau@hotmail.com,82.77,2026-03-28 02:15
VY8300,2026-06-06 07:10,emma_taylor@yahoo.com,201.01,2026-03-26 07:24
VY8242,2026-07-10 07:35,paolofernandez@icloud.com,176.09,2026-04-10 05:35
VY6106,2026-07-17 08:00,oliver_greco@hotmail.com,67.61,2026-05-10 04:11
VY6340,2026-07-27 12:55,paolo.romano@icloud.com,125.69,2026-04-21 11:17
VY6332,2026-06-09 14:10,lucia.moreau@yahoo.com,48.74,2026-03-08 19:27
VY6008,2026-07-31 11:15,mmoreau@libero.it,252.27,2026-03-06 19:13
VY8240,2026-08-24 17:45,paolo.martin@libero.it,34.92,2026-08-17 21:24
VY6103,2026-07-12 22:05,emma.devries7@hotmail.com,190.02,2026-04-15 10:50
VY6340,2026-08-05 12:55,jan.perez52@proton.me,202.54,2026-06-25 06:20
VY6108,2026-08-16 12:50,eva.perez30@proton.me,58.82,2026-07-25 02:28
VY7826,2026-06-29 12:25,omoretti@outlook.com,64.23,2026-03-18 01:46
VY6111,2026-06-25 21:45,davidegomez@yahoo.com,195.03,2026-03-31 06:48
VY6104,2026-06-02 15:20,tom_gomez@outlook.com,48.05,2026-01-23 16:39
VY8309,2026-07-08 10:10,miguelwilson@libero.it,183.35,2026-06-15 07:25
VY6336,2026-07-02 19:55,tom.ricci@yahoo.com,119.80,2026-03-26 16:01
VY8242,2026-06-22 07:30,emmarossi@proton.me,121.55,2026-02-02 02:48
VY8300,2026-08-05 07:10,pablo.garcia2@outlook.com,279.63,2026-06-08 16:29
VY8304,2026-08-30 18:10,laura_jones@icloud.com,38.62,2026-05-10 04:35
VY8302,2026-07-08 13:05,dleroy@yahoo.com,198.61,2026-03-30 13:49
VY6100,2026-07-05 06:40,andrea.fernandez18@proton.me,211.05,2026-04-14 13:18
VY8250,2026-08-17 10:50,pbakker@icloud.com,248.82,2026-04-01 16:42
VY6101,2026-06-30 09:05,sophie_devries@proton.me,50.63,2026-05-02 09:43
VY8248,2026-06-05 18:55,giulia_greco@libero.it,131.94,2026-02-14 16:45
VY6020,2026-06-06 08:45,sofia.ferrari93@icloud.com,275.43,2026-04-30 06:02
VY6104,2026-06-24 15:20,cbrown@yahoo.com,217.14,2026-02-19 01:35
VY6102,2026-07-20 20:50,noor_jones@libero.it,160.47,2026-05-22 01:59
VY6109,2026-07-25 14:40,sofia.romano@icloud.com,79.34,2026-07-11 15:52
VY3003,2026-06-06 15:55,javier.moreau@libero.it,208.27,2026-04-18 08:17
VY8311,2026-08-26 19:35,fleroy@libero.it,152.37,2026-08-04 16:10
VY8300,2026-07-15 07:10,javier.fernandez56@hotmail.com,64.52,2026-06-20 21:48
VY8242,2026-06-09 07:25,chiara.bernard@icloud.com,68.50,2026-04-11 19:44
VY6346,2026-06-25 08:55,davide.russo@icloud.com,28.23,2026-02-03 07:12
VY8309,2026-06-02 10:10,davidewilson@outlook.com,30.85,2026-05-25 15:34
VY6107,2026-07-30 10:25,maria_ricci@outlook.com,143.27,2026-06-04 23:19
VY8309,2026-08-23 10:10,martina.rossi@icloud.com,150.07,2026-07-08 18:01
VY6100,2026-08-23 06:40,sofia_costa@icloud.com,222.68,2026-06-04 21:34
VY7832,2026-06-16 10:50,anna_devries@proton.me,276.95,2026-05-07 14:52
VY6008,2026-07-07 11:25,pierresmith@proton.me,252.64,2026-02-16 09:04
VY6338,2026-07-16 16:45,james_leroy@gmail.com,56.11,2026-04-16 14:47
VY6332,2026-08-19 14:15,eva_conti@libero.it,121.67,2026-05-28 21:39
VY8240,2026-06-19 17:20,abrown@gmail.com,86.59,2026-04-30 07:40
VY6332,2026-07-16 14:15,francesca.martin64@proton.me,20.83,2026-02-22 22:36
VY6105,2026-08-03 17:55,lucy_taylor@icloud.com,164.37,2026-07-24 11:50
VY8242,2026-06-17 07:25,lucy.brown25@icloud.com,177.96,2026-02-01 07:22
VY6338,2026-06-05 18:55,lars_wilson@yahoo.com,178.30,2026-02-13 19:23
VY6008,2026-08-03 10:55,sophie.fernandez@libero.it,229.12,2026-07-08 20:44
VY6102,2026-06-19 20:30,francesca.lopez@yahoo.com,124.45,2026-06-16 18:31
VY6008,2026-06-01 10:55,sophie.smith@outlook.com,280.67,2026-03-09 05:31
VY8300,2026-06-14 07:10,lucy.lopez84@hotmail.com,187.03,2026-04-08 17:27
VY6340,2026-08-04 12:55,laura.moreau63@icloud.com,29.82,2026-04-30 04:02
VY6102,2026-06-01 20:50,sophie.ferrari@gmail.com,147.82,2026-02-07 16:08
VY6108,2026-06-15 11:10,aperez@yahoo.com,204.31,2026-04-29 17:50
VY6109,2026-07-20 17:15,elena.brown@icloud.com,87.33,2026-05-15 13:27
VY6342,2026-08-19 11:30,paolo.russo@proton.me,109.03,2026-08-09 20:00
VY8309,2026-07-07 10:10,davidedevries@hotmail.com,83.02,2026-06-20 02:43
VY3003,2026-07-26 15:55,pablo.perez@icloud.com,282.23,2026-03-20 09:06
VY6108,2026-06-02 12:55,simone.lopez@hotmail.com,211.21,2026-03-30 07:33
VY8302,2026-07-06 13:05,lbernard@gmail.com,67.44,2026-06-20 05:54
VY6332,2026-08-21 14:10,ana.garcia71@gmail.com,109.85,2026-04-08 04:35
VY6111,2026-06-10 22:05,ana.perez42@gmail.com,159.67,2026-01-25 21:26
VY6020,2026-06-14 08:45,sara_moreau@gmail.com,280.29,2026-06-12 20:45
VY8312,2026-08-20 11:20,giulia_moretti@libero.it,91.14,2026-03-28 18:16
VY7830,2026-07-07 07:00,oliver.ricci33@libero.it,111.59,2026-03-13 07:45
VY7820,2026-07-12 18:20,davide.sanchez19@libero.it,169.35,2026-03-18 00:24
VY6628,2026-08-07 21:50,giuliajones@gmail.com,87.93,2026-06-03 16:27
VY7832,2026-07-13 10:35,slopez@hotmail.com,150.43,2026-05-15 22:27
VY7826,2026-07-13 12:25,abernard@outlook.com,230.93,2026-04-04 22:02
VY7826,2026-08-07 12:25,davide_taylor@proton.me,172.67,2026-06-19 18:13
VY8248,2026-08-11 12:45,maria_jansen@libero.it,206.59,2026-05-25 06:20
VY6334,2026-07-12 15:50,pablobernard@libero.it,83.71,2026-03-29 14:38
VY8311,2026-07-06 19:35,pablobrown@yahoo.com,270.78,2026-03-15 18:51
VY6104,2026-08-09 15:20,laura.garcia53@hotmail.com,164.59,2026-04-28 20:30
VY8242,2026-06-24 07:25,lars.perez@libero.it,220.00,2026-02-19 20:46
VY3003,2026-06-09 15:55,chiarabernard@libero.it,278.58,2026-06-07 14:34
VY6102,2026-06-14 19:35,jromano@yahoo.com,212.53,2026-05-29 07:56
VY6105,2026-08-05 17:45,maria.martinez@icloud.com,56.31,2026-03-15 11:48
VY6100,2026-08-25 06:30,emma.fernandez@libero.it,142.38,2026-04-05 10:00
VY8306,2026-08-28 15:10,fjansen@outlook.com,68.23,2026-08-18 10:14
VY6105,2026-08-11 17:55,jdevries@libero.it,31.49,2026-05-11 03:18
VY6026,2026-07-23 17:45,javier.garcia80@libero.it,123.78,2026-07-02 06:41
VY6105,2026-07-07 17:55,tom.fernandez11@icloud.com,201.17,2026-05-17 21:35
VY8240,2026-08-14 17:20,julien.lopez66@icloud.com,142.75,2026-04-30 11:57
VY6340,2026-08-24 12:55,pierre.fernandez40@hotmail.com,192.26,2026-07-13 11:14
VY6336,2026-07-10 21:25,annagreco@proton.me,81.64,2026-03-15 00:20
VY3003,2026-08-26 15:55,ltaylor@hotmail.com,237.93,2026-08-22 06:31
VY8302,2026-06-04 13:05,nwilson@libero.it,206.17,2026-02-28 02:42
VY7830,2026-07-03 07:00,oliver.martin@hotmail.com,66.62,2026-04-27 13:48
VY6338,2026-08-25 20:50,elena.rossi@outlook.com,152.09,2026-06-05 03:53
VY8311,2026-06-07 19:35,chiara.wilson@libero.it,69.97,2026-01-12 11:46
VY6008,2026-06-02 11:25,simone.moretti@icloud.com,230.12,2026-05-15 06:48
VY7830,2026-06-12 07:00,chiararossi@outlook.com,42.68,2026-05-23 01:55
VY8317,2026-06-05 16:20,laura_fernandez@libero.it,213.60,2026-01-21 09:50
VY8302,2026-06-18 13:05,noorrossi@outlook.com,155.56,2026-06-02 22:54
VY6026,2026-06-25 17:45,andrea.lopez24@proton.me,72.88,2026-05-07 19:38
VY6107,2026-06-22 10:20,noormoretti@hotmail.com,59.07,2026-04-07 14:54
VY6332,2026-06-24 14:15,julienmartin@gmail.com,179.25,2026-02-09 13:34
VY6109,2026-06-06 14:40,aferrari@gmail.com,34.53,2026-05-21 18:52
VY8302,2026-08-09 13:15,andrea.romano34@hotmail.com,201.60,2026-05-08 14:32
VY6342,2026-07-04 11:20,oliverbernard@outlook.com,159.93,2026-02-27 01:32
VY8306,2026-07-25 15:10,sbernard@proton.me,78.30,2026-04-12 00:14
VY6026,2026-08-23 21:20,cleroy@proton.me,153.43,2026-05-17 08:19
VY8311,2026-07-29 19:35,javiergarcia@outlook.com,67.67,2026-04-08 21:38
VY6332,2026-06-09 14:10,giuliajansen@yahoo.com,25.34,2026-04-01 03:58
VY8306,2026-08-17 15:10,oliverjones@hotmail.com,277.30,2026-06-20 08:39
VY6106,2026-08-31 07:50,jamesricci@outlook.com,154.98,2026-08-04 05:30
VY6342,2026-07-19 11:30,lucy.moretti21@libero.it,202.36,2026-04-03 20:30
VY7828,2026-06-29 19:00,lars.martin44@proton.me,217.32,2026-05-28 23:52
VY7832,2026-08-04 10:50,martinasmith@outlook.com,265.12,2026-04-05 08:49
VY7834,2026-08-28 13:20,james_leroy@yahoo.com,117.30,2026-06-08 16:22
VY6104,2026-07-24 15:20,sophie_fernandez@outlook.com,186.04,2026-06-22 04:30
VY8242,2026-08-16 07:25,ntaylor@proton.me,214.70,2026-04-18 07:05
VY7824,2026-06-14 16:20,eferrari@proton.me,195.39,2026-02-09 01:42
VY6101,2026-06-19 09:05,sarajansen@libero.it,178.78,2026-05-13 21:11
VY6020,2026-06-01 08:45,emma.bernard63@icloud.com,127.04,2026-01-28 15:36
VY6342,2026-08-22 11:20,elena.martin@libero.it,127.29,2026-07-04 15:42
VY6104,2026-08-22 15:20,francesca.jones@yahoo.com,68.17,2026-06-11 07:30
VY6340,2026-06-25 12:55,lferrari@proton.me,57.32,2026-06-17 16:14
VY6102,2026-08-24 20:50,martina.gomez@yahoo.com,221.75,2026-05-19 03:40
VY6336,2026-07-12 21:10,carlos.bernard@gmail.com,77.17,2026-03-18 12:00
VY6342,2026-08-21 10:55,fgreco@libero.it,82.87,2026-07-16 00:02
VY7832,2026-07-01 10:50,jan_romano@gmail.com,137.57,2026-06-22 14:32
VY6342,2026-08-22 11:20,andrea.garcia@icloud.com,121.11,2026-07-19 20:16
VY6338,2026-06-15 16:45,chiara.jones@hotmail.com,192.67,2026-03-15 05:24
VY6109,2026-07-08 14:45,cmoreau@outlook.com,133.64,2026-03-28 16:36
VY6340,2026-06-11 12:55,giuliabianchi@hotmail.com,169.95,2026-04-14 05:52
VY6111,2026-06-04 21:45,jbernard@gmail.com,37.05,2026-04-26 17:13
VY7826,2026-07-18 12:55,luca.lopez@outlook.com,240.39,2026-04-02 19:51
VY8306,2026-06-22 15:10,dconti@outlook.com,173.09,2026-06-01 20:14
VY6026,2026-06-14 21:20,davideconti@proton.me,185.08,2026-04-03 12:45
VY6107,2026-06-19 18:25,julien.brown16@hotmail.com,171.06,2026-04-30 07:28
VY6026,2026-06-03 21:30,jrusso@proton.me,161.36,2026-01-23 09:17
VY6332,2026-06-10 14:15,lucymoreau@icloud.com,166.34,2026-04-19 19:28
VY8248,2026-08-16 13:25,julien.lopez@yahoo.com,96.59,2026-06-18 18:29
VY8309,2026-06-02 10:10,fperez@hotmail.com,81.91,2026-03-09 03:39
VY8300,2026-07-27 07:10,tomleroy@gmail.com,231.60,2026-03-26 13:32
VY8309,2026-07-28 10:10,marco.dupont1@hotmail.com,51.02,2026-07-20 15:07
VY6104,2026-07-06 15:20,pmoretti@libero.it,177.26,2026-06-12 13:57
VY6338,2026-08-21 18:55,luca.taylor16@outlook.com,88.29,2026-08-16 09:06
VY6338,2026-06-25 16:45,giuliataylor@gmail.com,114.31,2026-05-04 12:47
VY8242,2026-06-11 07:25,emma_dupont@hotmail.com,43.39,2026-01-13 08:50
VY6334,2026-06-06 15:50,frossi@hotmail.com,152.70,2026-05-21 03:07
VY6104,2026-08-17 15:20,luca.costa9@libero.it,112.21,2026-08-13 20:23
VY6107,2026-06-27 10:30,emmawilson@libero.it,163.16,2026-04-20 09:48
VY7832,2026-07-12 10:45,agreco@proton.me,260.59,2026-06-30 15:52
VY6109,2026-06-22 17:15,davide_devries@outlook.com,171.14,2026-04-10 06:10
VY6336,2026-07-05 21:10,jan.perez82@hotmail.com,142.70,2026-02-14 04:01
VY6330,2026-06-17 07:30,ocosta@yahoo.com,128.19,2026-03-20 22:21
VY6342,2026-08-30 11:30,smoretti@proton.me,104.36,2026-07-26 00:31
VY8242,2026-07-21 07:25,maria_ricci@libero.it,219.12,2026-07-10 20:53
VY6338,2026-08-17 16:45,pmoreau@gmail.com,166.34,2026-03-24 11:53
VY7828,2026-08-16 19:40,lars.russo@yahoo.com,140.48,2026-04-10 02:38
VY6340,2026-08-27 12:55,anna.jansen15@libero.it,131.80,2026-06-29 15:10
VY8309,2026-08-18 10:10,miguel.sanchez74@libero.it,236.68,2026-05-08 17:28
VY6346,2026-07-09 08:55,simonegarcia@libero.it,157.97,2026-05-12 12:14
VY7830,2026-06-01 07:00,andreafernandez@proton.me,282.59,2026-05-04 15:51
VY6111,2026-07-08 22:05,giulia.rossi@outlook.com,80.27,2026-06-14 16:04
VY6340,2026-06-18 12:55,ejones@gmail.com,178.96,2026-06-01 04:27
VY6342,2026-08-05 11:30,aricci@libero.it,130.94,2026-05-02 05:11
VY6330,2026-07-28 07:20,srossi@proton.me,135.53,2026-07-19 16:00
VY6104,2026-08-14 15:20,sofia.costa@hotmail.com,101.68,2026-07-20 01:36
VY6334,2026-06-04 15:55,evaferrari@libero.it,205.25,2026-05-13 00:39
VY6115,2026-08-17 15:35,asanchez@gmail.com,174.02,2026-04-23 02:48
VY6101,2026-07-01 09:05,luciarusso@icloud.com,90.74,2026-03-08 02:26
VY6026,2026-08-20 17:45,noor.martinez60@libero.it,208.52,2026-04-13 03:41
VY7824,2026-07-23 16:30,efernandez@outlook.com,145.15,2026-07-11 07:53
VY7832,2026-08-24 10:35,annajones@proton.me,161.21,2026-08-14 00:57
VY6342,2026-06-08 06:55,javier.gomez@yahoo.com,59.42,2026-06-06 18:06
VY6101,2026-06-18 09:05,martina.leroy@gmail.com,74.92,2026-01-19 17:51
VY6100,2026-06-16 06:30,osmith@gmail.com,56.12,2026-01-23 06:02
VY8309,2026-08-06 10:10,jbianchi@icloud.com,169.31,2026-03-20 06:44
VY8317,2026-08-05 16:20,jamesbrown@outlook.com,132.85,2026-05-29 18:58
VY6105,2026-06-11 17:55,martina.costa70@icloud.com,22.69,2026-04-24 20:43
VY6338,2026-06-25 16:45,elenagreco@outlook.com,118.81,2026-05-08 22:19
VY6104,2026-06-14 15:20,sara.conti@icloud.com,88.36,2026-03-06 14:57
VY6116,2026-08-01 22:05,pierrewilson@outlook.com,78.03,2026-05-16 17:45
VY8306,2026-08-01 15:10,evawilson@libero.it,152.94,2026-07-07 09:46
VY7826,2026-06-12 12:25,andrearomano@libero.it,259.84,2026-05-25 20:53
VY8242,2026-08-10 07:30,sara.gomez@proton.me,124.29,2026-06-13 23:04
VY6103,2026-06-30 21:25,sperez@icloud.com,172.68,2026-03-27 08:57
VY6102,2026-08-28 20:30,lars.martin@hotmail.com,188.42,2026-07-19 12:52
VY6336,2026-07-26 21:10,maria.gomez@yahoo.com,21.54,2026-07-04 22:13
VY8311,2026-06-26 19:35,eva.ricci42@proton.me,131.81,2026-03-31 09:42
VY8248,2026-08-28 18:55,carlos.jansen@libero.it,134.94,2026-03-30 20:20
VY8248,2026-07-16 13:20,emma.bakker35@icloud.com,250.88,2026-06-30 04:40
VY6115,2026-07-18 16:05,laurasmith@proton.me,76.78,2026-04-27 08:29
VY6108,2026-07-02 12:50,lauragomez@proton.me,126.36,2026-04-25 17:23
VY7830,2026-08-12 07:00,jan_lopez@icloud.com,214.66,2026-05-11 08:26
VY8242,2026-06-17 07:25,pablo.ricci82@outlook.com,58.29,2026-04-03 11:10
VY6105,2026-08-22 17:55,ebakker@icloud.com,153.62,2026-06-21 05:25
VY6100,2026-07-03 06:30,miguelrossi@proton.me,55.39,2026-04-30 03:06
VY6340,2026-08-27 12:55,econti@outlook.com,69.87,2026-04-08 18:03
VY6106,2026-06-26 08:00,james.jones50@gmail.com,33.52,2026-02-20 12:54
VY6105,2026-06-13 17:55,andrea_dupont@icloud.com,58.41,2026-05-31 16:01
VY7832,2026-06-26 10:50,sara.rossi15@icloud.com,61.28,2026-03-10 04:48
VY6340,2026-08-07 09:55,emma.bakker71@proton.me,72.97,2026-06-09 02:16
VY8309,2026-06-23 10:10,francesca_lopez@gmail.com,71.27,2026-04-03 03:00
VY7832,2026-08-29 10:50,paolosanchez@outlook.com,77.82,2026-06-20 19:43
VY7832,2026-07-13 10:35,marco.sanchez86@hotmail.com,204.57,2026-05-18 02:29
VY8248,2026-07-24 18:55,pwilson@libero.it,229.88,2026-04-01 12:41
VY6100,2026-07-12 06:40,francesca.rossi70@outlook.com,116.61,2026-04-04 10:52
VY8309,2026-08-22 10:10,giulia_jansen@hotmail.com,203.19,2026-04-09 23:50
VY7826,2026-08-18 12:25,francescamartinez@outlook.com,148.26,2026-07-12 14:21
VY8309,2026-06-30 10:10,james_rossi@outlook.com,118.50,2026-04-17 02:46
VY6020,2026-07-31 08:45,sofia.smith@hotmail.com,221.36,2026-07-25 20:09
VY6110,2026-07-11 09:50,sofia.sanchez35@yahoo.com,175.52,2026-06-18 20:34
VY8317,2026-07-15 16:20,lars.leroy@hotmail.com,67.56,2026-02-15 19:47
VY6100,2026-07-05 06:40,sara_dupont@yahoo.com,29.73,2026-05-26 04:01
VY3003,2026-07-12 15:55,javier.sanchez53@outlook.com,79.49,2026-03-23 07:00
VY6332,2026-07-19 14:10,jmartin@hotmail.com,41.07,2026-07-05 19:29
VY8248,2026-08-23 13:25,andrea.ferrari@yahoo.com,58.56,2026-07-03 17:40
VY8302,2026-08-16 13:15,davideperez@icloud.com,232.92,2026-04-19 19:27
VY6346,2026-08-27 08:55,emma_conti@icloud.com,61.95,2026-06-05 03:06
VY8248,2026-08-23 13:25,carlos.sanchez78@icloud.com,35.12,2026-08-10 22:16
VY8312,2026-08-13 11:20,pierre_martinez@proton.me,99.07,2026-06-29 13:13
VY6111,2026-06-04 21:45,lleroy@icloud.com,35.92,2026-06-04 12:16
VY6342,2026-07-21 11:30,sofia_leroy@libero.it,163.51,2026-03-23 14:57
VY6342,2026-08-18 11:30,noorwilson@proton.me,165.59,2026-04-05 22:20
VY7834,2026-06-04 13:20,lucia.brown49@yahoo.com,90.86,2026-03-02 04:13
VY8248,2026-06-03 13:50,mariadevries@libero.it,94.90,2026-05-30 07:23
VY6008,2026-08-14 11:15,mdupont@hotmail.com,110.92,2026-08-10 03:18
VY3003,2026-08-06 15:55,sara.sanchez@yahoo.com,190.46,2026-04-10 11:29
VY6100,2026-07-06 06:30,alberto.ferrari77@yahoo.com,34.54,2026-03-29 09:35
VY6110,2026-08-16 17:45,anna_lopez@outlook.com,126.39,2026-04-16 15:23
VY8300,2026-06-02 07:10,giulia_conti@yahoo.com,280.31,2026-01-09 23:07
VY6332,2026-06-03 14:15,jan.martin@proton.me,103.15,2026-02-06 02:36
VY6106,2026-07-19 07:55,noor_bianchi@libero.it,147.47,2026-03-16 18:07
VY7820,2026-08-09 18:20,martina.perez93@outlook.com,179.67,2026-07-01 05:59
VY8242,2026-06-14 07:25,sophie.bianchi6@gmail.com,196.90,2026-03-07 23:00
VY8309,2026-08-29 10:10,maria_jones@yahoo.com,64.29,2026-07-10 20:19
VY8317,2026-08-25 16:25,jamesleroy@hotmail.com,93.38,2026-07-15 15:09
VY6109,2026-08-25 15:30,simone_leroy@libero.it,227.05,2026-04-21 12:25
VY8311,2026-07-05 19:35,anna.moretti86@icloud.com,256.97,2026-04-30 01:00
VY6106,2026-06-15 07:50,emmaleroy@outlook.com,163.08,2026-01-15 15:07
VY6107,2026-08-16 10:40,oliver.perez@icloud.com,28.67,2026-05-23 18:21
VY6103,2026-06-28 22:05,staylor@outlook.com,180.56,2026-05-22 04:51
VY8306,2026-08-26 15:20,miguel.jones73@yahoo.com,57.47,2026-05-26 01:33
VY6008,2026-06-08 10:55,sjones@outlook.com,100.87,2026-05-22 23:56
VY6338,2026-07-09 16:45,pjansen@icloud.com,102.90,2026-04-06 13:26
VY7830,2026-06-21 07:00,ana_bernard@yahoo.com,148.58,2026-04-08 23:21
VY7832,2026-07-26 10:45,mgarcia@hotmail.com,128.61,2026-07-05 07:55
VY8306,2026-08-23 15:20,jamesmartinez@yahoo.com,62.70,2026-07-16 14:20
VY6338,2026-08-18 20:50,chiara.bianchi22@yahoo.com,93.66,2026-05-18 23:14
VY8246,2026-06-09 19:45,lleroy@proton.me,38.20,2026-05-30 00:45
VY6332,2026-07-16 14:15,tgarcia@icloud.com,44.17,2026-03-04 11:22
VY6024,2026-08-20 05:50,sophie.fernandez@hotmail.com,105.94,2026-04-11 02:19
VY6024,2026-08-20 05:50,nmartin@hotmail.com,119.55,2026-04-20 15:28
VY8309,2026-08-15 10:10,pablosanchez@libero.it,274.88,2026-05-27 12:50
VY6330,2026-06-15 07:35,martina.garcia@yahoo.com,22.51,2026-05-16 03:29
VY8300,2026-08-12 07:10,alberto_jones@libero.it,113.96,2026-06-11 08:40
VY6104,2026-07-25 15:20,davidemartinez@yahoo.com,88.20,2026-03-25 19:18
VY8300,2026-06-07 07:10,odevries@proton.me,49.50,2026-04-03 18:59
VY7826,2026-08-06 12:25,alberto_costa@proton.me,265.99,2026-05-14 12:40
VY6109,2026-08-05 14:45,chiarajansen@gmail.com,67.11,2026-06-24 06:19
VY6332,2026-08-22 14:10,lperez@gmail.com,48.95,2026-04-18 05:12
VY8242,2026-08-12 07:25,arossi@proton.me,27.87,2026-05-16 12:02
VY6103,2026-08-16 22:05,ndupont@icloud.com,213.10,2026-07-10 11:22
VY7830,2026-07-26 07:00,luca_devries@icloud.com,200.87,2026-04-05 07:09
VY6020,2026-06-28 08:45,giulia.jones@hotmail.com,183.22,2026-06-16 23:24
VY6332,2026-08-17 14:10,janmoreau@hotmail.com,192.31,2026-03-24 06:11
VY6111,2026-06-25 21:45,julien.brown@icloud.com,86.84,2026-06-16 14:03
VY6108,2026-06-22 11:10,marco.jones@proton.me,39.82,2026-02-27 03:45
VY6103,2026-08-14 23:00,noor.wilson94@proton.me,84.12,2026-03-28 09:59
VY6026,2026-07-26 21:20,tomgomez@hotmail.com,212.79,2026-02-28 14:46
VY7832,2026-07-23 10:55,albertoferrari@hotmail.com,224.57,2026-06-02 10:12
VY6330,2026-06-03 07:30,tcosta@outlook.com,48.07,2026-03-29 01:48
VY3003,2026-08-24 15:55,tom_martin@libero.it,175.86,2026-05-24 12:07
VY7832,2026-06-07 10:45,andrea.gomez99@outlook.com,48.38,2026-05-07 10:30
VY6346,2026-06-11 08:55,noor_russo@yahoo.com,161.85,2026-02-02 15:26
VY7834,2026-08-13 13:20,laura.greco@icloud.com,60.42,2026-05-15 07:56
VY8242,2026-08-15 07:25,anna_martinez@outlook.com,253.29,2026-07-30 02:16
VY8317,2026-07-15 16:20,fleroy@gmail.com,289.84,2026-04-17 15:59
VY6107,2026-08-15 10:30,james.gomez@libero.it,131.72,2026-06-22 05:18
VY6020,2026-06-22 08:45,simone.brown42@outlook.com,266.13,2026-02-15 14:56
VY7830,2026-08-24 07:00,giulia.costa48@hotmail.com,43.86,2026-08-23 12:38
VY8311,2026-08-09 19:35,paolo_ricci@proton.me,253.84,2026-04-13 17:27
VY8248,2026-06-11 13:20,anna.russo@proton.me,162.75,2026-01-20 19:34
VY6330,2026-08-18 07:20,luca.wilson@yahoo.com,136.89,2026-04-02 18:02
VY6105,2026-08-01 17:55,emma.bernard@icloud.com,211.02,2026-05-27 05:46
VY6116,2026-07-04 22:05,giuliamartin@libero.it,36.42,2026-04-19 09:04
VY7826,2026-06-09 12:25,paolo.dupont99@yahoo.com,275.57,2026-05-15 01:18
VY6100,2026-08-23 06:40,sara_dupont@proton.me,50.41,2026-03-27 04:26
VY6342,2026-07-21 11:30,eva.martin71@gmail.com,185.15,2026-03-02 16:35
VY6332,2026-08-23 14:10,anna.dupont@outlook.com,104.42,2026-06-05 01:05
VY7832,2026-06-07 10:45,james.bianchi61@hotmail.com,65.90,2026-06-06 06:48
VY7826,2026-07-21 12:25,anna_martinez@libero.it,56.73,2026-02-28 05:20
VY6020,2026-08-21 08:45,carlos_martinez@outlook.com,66.37,2026-04-23 01:59
VY6346,2026-07-09 08:55,laurajansen@gmail.com,24.10,2026-04-30 14:05
VY8304,2026-07-10 18:10,sofia_garcia@hotmail.com,88.29,2026-05-22 01:52
VY8300,2026-08-25 07:10,jmoretti@gmail.com,176.15,2026-07-24 08:44
VY8312,2026-06-11 11:20,javier_moreau@gmail.com,130.58,2026-04-07 13:12
VY6100,2026-08-31 06:30,lperez@outlook.com,152.49,2026-08-20 23:15
VY7820,2026-08-30 18:20,pablo.fernandez@hotmail.com,99.66,2026-04-05 17:39
VY7834,2026-06-10 14:25,elena.wilson48@hotmail.com,124.83,2026-05-03 14:44
VY6008,2026-07-06 10:55,maria.lopez50@outlook.com,214.70,2026-03-14 13:43
VY7826,2026-08-21 12:25,emma.jones7@gmail.com,220.68,2026-06-19 20:54
VY6628,2026-07-10 21:50,lmartin@gmail.com,151.75,2026-06-24 22:21
VY6110,2026-08-22 09:50,marco_jansen@gmail.com,78.33,2026-07-07 20:01
VY6109,2026-07-25 14:40,emoreau@yahoo.com,112.01,2026-05-29 00:28
VY6110,2026-06-15 14:00,pmoretti@outlook.com,119.34,2026-05-12 13:11
VY8248,2026-08-28 18:55,davide.conti@yahoo.com,156.07,2026-07-22 15:38
VY6338,2026-08-20 16:45,paolo.sanchez37@proton.me,149.49,2026-05-09 16:41
VY8311,2026-06-23 19:25,lbakker@icloud.com,228.55,2026-01-31 23:49
VY6020,2026-06-01 08:45,annarossi@outlook.com,65.93,2026-01-10 19:09
VY3003,2026-06-10 15:55,eromano@libero.it,271.71,2026-02-22 07:11
VY3003,2026-08-18 15:55,jamesricci@yahoo.com,340.71,2026-05-19 12:31
VY6340,2026-06-05 09:55,oliver_sanchez@gmail.com,179.37,2026-04-04 16:34
VY7826,2026-08-04 12:25,llopez@icloud.com,54.94,2026-06-30 04:59
VY6105,2026-08-08 17:55,carlossanchez@outlook.com,41.88,2026-03-21 03:10
VY6338,2026-07-05 16:45,emoretti@outlook.com,36.80,2026-02-05 03:38
VY8248,2026-06-09 12:45,julien_leroy@libero.it,101.49,2026-05-10 09:54
VY8306,2026-07-29 15:20,eva.martinez@proton.me,268.03,2026-03-29 17:03
VY8248,2026-07-16 13:20,chiaraconti@icloud.com,209.75,2026-04-02 03:14
VY8311,2026-06-26 19:35,ana.rossi@libero.it,34.67,2026-03-27 05:00
VY6020,2026-07-24 08:45,lucaperez@proton.me,35.44,2026-06-10 03:31
VY6332,2026-06-20 14:10,sophie.ricci@gmail.com,56.08,2026-06-04 16:42
VY6104,2026-08-07 15:20,mariafernandez@hotmail.com,201.76,2026-05-22 17:53
VY8250,2026-07-06 10:50,luciarusso@outlook.com,27.73,2026-02-20 05:07
VY7824,2026-06-07 16:20,ana_dupont@libero.it,68.61,2026-04-09 17:28
VY6338,2026-07-22 16:45,martina_martinez@libero.it,186.97,2026-02-23 05:49
VY6105,2026-07-23 17:55,martina.dupont41@icloud.com,66.69,2026-06-08 22:02
VY7830,2026-06-21 07:00,tom_brown@hotmail.com,288.80,2026-06-16 00:35
VY6338,2026-08-26 16:45,eva_wilson@hotmail.com,40.91,2026-07-25 15:31
VY8311,2026-07-07 19:25,javiergreco@outlook.com,266.03,2026-06-03 17:52
VY8240,2026-08-24 17:45,eva.greco11@icloud.com,45.31,2026-04-07 15:30
VY8240,2026-07-20 17:45,jbianchi@proton.me,45.50,2026-03-02 12:53
VY7826,2026-08-18 12:25,chiara_conti@hotmail.com,93.68,2026-06-22 13:45
VY6104,2026-06-07 15:20,jan.devries22@proton.me,110.86,2026-05-17 15:32
VY6109,2026-07-02 16:30,giulia.wilson@gmail.com,34.72,2026-06-25 18:46
VY6344,2026-07-01 08:10,ljansen@proton.me,57.18,2026-02-02 06:05
VY8302,2026-08-23 13:15,sofia.bernard@proton.me,167.71,2026-08-16 14:06
VY6332,2026-08-25 14:10,chiara_greco@libero.it,112.76,2026-06-12 06:00
VY6332,2026-07-24 14:10,javier.moreau98@icloud.com,119.38,2026-03-13 12:01
VY6111,2026-07-28 16:35,alberto.devries@icloud.com,178.79,2026-03-30 15:03
VY6334,2026-06-05 15:50,anna_ferrari@yahoo.com,19.99,2026-04-04 03:28
VY8250,2026-07-20 10:50,maria_leroy@outlook.com,60.23,2026-06-19 03:24
VY8242,2026-07-01 07:25,francesca_perez@libero.it,105.05,2026-04-13 01:35
VY6338,2026-06-04 16:45,simone.ricci@proton.me,131.38,2026-04-12 09:19
VY6101,2026-07-29 09:05,andrea.bianchi@gmail.com,187.08,2026-03-17 03:57
VY6330,2026-08-21 07:30,lars.perez1@libero.it,100.67,2026-07-20 13:32
VY6020,2026-08-08 08:45,oliver_taylor@outlook.com,108.99,2026-06-23 15:15
VY8250,2026-07-06 10:50,pierre.garcia@outlook.com,186.75,2026-06-19 22:33
VY8309,2026-08-05 10:10,lucyjones@gmail.com,136.97,2026-06-22 17:34
VY8317,2026-06-23 16:25,lars.jones@yahoo.com,261.18,2026-05-21 04:39
VY7832,2026-08-30 10:45,francesca.martinez46@proton.me,237.29,2026-08-19 22:27
VY6018,2026-06-28 09:30,davidebernard@yahoo.com,260.47,2026-03-17 01:44
VY6330,2026-06-19 07:30,jbrown@proton.me,207.03,2026-06-13 10:25
VY8300,2026-06-27 07:10,giulia.gomez@yahoo.com,253.09,2026-02-11 14:12
VY6109,2026-06-23 15:30,carlos.devries@libero.it,135.46,2026-05-09 07:09
VY8309,2026-08-04 10:10,pablobakker@proton.me,115.33,2026-07-21 00:55
VY6336,2026-08-16 21:10,elenabrown@proton.me,93.78,2026-06-12 02:50
VY6100,2026-06-14 06:40,elena_greco@outlook.com,178.73,2026-02-17 14:11
VY6104,2026-06-23 15:20,carlos.brown83@outlook.com,144.96,2026-05-04 00:07
VY6338,2026-06-04 16:45,noor.jansen98@hotmail.com,191.89,2026-05-16 13:47
VY8306,2026-06-09 15:10,lars.taylor@outlook.com,149.94,2026-02-24 21:24
VY7826,2026-06-20 12:55,anna.gomez@icloud.com,263.32,2026-06-12 18:49
VY8302,2026-06-12 13:05,fbernard@yahoo.com,246.73,2026-06-09 05:21
VY6338,2026-08-07 18:55,lucia_bakker@libero.it,82.96,2026-07-07 18:57
VY6100,2026-06-21 06:40,sara_ferrari@gmail.com,104.41,2026-03-25 01:44
VY6340,2026-08-15 12:55,evamartin@hotmail.com,45.98,2026-03-21 03:49
VY8250,2026-07-20 10:50,lucialopez@outlook.com,142.24,2026-02-20 06:02
VY6340,2026-07-27 12:55,anna.bernard@gmail.com,128.63,2026-05-26 22:38
VY8300,2026-06-25 07:10,eva.jones@proton.me,274.14,2026-04-11 02:37
VY7832,2026-07-05 10:45,miguel.jones@icloud.com,208.40,2026-04-10 03:14
VY8311,2026-08-04 19:25,laura_wilson@outlook.com,60.06,2026-04-17 19:23
VY6104,2026-07-04 15:20,maria.costa@yahoo.com,108.58,2026-06-12 14:56
VY6106,2026-08-28 08:00,asmith@icloud.com,166.76,2026-07-15 01:44
VY6344,2026-07-22 08:10,oliver_jones@libero.it,57.88,2026-03-19 11:16
VY6008,2026-08-24 10:55,luca.russo31@icloud.com,67.23,2026-04-12 02:37
VY6108,2026-06-01 11:10,pierre_jansen@libero.it,190.63,2026-04-13 00:51
VY6108,2026-08-23 12:50,davide.ricci@gmail.com,128.48,2026-06-30 05:09
VY8300,2026-06-10 07:10,sara_conti@icloud.com,201.82,2026-06-05 11:18
VY6101,2026-08-06 09:05,giulia.fernandez58@icloud.com,34.07,2026-03-13 03:06
VY6107,2026-08-15 10:30,lucia_gomez@proton.me,61.64,2026-03-21 14:50
VY6344,2026-07-06 08:35,simone.ferrari67@outlook.com,186.35,2026-02-14 11:57
VY7824,2026-07-20 16:20,anna.romano14@gmail.com,246.66,2026-02-25 09:11
VY7832,2026-08-12 10:50,laurarusso@yahoo.com,165.70,2026-06-24 04:54
VY6106,2026-08-13 07:50,sara.jones@icloud.com,60.19,2026-05-01 13:15
VY6338,2026-07-14 20:50,giuliamoretti@libero.it,53.71,2026-03-19 06:53
VY6018,2026-06-21 09:30,sophie_bernard@yahoo.com,124.14,2026-04-23 16:52
VY6105,2026-07-31 14:40,giulia.moreau@yahoo.com,80.37,2026-06-25 16:43
VY6018,2026-08-30 09:30,alberto_bernard@proton.me,146.19,2026-07-24 10:54
VY6109,2026-08-19 14:45,maria.jones85@gmail.com,179.42,2026-05-19 21:02
VY6342,2026-08-13 11:30,andrea.bakker@icloud.com,125.92,2026-05-16 21:50
VY6111,2026-07-15 22:05,lars.bernard74@proton.me,179.42,2026-06-08 15:14
VY8240,2026-06-11 17:30,maria.sanchez76@proton.me,80.51,2026-04-04 04:56
VY6107,2026-07-18 10:30,sophie_rossi@hotmail.com,85.13,2026-07-11 05:00
VY6026,2026-07-26 21:20,francesca.conti@gmail.com,145.19,2026-07-10 20:13
VY6107,2026-08-02 10:40,francesca_conti@libero.it,64.86,2026-07-27 09:36
VY6628,2026-06-26 21:50,saradevries@proton.me,57.02,2026-06-07 22:30
VY6334,2026-07-29 15:50,maria.bianchi94@outlook.com,125.36,2026-04-06 19:24
VY7826,2026-07-30 12:25,tom.brown@libero.it,101.27,2026-03-25 21:57
VY6342,2026-08-28 10:55,carlos.ricci18@gmail.com,100.17,2026-05-16 21:13
VY6105,2026-07-22 17:45,james.bakker@outlook.com,187.77,2026-03-18 18:05
VY7824,2026-07-23 16:30,lars.costa69@gmail.com,224.21,2026-05-17 16:05
VY8309,2026-08-31 10:10,carlos.bakker41@libero.it,76.83,2026-07-03 07:11
VY7830,2026-08-27 07:00,ebakker@gmail.com,77.13,2026-05-17 03:31
VY6100,2026-06-20 06:30,chiara.ricci@hotmail.com,200.37,2026-05-08 09:24
VY8242,2026-06-11 07:25,carlos_devries@icloud.com,76.65,2026-01-30 10:05
VY6111,2026-08-31 21:35,eva.martin40@icloud.com,87.26,2026-07-07 07:31
VY6334,2026-06-05 15:50,maria.wilson51@icloud.com,151.94,2026-01-08 05:47
VY8300,2026-06-05 07:10,pierre.devries27@proton.me,274.61,2026-03-26 22:07
VY7830,2026-06-10 07:00,olivercosta@outlook.com,141.65,2026-05-04 16:13
VY7828,2026-06-07 19:40,eva.moreau@libero.it,31.63,2026-05-15 03:43
VY8250,2026-06-19 10:50,ebernard@proton.me,94.42,2026-03-04 05:14
VY6628,2026-08-07 21:50,eva_sanchez@outlook.com,218.20,2026-04-20 13:55
VY6109,2026-07-21 15:30,mperez@proton.me,157.56,2026-07-14 05:16
VY6110,2026-08-05 17:35,elena.devries@hotmail.com,145.43,2026-04-18 04:52
VY3003,2026-08-20 15:55,maria.wilson2@proton.me,328.40,2026-05-08 23:06
VY6330,2026-06-01 07:35,sofiabernard@gmail.com,86.72,2026-04-19 02:21
VY8317,2026-07-07 16:25,martina.bakker14@hotmail.com,208.15,2026-07-04 05:51
VY7830,2026-07-24 07:00,cbernard@hotmail.com,67.12,2026-06-10 04:24
VY6108,2026-08-10 11:10,pierre_jones@icloud.com,135.67,2026-03-26 13:53
VY6116,2026-06-27 22:05,luca.wilson@icloud.com,186.67,2026-05-18 17:08
VY3003,2026-08-04 15:55,julienconti@yahoo.com,269.84,2026-03-19 02:09
VY7832,2026-08-22 10:50,andrea.moretti11@yahoo.com,202.75,2026-04-12 17:10
VY6104,2026-07-12 15:20,martinaferrari@outlook.com,149.52,2026-07-02 16:39
VY6332,2026-08-23 14:10,jrossi@yahoo.com,122.68,2026-04-23 07:36
VY6110,2026-07-06 14:00,simone_jansen@hotmail.com,187.58,2026-06-19 14:20
VY8311,2026-07-06 19:35,oliverfernandez@yahoo.com,176.23,2026-02-09 06:03
VY6330,2026-07-19 07:30,jan.costa@hotmail.com,129.51,2026-07-09 10:56
VY6110,2026-07-30 20:00,emma.taylor4@proton.me,63.66,2026-05-31 08:57
VY6108,2026-07-07 12:55,giuliacosta@yahoo.com,102.41,2026-03-12 18:53
VY6342,2026-08-24 06:55,jmartinez@hotmail.com,127.57,2026-05-28 19:38
VY7832,2026-07-26 10:45,pierre_moretti@libero.it,134.19,2026-05-12 05:05
VY6108,2026-07-24 13:45,paolobernard@yahoo.com,198.06,2026-05-29 07:11
VY8309,2026-06-08 10:10,annaperez@yahoo.com,213.72,2026-04-21 16:22
VY6008,2026-07-07 11:25,sophie_bernard@proton.me,79.86,2026-03-25 17:11
VY7830,2026-08-04 07:00,miguel.smith@libero.it,129.02,2026-03-28 03:25
VY8248,2026-07-16 13:20,jan.gomez63@proton.me,153.62,2026-02-23 03:19
VY8302,2026-06-25 13:05,noor.moreau@proton.me,84.12,2026-05-25 15:08
VY6330,2026-06-11 07:30,lars.moreau91@icloud.com,193.63,2026-04-30 06:18
VY6101,2026-06-23 09:05,lucy.ferrari42@hotmail.com,70.80,2026-03-22 02:40
VY6109,2026-06-10 14:45,javiersmith@proton.me,86.93,2026-05-14 07:59
VY8242,2026-07-10 07:35,alberto.devries@gmail.com,142.03,2026-02-26 04:20
VY6020,2026-08-30 08:45,paolo.martin@gmail.com,208.57,2026-07-22 09:50
VY6115,2026-08-12 15:55,lars.jansen@icloud.com,94.40,2026-03-30 12:11
VY6336,2026-08-08 08:45,carlos_sanchez@icloud.com,181.54,2026-08-07 00:22
VY7832,2026-08-20 10:55,alberto.jones8@proton.me,239.35,2026-07-16 00:20
VY8250,2026-08-12 10:50,emmamartin@hotmail.com,159.70,2026-04-18 17:22
VY6330,2026-08-06 07:30,aperez@yahoo.com,82.74,2026-05-26 13:50
VY6105,2026-08-14 14:40,carlos.martin@gmail.com,202.03,2026-06-02 09:08
VY6100,2026-08-16 06:40,marco.taylor@outlook.com,170.56,2026-08-10 01:41
VY6338,2026-08-14 18:55,sophieferrari@libero.it,81.82,2026-03-16 21:59
VY6336,2026-08-21 21:25,jan.ferrari@yahoo.com,183.59,2026-07-23 10:30
VY6336,2026-07-02 19:55,javier.costa13@yahoo.com,112.12,2026-03-16 02:08
VY6332,2026-06-27 14:10,olivergarcia@hotmail.com,180.82,2026-03-21 01:33
VY6342,2026-07-12 11:30,mariaperez@yahoo.com,193.89,2026-04-28 15:04
VY7832,2026-08-19 10:50,pabloferrari@proton.me,176.59,2026-07-07 23:32
VY6020,2026-08-16 08:45,lauramoreau@outlook.com,80.75,2026-07-19 09:37
VY6340,2026-07-27 12:55,chiara.bianchi@gmail.com,54.74,2026-07-25 16:36
VY6108,2026-07-19 12:50,simone_smith@outlook.com,69.53,2026-06-09 06:05
VY6111,2026-08-11 16:35,javier.leroy24@hotmail.com,118.90,2026-07-19 19:06
VY6338,2026-07-13 16:45,ejansen@outlook.com,86.14,2026-04-11 23:05
VY6026,2026-08-20 17:45,nmoreau@hotmail.com,180.43,2026-07-14 22:40
VY6342,2026-08-24 06:55,javier.fernandez@libero.it,140.44,2026-07-28 18:52
VY6108,2026-07-14 12:55,pablo_bakker@outlook.com,58.84,2026-05-20 06:27
VY6104,2026-08-29 15:20,pabloperez@gmail.com,184.12,2026-07-14 10:11
VY6336,2026-08-08 08:45,lucy_sanchez@outlook.com,99.10,2026-03-12 06:05
VY8309,2026-06-23 10:10,eva_lopez@yahoo.com,258.71,2026-03-21 11:55
VY6101,2026-06-26 09:05,osanchez@yahoo.com,107.69,2026-02-27 09:18
VY6101,2026-06-24 09:05,oliver.ricci@outlook.com,213.55,2026-04-19 00:29
VY7826,2026-08-23 12:50,jromano@gmail.com,159.43,2026-03-26 22:50
VY6104,2026-06-15 15:20,oliverperez@hotmail.com,31.50,2026-02-15 22:22
VY6101,2026-08-06 09:05,larssanchez@gmail.com,200.36,2026-03-10 15:07
VY6100,2026-08-16 06:40,saragreco@gmail.com,166.76,2026-07-12 19:15
VY6340,2026-08-22 12:55,simone_conti@proton.me,35.16,2026-04-18 17:04
VY6110,2026-07-23 20:00,sofia_martinez@hotmail.com,114.89,2026-04-18 22:28
VY8302,2026-08-26 13:05,emartin@libero.it,52.52,2026-08-16 07:04
VY6340,2026-06-08 12:55,simoneferrari@outlook.com,179.35,2026-01-13 02:48
VY6105,2026-08-21 14:40,mariamoretti@proton.me,176.10,2026-07-29 13:51
VY8317,2026-08-26 16:20,cmartin@yahoo.com,220.08,2026-05-28 19:19
VY6107,2026-07-31 18:25,laura_bakker@hotmail.com,197.82,2026-07-16 22:33
VY3003,2026-07-14 15:55,elena.garcia@libero.it,67.40,2026-03-09 13:17
VY7828,2026-06-14 19:40,simonejones@gmail.com,225.22,2026-05-05 15:45
VY6108,2026-06-11 12:50,francescabrown@outlook.com,149.30,2026-05-20 09:43
VY6110,2026-06-04 20:00,anna_costa@proton.me,52.18,2026-02-10 15:14
VY7832,2026-07-11 10:50,laura.jones49@outlook.com,280.87,2026-05-18 09:32
VY6109,2026-07-20 17:15,mariagomez@gmail.com,22.04,2026-05-04 01:09
VY7830,2026-06-09 07:00,carlos.bakker@icloud.com,114.90,2026-02-27 10:27
VY6105,2026-08-01 17:55,giuliamoreau@libero.it,83.82,2026-05-20 05:47
VY6108,2026-08-19 12:50,marco_leroy@icloud.com,105.14,2026-05-14 09:59
VY6340,2026-07-03 09:55,paolo.sanchez@outlook.com,49.61,2026-02-26 09:06
VY6107,2026-06-26 18:25,davidebrown@outlook.com,69.52,2026-02-06 07:51
VY6342,2026-08-19 11:30,jbakker@gmail.com,34.82,2026-07-11 11:21
VY3003,2026-07-04 15:55,sara_martinez@gmail.com,230.74,2026-02-12 00:38
VY8311,2026-07-11 19:25,giuliajones@outlook.com,223.31,2026-03-23 05:30
VY6332,2026-08-20 14:15,julien.wilson@outlook.com,77.28,2026-07-24 03:55
VY3003,2026-08-05 15:55,gricci@hotmail.com,257.76,2026-06-03 14:48
VY8306,2026-07-23 15:20,lucy.ricci9@hotmail.com,268.23,2026-04-20 01:23
VY6100,2026-07-26 06:40,jsanchez@proton.me,167.54,2026-04-21 21:13
VY8248,2026-06-10 13:50,elena.bianchi@proton.me,64.17,2026-02-12 00:50
VY6334,2026-06-11 15:55,lucia.greco@hotmail.com,170.67,2026-06-02 09:54
VY6342,2026-07-08 11:30,lars.bianchi@icloud.com,81.00,2026-03-05 06:03
VY6334,2026-06-09 16:00,giulia.wilson@yahoo.com,175.96,2026-02-15 12:51
VY6111,2026-08-05 22:05,martina.russo@hotmail.com,29.98,2026-03-28 20:39
VY3003,2026-08-06 15:55,lars.dupont63@outlook.com,103.63,2026-07-25 06:32
VY7822,2026-08-14 18:55,alberto_martinez@proton.me,135.54,2026-06-25 18:54
VY6344,2026-07-20 08:35,oliver.rossi@icloud.com,147.20,2026-04-01 13:19
VY7826,2026-06-01 12:25,ana.moreau57@proton.me,131.61,2026-04-10 17:00
VY6107,2026-07-11 10:30,andreaconti@libero.it,200.97,2026-06-03 08:08
VY6106,2026-08-20 07:50,alberto.russo40@libero.it,111.78,2026-06-12 19:24
VY8311,2026-07-25 19:25,oliver.costa@yahoo.com,30.98,2026-06-26 17:57
VY6332,2026-06-04 14:15,andrea_moreau@proton.me,28.87,2026-01-06 06:41
VY6109,2026-08-05 14:45,jan.sanchez@yahoo.com,197.75,2026-05-27 20:45
VY6340,2026-08-13 12:55,lmoretti@hotmail.com,50.72,2026-04-07 11:04
VY6342,2026-08-13 11:30,ldevries@libero.it,142.87,2026-06-16 15:26
VY8240,2026-06-11 17:30,paolo.jones@outlook.com,211.63,2026-01-19 18:12
VY6018,2026-06-21 09:30,emmasanchez@proton.me,171.79,2026-02-16 17:54
VY6344,2026-07-01 08:10,tom.romano@icloud.com,99.06,2026-02-19 10:33
VY6020,2026-07-12 08:45,albertowilson@gmail.com,244.82,2026-05-06 02:49
VY7830,2026-06-21 07:00,chiarajones@libero.it,160.01,2026-02-03 01:54
VY6338,2026-08-01 19:15,evaleroy@yahoo.com,146.97,2026-05-27 15:21
VY7828,2026-08-03 19:00,martina.taylor@gmail.com,225.11,2026-03-24 23:28
VY6102,2026-08-31 20:50,tom_bakker@gmail.com,105.53,2026-04-16 04:10
VY6342,2026-08-16 11:30,julienmartin@outlook.com,167.85,2026-03-29 22:33
VY3003,2026-08-10 15:55,sophie_romano@yahoo.com,83.34,2026-05-10 23:23
VY7832,2026-07-11 10:50,ebianchi@yahoo.com,286.35,2026-06-26 10:34
VY6103,2026-07-14 21:25,cmartin@gmail.com,162.74,2026-05-29 15:01
VY6340,2026-08-11 12:55,oliver.costa76@proton.me,136.13,2026-07-01 19:58
VY8300,2026-06-16 07:10,mromano@libero.it,184.15,2026-02-07 02:41
VY6346,2026-07-30 08:55,elena_dupont@hotmail.com,24.71,2026-05-01 01:10
VY8242,2026-06-11 07:25,javier_jansen@icloud.com,101.56,2026-01-20 11:10
VY6342,2026-06-22 06:55,miguel.martinez@icloud.com,82.53,2026-05-25 16:18
VY8306,2026-08-26 15:20,pierre_perez@hotmail.com,141.88,2026-05-22 02:46
VY6334,2026-06-03 15:50,marco.garcia72@gmail.com,72.15,2026-04-26 13:22
VY7830,2026-07-07 07:00,pmoreau@yahoo.com,79.49,2026-04-06 12:12
VY6340,2026-07-21 12:55,eva_brown@outlook.com,116.03,2026-02-25 05:38
VY6100,2026-07-28 06:30,mgomez@icloud.com,31.67,2026-05-22 18:00
VY6108,2026-07-24 13:45,andrea_lopez@proton.me,30.45,2026-07-08 11:26
VY6108,2026-08-07 13:45,luciarusso@hotmail.com,76.61,2026-06-27 07:00
VY6340,2026-08-07 09:55,julien_bernard@gmail.com,90.27,2026-06-21 02:53
VY6109,2026-07-08 14:45,egomez@outlook.com,96.10,2026-07-03 09:22
VY8306,2026-06-25 15:20,laura.fernandez38@gmail.com,57.01,2026-04-04 19:18
VY8240,2026-08-13 17:30,james.taylor@proton.me,155.76,2026-07-28 01:42
VY7830,2026-07-19 07:00,eva_moretti@icloud.com,63.71,2026-03-03 12:12
VY6109,2026-08-29 14:40,maria.russo@hotmail.com,197.60,2026-05-18 23:47
VY8302,2026-06-26 13:05,jricci@libero.it,143.18,2026-05-31 05:12
VY8309,2026-07-06 10:10,pfernandez@libero.it,275.19,2026-02-18 14:19
VY8248,2026-07-28 12:45,lucy.fernandez12@yahoo.com,150.28,2026-03-21 00:09
VY6334,2026-07-25 15:50,carlosperez@gmail.com,68.16,2026-07-13 12:43
VY8242,2026-08-19 07:25,francesca.taylor@yahoo.com,184.38,2026-05-18 23:41
VY6346,2026-06-11 08:55,eva_gomez@proton.me,29.05,2026-05-27 01:02
VY8311,2026-07-07 19:25,carlos_russo@yahoo.com,81.66,2026-03-23 20:44
VY6109,2026-07-01 14:45,giulia_ricci@yahoo.com,91.68,2026-02-27 14:42
VY8309,2026-08-15 10:10,smartin@libero.it,66.84,2026-03-20 01:59
VY7830,2026-08-21 07:00,alberto.jansen@yahoo.com,113.88,2026-03-31 11:33
VY7820,2026-08-13 18:35,djansen@yahoo.com,145.83,2026-05-26 08:08
VY8240,2026-07-20 17:45,laura_leroy@gmail.com,232.62,2026-05-03 07:31
VY8302,2026-07-10 13:05,migueltaylor@proton.me,70.78,2026-04-07 04:14
VY7830,2026-07-30 07:00,miguel_moretti@icloud.com,81.86,2026-05-17 05:54
VY6116,2026-07-03 10:55,javierrusso@yahoo.com,63.03,2026-03-17 05:01
VY7830,2026-06-18 07:00,jamesmartin@proton.me,298.83,2026-02-28 15:16
VY6110,2026-06-30 14:15,emma.fernandez@yahoo.com,145.09,2026-06-04 12:04
VY8300,2026-08-25 07:10,lars.moretti@gmail.com,280.98,2026-06-21 13:19
VY8300,2026-08-11 07:10,lbrown@icloud.com,264.08,2026-07-14 15:33
VY8302,2026-06-12 13:05,sofia.devries2@hotmail.com,75.01,2026-01-15 17:09
VY8300,2026-06-13 07:10,alberto.ferrari@outlook.com,285.05,2026-04-07 01:30
VY7822,2026-06-05 18:55,alberto_smith@libero.it,84.47,2026-02-03 08:41
VY7830,2026-07-07 07:00,ana_smith@outlook.com,268.34,2026-03-10 13:38
VY8240,2026-06-29 17:45,julien.smith97@gmail.com,59.91,2026-05-01 01:25
VY6346,2026-06-04 08:55,tom.moretti60@libero.it,146.81,2026-03-17 12:32
VY6340,2026-06-14 12:55,lgarcia@yahoo.com,189.42,2026-05-26 09:47
VY7830,2026-08-12 07:00,cdevries@proton.me,182.96,2026-04-08 09:21
VY6020,2026-06-20 08:45,giulia_lopez@hotmail.com,95.71,2026-05-08 17:35
VY6111,2026-08-03 21:35,marco.moretti@proton.me,51.52,2026-04-04 09:50
VY6108,2026-08-19 12:50,annafernandez@gmail.com,42.47,2026-06-17 11:34
VY8300,2026-07-07 07:10,eva.conti19@icloud.com,192.36,2026-05-09 20:24
VY6108,2026-08-23 12:50,pconti@hotmail.com,75.84,2026-06-06 12:48
VY8300,2026-07-15 07:10,javier.dupont33@libero.it,161.30,2026-06-27 17:48
VY8248,2026-08-29 13:10,eva.taylor@hotmail.com,106.15,2026-08-15 19:57
VY6106,2026-07-27 07:50,jan_sanchez@gmail.com,147.30,2026-03-08 04:50
VY6104,2026-06-14 15:20,eva_perez@icloud.com,138.92,2026-02-02 18:04
VY6107,2026-07-24 18:25,smartin@icloud.com,110.79,2026-03-15 13:29
VY6110,2026-08-05 17:35,carlosdupont@gmail.com,50.67,2026-05-27 02:52
VY6104,2026-08-15 15:20,julienmartinez@outlook.com,46.03,2026-03-29 15:56
VY6338,2026-08-17 16:45,pierre.sanchez@outlook.com,121.51,2026-04-24 11:12
VY6102,2026-08-31 20:50,miguel_bakker@outlook.com,49.33,2026-04-13 05:49
VY8246,2026-06-16 19:45,pablo.martinez@gmail.com,146.13,2026-06-03 21:09
VY7826,2026-08-16 12:50,afernandez@hotmail.com,59.88,2026-07-03 12:49
VY6103,2026-07-10 23:00,james.fernandez@gmail.com,92.92,2026-07-03 06:07
VY6103,2026-07-21 21:25,chiaramartin@icloud.com,37.91,2026-04-17 08:35
VY7830,2026-06-28 07:00,sara.leroy62@hotmail.com,287.05,2026-06-06 12:28
VY8312,2026-08-13 11:20,lucy.jones76@proton.me,229.85,2026-07-09 05:00
VY6026,2026-08-02 21:20,gdevries@outlook.com,239.73,2026-06-12 21:31
VY6107,2026-06-01 10:20,francesca.devries10@gmail.com,103.38,2026-03-08 10:43
VY6108,2026-08-24 11:10,cferrari@yahoo.com,160.94,2026-05-16 21:53
VY6102,2026-06-28 19:35,martina.greco@hotmail.com,200.91,2026-05-02 10:35
VY6100,2026-07-28 06:30,luca.conti@yahoo.com,194.34,2026-05-20 11:00
VY6340,2026-08-12 12:55,tgreco@icloud.com,121.92,2026-04-26 19:43
VY6104,2026-08-07 15:20,simone_leroy@outlook.com,139.66,2026-06-28 02:42
VY6101,2026-07-21 09:05,lcosta@proton.me,111.86,2026-02-27 05:35
VY7830,2026-07-28 07:00,simone_wilson@hotmail.com,45.41,2026-04-10 01:37
VY8306,2026-08-23 15:20,chiara.garcia56@hotmail.com,131.31,2026-06-24 11:19
VY6104,2026-08-19 15:20,marco_martin@proton.me,217.05,2026-03-29 09:56
VY7826,2026-06-01 12:25,carlos.ferrari60@yahoo.com,246.99,2026-01-06 00:26
VY8248,2026-07-18 13:10,tomfernandez@hotmail.com,106.99,2026-03-22 21:41
VY3003,2026-06-28 15:55,maria_dupont@libero.it,154.19,2026-06-09 12:21
VY6330,2026-07-26 07:30,maria.ricci62@icloud.com,91.58,2026-05-19 02:20
VY6104,2026-07-25 15:20,davide.dupont@proton.me,32.21,2026-05-18 15:34
VY6109,2026-07-22 14:45,albertogomez@gmail.com,90.35,2026-03-20 13:25
VY8242,2026-08-19 07:25,marco.fernandez@libero.it,153.80,2026-05-17 15:32
VY3003,2026-06-05 15:55,saradevries@proton.me,56.76,2026-03-10 02:38
VY6110,2026-06-13 09:50,jan.taylor93@gmail.com,85.88,2026-04-28 17:40
VY6110,2026-06-06 09:50,julienfernandez@gmail.com,42.57,2026-01-25 04:40
VY8309,2026-06-13 10:10,james.ferrari8@icloud.com,279.54,2026-01-25 23:10
VY6105,2026-07-30 17:55,daviderossi@proton.me,170.93,2026-07-07 14:19
VY7824,2026-07-13 16:20,alberto.ferrari@libero.it,266.86,2026-06-21 06:09
VY6115,2026-07-04 16:05,carlos.lopez@hotmail.com,74.94,2026-03-14 14:13
VY6332,2026-06-07 14:10,julien.taylor@icloud.com,174.24,2026-06-04 13:40
VY6342,2026-07-24 10:55,sophieleroy@proton.me,169.20,2026-05-01 12:37
VY7820,2026-07-23 18:35,lucia_smith@yahoo.com,173.17,2026-03-03 00:22
VY6628,2026-06-26 21:50,nbakker@outlook.com,296.49,2026-03-12 22:45
VY6336,2026-08-15 08:45,andrea.bianchi34@gmail.com,80.95,2026-06-21 08:56
VY6342,2026-06-15 06:55,javier.ferrari60@outlook.com,88.90,2026-03-03 23:12
VY8250,2026-08-31 10:50,lars.gomez31@proton.me,233.67,2026-05-30 20:34
VY8246,2026-08-25 19:45,abianchi@hotmail.com,62.99,2026-05-14 11:11
VY8250,2026-06-19 10:50,eva_conti@yahoo.com,157.63,2026-04-16 00:51
VY8300,2026-08-31 07:10,lucy_brown@gmail.com,81.67,2026-05-25 10:16
VY6102,2026-07-01 19:25,sbrown@icloud.com,90.26,2026-03-10 10:40
VY7834,2026-07-02 13:20,javier_perez@gmail.com,126.50,2026-03-23 08:07
VY7832,2026-07-21 10:50,oliver.moretti90@libero.it,293.36,2026-04-29 07:48
VY6110,2026-06-03 17:35,pdevries@gmail.com,158.98,2026-04-05 14:30
VY6103,2026-07-26 22:05,martina.costa@libero.it,213.57,2026-05-03 12:20
VY6110,2026-08-05 17:35,davide.bakker30@proton.me,61.98,2026-04-23 18:56
VY6100,2026-08-26 06:30,marcotaylor@outlook.com,213.65,2026-08-04 09:19
VY7832,2026-07-11 10:50,srossi@proton.me,281.79,2026-02-16 22:55
VY6100,2026-08-16 06:40,pablowilson@yahoo.com,156.89,2026-05-27 03:19
VY7828,2026-08-30 19:40,anna.bianchi57@gmail.com,252.28,2026-04-02 11:12
VY6332,2026-08-29 14:10,carlos_devries@gmail.com,170.99,2026-05-07 15:58
VY8300,2026-08-27 07:10,sophie.costa@gmail.com,126.16,2026-05-25 11:09
VY6105,2026-06-01 17:55,marco_lopez@gmail.com,217.13,2026-04-07 08:06
VY6020,2026-06-01 08:45,luca.conti79@gmail.com,102.38,2026-05-24 02:18
VY8306,2026-06-07 15:20,anna_taylor@outlook.com,172.75,2026-05-14 07:39
VY6020,2026-08-30 08:45,anna.garcia6@hotmail.com,178.47,2026-06-28 21:02
VY8248,2026-06-07 13:25,mmoretti@icloud.com,34.10,2026-02-02 18:49
VY7824,2026-07-10 16:25,ebrown@hotmail.com,295.08,2026-02-20 15:21
VY6338,2026-06-25 16:45,emmafernandez@libero.it,34.04,2026-04-25 01:13
VY6106,2026-08-23 07:55,davide.wilson@gmail.com,217.90,2026-03-30 22:36
VY3003,2026-07-07 15:55,marco.lopez21@proton.me,190.39,2026-05-28 05:35
VY8300,2026-06-02 07:10,carlostaylor@yahoo.com,45.59,2026-02-24 20:54
VY6340,2026-06-10 12:55,javiercosta@outlook.com,103.93,2026-01-12 11:15
VY7820,2026-08-13 18:35,lromano@proton.me,90.47,2026-07-20 16:35
VY7830,2026-08-03 07:00,luciaconti@gmail.com,41.72,2026-03-17 13:02
VY6336,2026-06-14 21:10,sophie_leroy@gmail.com,180.82,2026-03-08 08:42
VY6107,2026-06-27 10:30,eva_devries@proton.me,200.68,2026-03-02 23:42
VY8302,2026-06-18 13:05,miguelbianchi@hotmail.com,55.50,2026-03-02 03:55
VY6109,2026-08-02 15:10,simone_smith@outlook.com,179.79,2026-07-30 17:01
VY8300,2026-06-08 07:10,carlos.rossi@gmail.com,104.85,2026-06-01 08:32
VY7822,2026-08-14 18:55,laurajones@gmail.com,121.05,2026-03-27 18:44
VY6008,2026-07-31 11:15,lars_leroy@icloud.com,252.18,2026-06-18 08:53
VY6102,2026-08-24 20:50,alberto.russo@icloud.com,114.09,2026-05-23 02:44
VY8309,2026-07-11 10:10,jromano@libero.it,83.68,2026-02-20 17:05
VY6340,2026-08-31 12:55,lars.bianchi@proton.me,113.16,2026-08-07 00:20
VY6340,2026-08-12 12:55,pferrari@icloud.com,81.46,2026-03-28 14:17
VY8250,2026-08-28 10:50,noor.dupont43@proton.me,69.78,2026-04-28 04:59
VY7822,2026-06-05 18:55,james.martinez@outlook.com,219.16,2026-05-01 13:09
VY7832,2026-07-22 10:50,sophiegarcia@gmail.com,87.84,2026-06-19 13:51
VY6104,2026-06-24 15:20,carlos_bakker@libero.it,38.65,2026-04-13 19:07
VY6110,2026-06-10 17:35,laurafernandez@libero.it,45.26,2026-03-09 22:57
VY6340,2026-07-29 12:55,mariasanchez@libero.it,152.91,2026-06-06 11:38
VY6340,2026-07-11 12:55,paolosanchez@gmail.com,120.62,2026-06-08 13:59
VY8311,2026-08-23 19:35,sjones@outlook.com,224.85,2026-07-31 06:14
VY6106,2026-06-01 07:50,sbakker@hotmail.com,165.79,2026-03-04 09:00
VY8300,2026-07-04 07:10,andreacosta@icloud.com,134.91,2026-02-17 00:02
VY6111,2026-06-08 21:35,francesca.wilson@proton.me,113.57,2026-05-21 06:16
VY6332,2026-08-28 14:10,giulia_dupont@proton.me,56.21,2026-04-15 08:03
VY7822,2026-06-26 18:55,chiara.leroy@hotmail.com,49.55,2026-05-16 14:19
VY6342,2026-07-16 11:30,dmoreau@hotmail.com,19.99,2026-04-03 17:34
VY6107,2026-08-29 10:30,miguel.bakker@icloud.com,181.01,2026-05-23 02:46
VY6104,2026-07-18 15:20,tom.gomez98@yahoo.com,182.73,2026-07-03 05:43
VY8300,2026-08-01 07:10,lucyricci@libero.it,48.22,2026-04-23 00:27
VY8242,2026-06-22 07:30,francescamartinez@outlook.com,154.90,2026-04-05 10:52
VY6342,2026-08-19 11:30,mdupont@libero.it,48.20,2026-07-20 09:12
VY7832,2026-06-13 10:50,emma.costa@libero.it,286.06,2026-01-21 12:30
VY8311,2026-07-18 19:25,oliver_ricci@gmail.com,251.74,2026-07-08 01:38
VY6100,2026-08-09 06:40,chiara_costa@libero.it,147.26,2026-06-08 07:21
VY8302,2026-07-06 13:05,cperez@outlook.com,94.35,2026-04-11 05:09
VY8242,2026-08-23 07:25,pierre.dupont@proton.me,104.29,2026-04-09 00:11
VY7826,2026-08-04 12:25,oliver.brown4@libero.it,91.73,2026-05-02 14:52
VY6101,2026-06-26 09:05,ejansen@hotmail.com,97.74,2026-03-18 10:29
VY6109,2026-07-25 14:40,annalopez@hotmail.com,170.09,2026-05-17 14:51
VY6338,2026-07-05 16:45,nbrown@outlook.com,135.15,2026-04-27 04:21
VY3003,2026-08-24 15:55,giulia.greco@icloud.com,119.66,2026-05-29 06:32
VY7830,2026-07-02 07:00,amartinez@icloud.com,290.76,2026-04-14 14:55
VY6330,2026-06-14 07:30,lucywilson@gmail.com,89.64,2026-01-17 19:05
VY6330,2026-08-20 07:30,davide_gomez@gmail.com,185.89,2026-06-11 03:15
VY6106,2026-06-26 08:00,julien_moretti@outlook.com,54.69,2026-04-14 06:18
VY8309,2026-06-24 10:10,jantaylor@libero.it,229.33,2026-03-10 06:51
VY8306,2026-08-15 15:10,simone.sanchez@gmail.com,46.89,2026-06-19 17:21
VY6115,2026-07-20 15:35,sofiabakker@gmail.com,156.99,2026-03-15 22:43
VY6020,2026-06-08 08:45,jan.martinez27@proton.me,133.77,2026-05-15 15:28
VY6344,2026-08-31 08:35,noor.leroy59@yahoo.com,148.46,2026-07-16 18:39
VY7830,2026-08-19 07:00,oliverlopez@proton.me,223.68,2026-04-14 05:53
VY7826,2026-07-31 12:25,annataylor@outlook.com,288.89,2026-03-17 22:35
VY6332,2026-08-24 14:10,janjones@hotmail.com,104.38,2026-03-30 00:45
VY6020,2026-06-01 08:45,smoreau@icloud.com,70.01,2026-05-20 12:01
VY6104,2026-06-06 15:20,lucabianchi@hotmail.com,36.38,2026-03-14 18:47
VY6107,2026-08-20 10:25,jandevries@gmail.com,164.31,2026-08-04 01:14
VY6115,2026-07-10 13:25,egomez@icloud.com,26.60,2026-02-13 14:35
VY6101,2026-08-15 09:05,elena_lopez@yahoo.com,143.09,2026-07-04 07:53
VY6104,2026-07-03 15:20,giuliaricci@icloud.com,166.27,2026-03-25 09:22
VY6334,2026-08-07 15:50,davidericci@outlook.com,139.43,2026-06-05 04:42
VY7824,2026-06-14 16:20,laura_taylor@icloud.com,81.24,2026-02-21 08:36
VY6330,2026-06-17 07:30,sophieleroy@outlook.com,20.83,2026-02-15 08:46
VY6020,2026-06-22 08:45,miguel_ferrari@hotmail.com,141.23,2026-03-25 07:15
VY6340,2026-06-05 09:55,noorleroy@hotmail.com,115.72,2026-01-29 06:07
VY6334,2026-06-04 15:55,sofiamoretti@icloud.com,40.89,2026-04-26 03:49
VY6330,2026-08-03 07:35,alberto.bakker91@icloud.com,133.92,2026-07-11 15:53
VY7834,2026-08-20 13:20,juliengarcia@outlook.com,101.62,2026-06-30 02:52
VY6332,2026-08-04 14:10,giulia_moretti@yahoo.com,199.02,2026-06-23 15:38
VY6338,2026-06-24 16:45,javier.martinez94@hotmail.com,205.01,2026-01-31 12:00
VY6020,2026-06-06 08:45,sarataylor@proton.me,140.47,2026-03-12 02:22
VY6110,2026-08-23 17:45,elena.greco8@hotmail.com,154.82,2026-06-22 14:51
VY6105,2026-08-03 17:55,jan.sanchez72@proton.me,179.11,2026-06-04 17:24
VY7830,2026-06-12 07:00,sophiegomez@hotmail.com,207.29,2026-06-08 09:56
VY6008,2026-08-01 12:15,jcosta@gmail.com,53.33,2026-04-21 04:39
VY6101,2026-06-30 09:05,julienromano@libero.it,174.89,2026-06-18 21:45
VY7832,2026-08-01 10:50,anna.bernard55@gmail.com,44.85,2026-05-25 08:46
VY7830,2026-07-24 07:00,jdevries@yahoo.com,279.41,2026-04-18 12:47
VY6336,2026-08-15 08:45,julienmartinez@libero.it,56.63,2026-08-15 04:44
VY6110,2026-06-02 14:15,chiara.garcia@outlook.com,44.56,2026-01-26 11:07
VY6020,2026-07-24 08:45,simone_brown@icloud.com,102.68,2026-04-11 18:11
VY8300,2026-07-15 07:10,chiaraleroy@outlook.com,81.45,2026-03-11 15:56
VY7832,2026-07-11 10:50,lgreco@libero.it,212.59,2026-07-03 20:29
VY8317,2026-07-21 16:25,lucy_lopez@gmail.com,135.12,2026-05-28 19:42
VY8317,2026-07-29 16:20,anna.martinez@outlook.com,226.26,2026-06-11 15:48
VY6340,2026-06-05 09:55,sofia.jansen49@yahoo.com,53.50,2026-03-07 09:06
VY6332,2026-07-23 14:15,srossi@icloud.com,146.12,2026-05-11 23:15
VY6338,2026-07-13 16:45,lucy_romano@hotmail.com,92.99,2026-03-24 01:20
VY6340,2026-08-26 12:55,sofia.jones@yahoo.com,87.14,2026-05-11 06:31
VY6342,2026-08-20 11:30,sophie.jansen@icloud.com,76.37,2026-06-19 00:10
VY6338,2026-08-08 19:15,simone.devries@libero.it,90.64,2026-04-21 00:04
VY6109,2026-07-23 16:30,pablo.bianchi89@icloud.com,148.39,2026-04-17 09:10
VY7830,2026-07-14 07:00,lmartinez@libero.it,222.79,2026-04-16 03:50
VY6020,2026-06-20 08:45,tom_bakker@proton.me,144.50,2026-05-30 22:06
VY6346,2026-07-23 08:55,tjones@outlook.com,182.67,2026-04-13 20:56
VY7820,2026-06-28 18:20,lucy.fernandez@proton.me,300.58,2026-04-14 19:06
VY8306,2026-08-23 15:20,pierregomez@proton.me,103.76,2026-03-30 19:43
VY8242,2026-08-06 07:25,sromano@yahoo.com,239.54,2026-03-10 17:07
VY8317,2026-06-02 16:25,sophie.bianchi76@icloud.com,169.19,2026-01-10 11:16
VY6106,2026-07-10 08:00,eva_moretti@icloud.com,53.66,2026-05-15 13:18
VY7826,2026-08-20 12:25,martinagarcia@gmail.com,279.66,2026-07-11 09:25
VY8306,2026-08-20 15:20,lars.smith25@libero.it,146.99,2026-05-29 05:23
VY6340,2026-08-06 12:55,carlos.bianchi@gmail.com,165.98,2026-04-07 18:47
VY8300,2026-06-29 07:10,andrea_garcia@outlook.com,101.77,2026-04-12 18:11
VY6026,2026-07-23 17:45,elopez@yahoo.com,40.47,2026-04-23 14:37
VY6340,2026-08-20 12:55,amoretti@gmail.com,93.34,2026-05-12 06:34
VY6105,2026-07-22 17:45,pablo.ferrari34@icloud.com,219.55,2026-07-01 23:06
VY7820,2026-06-28 18:20,chiara_ferrari@icloud.com,87.60,2026-03-19 06:06
VY6338,2026-07-05 16:45,luciamartinez@gmail.com,26.93,2026-05-20 09:52
VY7826,2026-08-20 12:25,lucia.lopez@gmail.com,97.54,2026-06-07 07:09
VY6100,2026-06-29 06:30,miguel.leroy@gmail.com,69.99,2026-01-31 16:58
VY6342,2026-07-22 11:30,mromano@proton.me,177.19,2026-05-02 12:45
VY6110,2026-07-25 09:50,oliver.devries@hotmail.com,210.32,2026-07-02 13:08
VY6026,2026-06-25 17:45,maria.sanchez69@gmail.com,76.84,2026-05-03 07:42
VY6338,2026-06-15 16:45,anna.martinez58@libero.it,53.70,2026-04-05 03:20
VY8306,2026-08-21 15:10,larsgarcia@gmail.com,229.01,2026-07-02 09:02
VY8309,2026-06-13 10:10,pablotaylor@gmail.com,32.95,2026-01-18 06:57
VY6332,2026-06-21 14:10,ecosta@yahoo.com,57.83,2026-03-01 11:24
VY6101,2026-08-27 09:05,james.ricci79@proton.me,186.25,2026-05-10 04:16
VY6020,2026-08-16 08:45,davide.lopez@outlook.com,124.97,2026-08-02 03:28
VY6100,2026-08-25 06:30,pierre.rossi28@libero.it,71.86,2026-06-19 15:20
VY6102,2026-08-25 18:55,simone.ferrari@gmail.com,208.29,2026-07-24 01:37
VY8304,2026-07-12 18:10,dbianchi@proton.me,222.91,2026-06-09 09:07
VY6107,2026-06-25 10:25,obernard@gmail.com,157.02,2026-05-29 18:44
VY8311,2026-07-28 19:25,francesca_smith@outlook.com,234.89,2026-06-12 11:22
VY7820,2026-07-20 17:35,annaconti@outlook.com,268.50,2026-03-21 21:26
VY8306,2026-06-30 15:10,francesca_brown@yahoo.com,189.93,2026-01-31 16:49
VY3003,2026-08-06 15:55,pmoretti@icloud.com,118.47,2026-06-30 08:24
VY6103,2026-08-11 21:25,chiara_bianchi@hotmail.com,216.84,2026-07-17 17:20
VY8311,2026-08-30 19:35,lucia_leroy@gmail.com,158.99,2026-06-02 21:00
VY6108,2026-08-02 12:50,sara.wilson63@libero.it,214.92,2026-07-14 21:56
VY8302,2026-06-04 13:05,julienfernandez@icloud.com,243.09,2026-04-27 01:59
VY6334,2026-06-30 16:00,jmartinez@hotmail.com,165.31,2026-06-02 00:54
VY6105,2026-08-09 17:55,giuliasmith@outlook.com,70.80,2026-04-15 12:45
VY6330,2026-06-11 07:30,jromano@proton.me,90.37,2026-03-20 09:39
VY8300,2026-08-30 07:10,laura.lopez38@yahoo.com,75.96,2026-08-29 08:36
VY6105,2026-07-11 17:55,lars_jansen@icloud.com,204.84,2026-04-24 01:02
VY6342,2026-08-26 11:30,dricci@proton.me,80.33,2026-08-21 06:30
VY6020,2026-07-18 08:45,martina_jansen@libero.it,211.68,2026-04-29 01:55
VY7826,2026-08-24 12:25,jan.jones30@outlook.com,81.27,2026-07-02 06:29
VY6334,2026-07-12 15:50,sofia.romano@hotmail.com,193.00,2026-05-30 09:52
VY7832,2026-06-08 10:35,carlos.rossi84@icloud.com,270.68,2026-05-18 05:44
VY6105,2026-08-07 14:40,jbakker@outlook.com,203.94,2026-05-26 11:36
VY6111,2026-06-04 21:45,albertosanchez@libero.it,51.84,2026-01-07 09:31
VY6101,2026-07-09 09:05,jbianchi@gmail.com,60.84,2026-04-24 11:17
VY6108,2026-07-02 12:50,annarusso@libero.it,158.79,2026-06-25 16:08
VY7834,2026-06-10 14:25,evawilson@gmail.com,94.25,2026-05-31 13:08
VY6334,2026-08-16 15:50,javier.leroy10@libero.it,136.58,2026-07-09 11:57
VY6104,2026-06-28 15:20,eva_garcia@hotmail.com,133.10,2026-05-30 16:57
VY6338,2026-07-20 16:45,elena.conti42@icloud.com,113.71,2026-07-18 12:57
VY8240,2026-07-20 17:45,marcobianchi@icloud.com,38.28,2026-05-03 12:52
VY6110,2026-08-26 17:35,james_sanchez@yahoo.com,131.66,2026-05-04 21:02
VY6115,2026-08-12 15:55,miguel.perez@icloud.com,169.68,2026-05-02 06:00
VY8242,2026-07-11 07:25,mariafernandez@outlook.com,188.61,2026-05-26 03:46
VY7828,2026-06-07 19:40,ana_ricci@outlook.com,77.86,2026-05-22 18:22
VY6115,2026-08-14 13:25,elena_ferrari@hotmail.com,215.03,2026-04-11 20:27
VY6342,2026-06-15 06:55,larsrusso@icloud.com,174.15,2026-04-04 12:11
VY6108,2026-08-05 12:50,alberto.jones@libero.it,68.00,2026-07-31 11:36
VY8309,2026-08-04 10:10,laura_perez@yahoo.com,225.92,2026-07-20 09:48
VY8250,2026-06-19 10:50,luca.bernard23@outlook.com,147.04,2026-05-26 10:30
VY6115,2026-08-22 16:05,ana_bakker@outlook.com,125.89,2026-08-22 04:30
VY7832,2026-08-01 10:50,mgreco@outlook.com,248.27,2026-07-17 09:22
VY7820,2026-08-16 18:20,pablo_taylor@hotmail.com,156.07,2026-06-15 11:09
VY3003,2026-08-02 15:55,chiara.conti@libero.it,293.40,2026-06-09 00:29
VY7824,2026-08-30 16:20,srusso@icloud.com,185.07,2026-05-19 10:55
VY6008,2026-06-29 10:55,noorleroy@outlook.com,288.30,2026-06-10 04:46
VY8300,2026-08-07 07:10,ssmith@libero.it,181.24,2026-03-21 14:24
VY6336,2026-07-26 21:10,gbrown@hotmail.com,150.68,2026-03-26 10:25
VY6332,2026-06-09 14:10,marco_moretti@gmail.com,142.04,2026-03-06 20:00
VY6107,2026-08-20 10:25,sricci@gmail.com,151.27,2026-07-31 15:17
VY7826,2026-07-13 12:25,eva_moretti@libero.it,284.98,2026-04-13 17:59
VY6102,2026-06-28 19:35,mfernandez@yahoo.com,94.27,2026-06-23 20:43
VY6344,2026-08-05 08:10,sofiaromano@yahoo.com,197.74,2026-04-29 02:31
VY7832,2026-07-12 10:45,jan.sanchez78@libero.it,90.39,2026-02-18 05:24
VY8242,2026-07-11 07:25,carlos.romano@hotmail.com,163.39,2026-03-19 08:06
VY7832,2026-06-26 10:50,lferrari@icloud.com,197.40,2026-03-12 21:13
VY6340,2026-07-28 12:55,smartin@yahoo.com,88.52,2026-07-27 19:05
VY3003,2026-08-16 15:55,enrico.carniani@gmail.com,350.00,2026-06-02 21:14
VY6020,2026-07-23 08:45,emmaferrari@proton.me,130.42,2026-02-26 23:20
VY6104,2026-07-27 15:20,pierre_martin@libero.it,190.05,2026-06-29 01:51
VY6106,2026-07-03 08:00,francesca_martin@gmail.com,69.38,2026-02-15 14:54
VY7830,2026-06-26 07:00,noor.leroy@yahoo.com,103.93,2026-05-14 09:20
VY7820,2026-08-30 18:20,cdevries@hotmail.com,84.89,2026-08-22 12:55
VY8300,2026-06-28 07:10,emma.greco33@icloud.com,179.74,2026-06-23 13:59
VY7832,2026-06-10 10:50,laura.wilson@yahoo.com,233.78,2026-01-22 16:15
VY8300,2026-07-16 07:10,james.dupont@icloud.com,114.80,2026-02-24 23:31
VY6008,2026-07-03 11:15,martina.leroy@gmail.com,151.73,2026-06-30 06:16
VY7830,2026-06-01 07:00,paolo.romano77@libero.it,93.75,2026-02-21 09:35
VY6102,2026-06-19 20:30,paolo_greco@outlook.com,35.44,2026-03-20 08:12
VY6106,2026-08-17 07:50,sconti@libero.it,112.60,2026-06-02 18:22
VY6008,2026-08-25 11:25,lucarossi@hotmail.com,32.42,2026-04-27 05:59
VY8311,2026-07-05 19:35,tommartin@icloud.com,253.38,2026-05-07 10:37
VY6332,2026-07-26 14:10,alberto.greco52@outlook.com,194.84,2026-05-16 16:49
VY6100,2026-06-29 06:30,sricci@proton.me,210.07,2026-05-28 03:10
VY7834,2026-07-15 14:25,javier.russo@yahoo.com,77.24,2026-05-31 08:31
VY6101,2026-06-23 09:05,giulia.dupont64@hotmail.com,69.65,2026-04-08 18:15
VY8242,2026-08-24 07:30,sophie.ricci56@outlook.com,117.30,2026-06-01 19:52
VY6109,2026-06-09 15:30,marcojansen@yahoo.com,198.78,2026-01-24 08:10
VY6020,2026-07-02 08:45,sararossi@hotmail.com,226.02,2026-05-20 09:52
VY8302,2026-06-12 13:05,jamessanchez@libero.it,207.53,2026-05-25 14:16
VY6020,2026-08-31 08:45,eva_perez@yahoo.com,153.21,2026-06-22 15:04
VY8311,2026-07-22 19:35,javier.romano86@outlook.com,116.63,2026-03-03 09:25
VY6108,2026-08-03 11:10,econti@yahoo.com,186.66,2026-05-15 07:45
VY6330,2026-07-28 07:20,sara_smith@gmail.com,31.38,2026-05-03 05:47
VY8309,2026-06-25 10:10,davide.moretti28@proton.me,143.39,2026-02-25 02:22
VY6100,2026-06-14 06:40,simone_russo@yahoo.com,89.85,2026-03-31 02:47
VY6338,2026-08-05 16:45,pablobianchi@hotmail.com,173.16,2026-06-15 08:27
VY8248,2026-07-18 13:10,luciaferrari@outlook.com,145.38,2026-06-16 20:57
VY6106,2026-08-17 07:50,luca_conti@icloud.com,159.73,2026-07-01 17:51
VY6330,2026-08-23 07:30,jjansen@outlook.com,61.80,2026-08-05 19:40
VY6105,2026-06-01 17:55,andrea.bernard@hotmail.com,82.28,2026-04-15 07:12
VY3003,2026-08-04 15:55,sophie.jansen@gmail.com,131.57,2026-06-11 05:09
VY6104,2026-07-18 15:20,lmartin@hotmail.com,130.84,2026-03-31 17:50
VY6105,2026-06-08 17:55,miguel.romano9@outlook.com,170.26,2026-03-04 12:18
VY6109,2026-06-20 14:40,francesca.moretti56@yahoo.com,181.00,2026-01-24 05:44
VY6338,2026-06-05 18:55,elena_bianchi@icloud.com,136.88,2026-05-28 20:53
VY6336,2026-07-02 19:55,anna.martinez@icloud.com,112.85,2026-02-16 12:02
VY6342,2026-07-26 11:30,tom_brown@proton.me,98.98,2026-05-14 05:49
VY6106,2026-07-19 07:55,martina.martinez72@proton.me,87.88,2026-03-23 13:32
VY8306,2026-08-12 15:20,lars.garcia@proton.me,257.00,2026-03-19 03:32
VY6106,2026-07-26 07:55,simone_perez@libero.it,29.04,2026-04-04 08:18
VY6110,2026-08-23 17:45,lars_greco@proton.me,158.78,2026-08-05 13:26
VY6104,2026-07-12 15:20,lucy.bakker34@proton.me,203.19,2026-04-18 20:47
VY6102,2026-06-09 18:55,ana_conti@gmail.com,186.80,2026-04-18 05:24
VY6110,2026-06-08 14:00,nbernard@proton.me,56.34,2026-06-01 07:27
VY6109,2026-07-20 17:15,eva.ferrari36@icloud.com,40.57,2026-05-18 21:44
VY6330,2026-06-02 07:20,amoreau@hotmail.com,179.52,2026-01-06 10:26
VY6105,2026-07-24 14:40,albertoromano@proton.me,30.93,2026-03-03 00:41
VY7820,2026-08-13 18:35,egomez@libero.it,136.47,2026-05-24 19:03
VY8242,2026-06-02 07:25,miguel.rossi@gmail.com,205.99,2026-04-14 02:42
VY6115,2026-07-24 13:25,egarcia@yahoo.com,73.96,2026-07-22 05:31
VY7830,2026-06-13 07:00,alberto.bianchi@libero.it,205.28,2026-05-12 23:14
VY6108,2026-07-20 11:10,elena.bianchi37@gmail.com,90.51,2026-06-24 18:25
VY8300,2026-08-22 07:10,andrea_taylor@hotmail.com,61.68,2026-04-26 00:45
VY6336,2026-06-20 08:45,sofia_conti@hotmail.com,91.41,2026-02-28 06:32
VY8311,2026-07-23 19:35,agreco@gmail.com,92.08,2026-07-07 21:35
VY7832,2026-07-05 10:45,awilson@outlook.com,201.27,2026-05-03 08:04
VY7826,2026-07-25 12:55,fmartin@libero.it,160.17,2026-04-28 09:49
VY6111,2026-07-27 21:35,oliver.martinez@proton.me,27.14,2026-03-19 14:05
VY6008,2026-06-15 10:55,anna.bakker32@outlook.com,179.48,2026-03-10 21:55
VY6109,2026-07-19 15:10,lucia.ferrari@icloud.com,45.82,2026-05-15 12:18
VY8309,2026-08-05 10:10,lucy.jones@yahoo.com,157.14,2026-06-13 23:36
VY8306,2026-08-30 15:20,carlos.jansen@yahoo.com,58.44,2026-04-08 22:20
VY6330,2026-06-14 07:30,paolo.dupont82@libero.it,108.23,2026-05-10 14:35
VY8302,2026-06-26 13:05,jan.leroy@icloud.com,148.23,2026-01-29 05:28
VY8248,2026-07-09 13:20,marcoromano@icloud.com,151.85,2026-03-05 01:04
VY6109,2026-07-20 17:15,emma.wilson41@gmail.com,173.28,2026-03-12 02:27
VY8309,2026-08-20 10:10,simone.garcia@hotmail.com,218.12,2026-05-27 16:23
VY6106,2026-06-26 08:00,eleroy@proton.me,194.05,2026-03-09 14:25
VY6109,2026-08-17 17:15,pablo_romano@gmail.com,192.65,2026-08-09 10:56
VY8300,2026-07-18 07:10,sofiaconti@outlook.com,158.84,2026-03-26 10:23
VY6102,2026-07-08 19:25,sophie_fernandez@gmail.com,80.75,2026-07-05 11:19
VY6100,2026-07-29 06:30,lucia_rossi@outlook.com,213.75,2026-04-30 23:58
VY6103,2026-07-07 21:25,julienferrari@proton.me,47.31,2026-05-26 19:26
VY7826,2026-08-21 12:25,sofiadevries@gmail.com,89.60,2026-08-12 12:44
VY7832,2026-06-26 10:50,oliver.fernandez76@gmail.com,231.53,2026-06-11 12:06
VY7824,2026-07-23 16:30,abianchi@libero.it,87.82,2026-05-22 22:49
VY6101,2026-07-28 09:05,emma.greco@icloud.com,93.53,2026-06-22 04:17
VY8248,2026-08-07 18:55,lucialopez@yahoo.com,195.26,2026-04-30 10:00
VY8242,2026-06-08 07:30,marcodupont@outlook.com,259.61,2026-05-03 02:12
VY6330,2026-07-10 07:30,lbrown@gmail.com,41.75,2026-06-27 06:18
VY6101,2026-08-04 09:05,migueldevries@gmail.com,93.41,2026-08-01 04:31
VY6340,2026-08-27 12:55,pierrebrown@gmail.com,199.49,2026-08-18 17:34
VY8242,2026-07-24 07:35,mbernard@icloud.com,108.72,2026-03-06 13:34
VY8242,2026-06-30 07:25,marcorossi@icloud.com,28.38,2026-04-29 03:04
VY8302,2026-07-13 13:05,ana.martinez@outlook.com,58.49,2026-07-04 16:37
VY7832,2026-07-21 10:50,amoretti@outlook.com,254.43,2026-03-12 18:54
VY6340,2026-06-18 12:55,emma.perez@hotmail.com,49.84,2026-04-15 02:00
VY6026,2026-06-10 21:30,marco.devries33@outlook.com,188.19,2026-05-24 05:37
VY6106,2026-07-09 07:50,carlosmartinez@gmail.com,42.89,2026-05-12 22:32
VY8312,2026-07-31 11:15,emmagomez@libero.it,127.72,2026-06-15 04:17
VY6340,2026-08-25 12:55,martinaleroy@hotmail.com,199.93,2026-03-29 04:36
VY7832,2026-07-28 10:50,sofiabernard@outlook.com,42.16,2026-04-11 14:10
VY6334,2026-07-14 16:00,giulia.costa18@yahoo.com,100.94,2026-04-28 16:25
VY8250,2026-08-17 10:50,luca.garcia@icloud.com,187.14,2026-05-20 07:26
VY6018,2026-08-02 09:30,chiara_martinez@hotmail.com,70.43,2026-03-17 14:31
VY6115,2026-08-10 15:35,james_greco@libero.it,168.49,2026-03-26 02:19
VY6018,2026-07-10 09:20,ldupont@yahoo.com,67.03,2026-06-25 08:48
VY8248,2026-06-03 13:50,eromano@yahoo.com,140.24,2026-01-12 11:14
VY6332,2026-07-28 14:10,sara_brown@proton.me,173.63,2026-04-08 05:08
VY8246,2026-08-11 19:45,carlos.moreau26@outlook.com,239.36,2026-05-02 23:59
VY6336,2026-06-26 21:25,noormartinez@icloud.com,123.00,2026-04-18 07:23
VY6102,2026-08-30 19:35,marcomartinez@outlook.com,126.89,2026-05-12 14:26
VY7826,2026-08-09 12:50,annarossi@gmail.com,233.03,2026-07-03 12:28
VY8248,2026-06-06 13:10,tperez@hotmail.com,33.48,2026-03-02 05:20
VY6340,2026-06-23 12:55,chiara.russo@hotmail.com,134.54,2026-06-22 20:22
VY6334,2026-08-14 15:50,mariamoreau@libero.it,24.52,2026-07-22 03:14
VY6330,2026-07-17 07:30,simone_perez@gmail.com,59.39,2026-02-18 09:56
VY7832,2026-07-07 10:50,cwilson@hotmail.com,40.38,2026-04-12 01:16
VY6101,2026-06-25 09:05,noordupont@outlook.com,94.66,2026-06-19 13:13
VY7830,2026-07-11 07:00,paolo.conti11@gmail.com,58.95,2026-05-09 16:55
VY8248,2026-08-01 13:10,maria.gomez74@outlook.com,168.07,2026-05-27 02:38
VY6340,2026-08-31 12:55,pablobernard@yahoo.com,28.29,2026-08-28 10:32
VY6334,2026-07-09 15:55,julien.martin75@proton.me,98.05,2026-04-03 21:17
VY6102,2026-07-08 19:25,carlos.dupont@proton.me,105.04,2026-06-25 16:22
VY6115,2026-06-13 16:05,mariabakker@icloud.com,166.04,2026-05-20 17:33
VY6018,2026-07-12 09:30,miguel_garcia@yahoo.com,199.02,2026-07-12 04:33
VY6115,2026-07-17 13:25,sophieleroy@hotmail.com,201.45,2026-04-25 08:56
VY6111,2026-06-29 21:35,marcomartin@icloud.com,63.26,2026-04-02 07:34
VY6340,2026-06-09 12:55,anna.russo@libero.it,207.57,2026-05-04 19:11
VY8300,2026-07-10 07:10,gmartin@gmail.com,274.22,2026-04-17 19:34
VY6340,2026-08-22 12:55,julien.jones@gmail.com,28.06,2026-07-09 05:52
VY3003,2026-06-08 15:55,giuliaferrari@outlook.com,74.44,2026-05-03 01:50
VY6340,2026-08-24 12:55,chiara.garcia4@icloud.com,50.07,2026-05-07 10:33
VY6336,2026-08-06 19:55,jan.sanchez99@yahoo.com,92.05,2026-04-19 06:07
VY6104,2026-07-06 15:20,mariadevries@proton.me,176.75,2026-04-18 19:09
VY8300,2026-07-30 07:10,chiara.bernard@yahoo.com,113.61,2026-07-24 03:31
VY8312,2026-07-17 11:15,oliver.wilson20@outlook.com,220.75,2026-05-25 11:56
VY6108,2026-07-03 13:45,ana.martinez@libero.it,134.64,2026-02-28 00:11
VY8309,2026-08-03 10:10,mconti@libero.it,63.22,2026-06-17 21:42
VY6332,2026-08-15 14:10,carlos_dupont@hotmail.com,92.14,2026-05-05 09:16
VY6332,2026-08-22 14:10,emma.leroy80@hotmail.com,213.23,2026-04-30 21:16
VY8309,2026-07-14 10:10,pablo.smith@hotmail.com,246.96,2026-02-16 08:30
VY6104,2026-08-31 15:20,jamesmartin@outlook.com,215.46,2026-06-14 22:44
VY8242,2026-06-30 07:25,ltaylor@icloud.com,230.00,2026-04-13 06:06
VY6103,2026-06-14 22:05,julien.ricci95@outlook.com,207.93,2026-03-20 01:38
VY6336,2026-07-04 08:45,emma.leroy@proton.me,74.89,2026-06-29 20:03
VY6106,2026-06-12 08:00,cconti@outlook.com,48.03,2026-02-06 01:26
VY6106,2026-06-01 07:50,tomconti@libero.it,194.37,2026-03-15 00:29
VY6338,2026-06-06 19:15,miguel.brown@yahoo.com,117.04,2026-02-19 02:14
VY6108,2026-08-19 12:50,ana.moreau48@outlook.com,37.73,2026-08-08 07:45
VY8242,2026-08-01 07:25,grusso@gmail.com,192.26,2026-06-14 23:30
VY7828,2026-06-29 19:00,pierre.jansen@libero.it,205.98,2026-03-13 18:08
VY8248,2026-08-07 18:55,anabianchi@gmail.com,174.43,2026-07-25 17:43
VY6342,2026-07-26 11:30,emmabianchi@yahoo.com,110.75,2026-07-14 09:25
VY6103,2026-08-25 21:25,oliver_perez@proton.me,216.40,2026-06-25 17:37
VY8242,2026-07-14 07:25,francesca.taylor20@libero.it,202.60,2026-07-02 08:19
VY6336,2026-08-06 19:55,julien.russo75@proton.me,141.04,2026-07-23 20:23
VY6101,2026-07-30 09:05,eferrari@yahoo.com,117.98,2026-04-28 08:25
VY7828,2026-06-21 19:40,agreco@icloud.com,119.33,2026-05-22 19:10
VY6332,2026-08-09 14:10,sfernandez@gmail.com,19.99,2026-04-11 18:22
VY8306,2026-08-28 15:10,egomez@proton.me,136.90,2026-04-08 16:38
VY8242,2026-06-15 07:30,julien.jansen@icloud.com,52.83,2026-01-15 11:06
VY6104,2026-06-19 15:20,lucia.greco@outlook.com,126.69,2026-06-09 00:24
VY6334,2026-08-14 15:50,sofia.devries@gmail.com,68.12,2026-03-27 04:00
VY6340,2026-06-16 12:55,carloslopez@outlook.com,146.12,2026-04-02 06:04
VY8309,2026-08-31 10:10,fgreco@yahoo.com,241.17,2026-08-21 21:32
VY8309,2026-07-08 10:10,sofia_ferrari@libero.it,194.75,2026-03-16 12:27
VY6334,2026-06-11 15:55,maria.ferrari@libero.it,73.90,2026-03-09 17:08
VY6340,2026-06-11 12:55,marcojansen@outlook.com,184.44,2026-05-05 00:51
VY6116,2026-07-04 22:05,ana.martin@icloud.com,40.82,2026-02-21 13:08
VY6102,2026-07-20 20:50,tomconti@gmail.com,198.45,2026-05-08 02:56
VY8311,2026-06-01 19:35,andrea.moreau2@proton.me,102.53,2026-02-12 23:44
VY6008,2026-06-22 10:55,davide_gomez@hotmail.com,39.55,2026-06-03 22:25
VY6108,2026-08-05 12:50,anna_sanchez@gmail.com,85.92,2026-06-04 05:08
VY8248,2026-06-09 12:45,oliverjones@hotmail.com,20.99,2026-05-10 03:47
VY6336,2026-07-17 21:25,james.sanchez71@yahoo.com,176.07,2026-03-31 18:05
VY8302,2026-08-09 13:15,ataylor@yahoo.com,233.53,2026-07-04 19:26
VY6107,2026-08-15 10:30,noor.russo44@yahoo.com,39.89,2026-05-11 15:59
VY8242,2026-06-15 07:30,smartinez@gmail.com,120.84,2026-06-03 09:39
VY6342,2026-06-15 06:55,simone.devries@yahoo.com,74.20,2026-03-12 22:28
VY6338,2026-06-06 19:15,noor.devries16@hotmail.com,96.98,2026-04-15 17:23
VY6020,2026-08-15 08:45,sophie.jansen@outlook.com,107.05,2026-03-31 11:57
VY8317,2026-06-09 16:25,javier.taylor57@proton.me,153.24,2026-04-12 00:24
VY7824,2026-06-07 16:20,javierbrown@icloud.com,260.88,2026-03-15 17:51
VY8246,2026-06-16 19:45,miguelgarcia@icloud.com,108.10,2026-03-07 22:12
VY6330,2026-07-19 07:30,jgarcia@libero.it,185.18,2026-03-26 18:03
VY8250,2026-08-23 10:50,pablo_bernard@hotmail.com,109.32,2026-04-23 07:55
VY8309,2026-07-15 10:10,lars_jones@proton.me,132.82,2026-06-13 03:13
VY6344,2026-07-15 08:10,larsbrown@outlook.com,133.77,2026-07-07 23:37
VY6020,2026-06-06 08:45,sofia_leroy@proton.me,225.61,2026-04-07 00:45
VY6020,2026-07-27 08:45,chiara_taylor@proton.me,241.86,2026-03-01 18:58
VY6108,2026-07-12 12:50,jan.jones@libero.it,106.22,2026-07-10 02:38
VY6100,2026-07-15 06:30,sdupont@proton.me,130.40,2026-03-09 08:09
VY6342,2026-06-08 06:55,mwilson@outlook.com,137.24,2026-04-07 14:39
VY6332,2026-08-20 14:15,javierbianchi@outlook.com,102.70,2026-04-25 15:02
VY6116,2026-08-28 10:55,smoreau@hotmail.com,152.59,2026-08-01 08:02
VY6340,2026-07-27 12:55,tom_martinez@yahoo.com,44.98,2026-04-10 07:52
VY7832,2026-06-11 10:55,sophiebianchi@gmail.com,116.88,2026-02-27 16:20
VY8242,2026-08-18 07:25,javiermartinez@libero.it,126.12,2026-06-25 12:31
VY7824,2026-07-09 16:30,emartinez@yahoo.com,310.36,2026-02-19 16:24
VY6020,2026-07-17 08:45,andrea.devries@outlook.com,250.62,2026-02-28 07:50
VY6110,2026-08-15 09:50,luca.taylor@gmail.com,221.96,2026-06-26 18:54
VY8309,2026-06-28 10:10,jbakker@icloud.com,176.46,2026-03-14 19:59
VY6100,2026-06-22 06:30,eleroy@outlook.com,200.44,2026-03-02 00:54
VY6334,2026-08-25 16:00,miguel.gomez42@gmail.com,126.24,2026-04-03 14:13
VY6020,2026-06-15 08:45,sophieperez@outlook.com,273.63,2026-01-25 22:39
VY6110,2026-07-13 14:00,chiara.martinez@proton.me,172.15,2026-03-09 08:26
VY8242,2026-07-07 07:25,abianchi@libero.it,81.10,2026-04-21 12:33
VY8242,2026-07-10 07:35,ana.greco83@yahoo.com,133.52,2026-05-27 16:40
VY7830,2026-06-20 07:00,martina_perez@proton.me,188.72,2026-01-20 19:59
VY6102,2026-07-21 18:55,davide.gomez@outlook.com,116.31,2026-04-04 19:24
VY6101,2026-06-05 09:05,anaricci@outlook.com,136.00,2026-05-09 14:12
VY6101,2026-08-12 09:05,luca_dupont@icloud.com,37.95,2026-05-28 01:26
VY6340,2026-08-25 12:55,pierre.lopez@outlook.com,24.76,2026-07-16 01:43
VY8246,2026-06-23 19:45,anna.smith@icloud.com,102.17,2026-03-19 22:54
VY8306,2026-08-22 15:10,luca_sanchez@icloud.com,226.42,2026-06-11 04:20
VY8242,2026-08-16 07:25,pierre.lopez21@proton.me,155.36,2026-06-23 12:13
VY6330,2026-06-24 07:30,eva_rossi@libero.it,90.37,2026-03-07 03:30
VY7830,2026-08-09 07:00,emma.gomez@outlook.com,181.33,2026-07-09 02:07
VY6020,2026-08-22 08:45,jan_bakker@icloud.com,189.34,2026-05-28 13:20
VY6103,2026-06-12 23:00,lferrari@yahoo.com,208.19,2026-04-11 07:35
VY6334,2026-07-25 15:50,emma_moretti@outlook.com,86.17,2026-07-22 03:39
VY8309,2026-08-24 10:10,javier.brown@libero.it,148.40,2026-07-29 16:02
VY6108,2026-06-22 11:10,emmajansen@libero.it,42.38,2026-03-12 06:43
VY6330,2026-08-20 07:30,maria_fernandez@hotmail.com,123.67,2026-06-16 19:24
VY8240,2026-06-11 17:30,ana_costa@yahoo.com,134.54,2026-06-05 16:54
VY6108,2026-06-30 12:55,paoloferrari@proton.me,195.30,2026-05-13 07:10
VY6024,2026-07-02 05:50,carlos.russo@yahoo.com,126.35,2026-04-23 23:04
VY6008,2026-06-23 11:25,simone.moretti18@hotmail.com,206.41,2026-03-01 19:27
VY8250,2026-07-27 10:50,chiaraconti@libero.it,248.02,2026-05-24 06:41
VY8306,2026-08-16 15:20,eva_leroy@outlook.com,101.51,2026-05-25 16:21
VY6332,2026-08-08 14:10,ljones@proton.me,186.72,2026-03-22 22:39
VY6116,2026-07-24 10:55,alberto.smith13@proton.me,59.40,2026-05-25 05:18
VY6008,2026-07-28 11:25,tom.jones@icloud.com,283.16,2026-03-30 12:51
VY6101,2026-07-02 09:05,lars_lopez@outlook.com,156.06,2026-04-01 09:32
VY6340,2026-08-31 12:55,javier_rossi@yahoo.com,169.48,2026-05-01 08:30
VY6101,2026-07-08 09:05,pablo.wilson82@libero.it,123.25,2026-05-25 21:46
VY6336,2026-07-05 21:10,javier.martinez@proton.me,38.97,2026-05-23 04:00
VY8248,2026-06-10 13:50,lucy_devries@hotmail.com,147.23,2026-02-27 08:02
VY6338,2026-06-18 16:45,chiarawilson@outlook.com,127.89,2026-05-02 20:45
VY7832,2026-08-26 10:50,marco_leroy@libero.it,103.91,2026-04-02 05:12
VY6100,2026-08-01 06:30,lucia.brown1@proton.me,102.52,2026-04-10 05:22
VY7832,2026-08-23 10:45,lmartinez@proton.me,131.46,2026-03-27 23:18
VY8306,2026-06-27 15:10,sara.perez@icloud.com,189.76,2026-04-28 20:06
VY6332,2026-06-21 14:10,cmartinez@gmail.com,72.46,2026-02-03 18:59
VY6109,2026-06-08 17:15,luciarossi@hotmail.com,209.51,2026-06-06 19:13
VY7832,2026-07-16 10:55,lmoreau@hotmail.com,208.82,2026-05-05 22:48
VY7834,2026-08-21 13:20,marco.rossi74@outlook.com,64.90,2026-04-08 14:58
VY3003,2026-07-13 15:55,albertocosta@libero.it,89.22,2026-06-20 01:03
VY6026,2026-06-10 21:30,marco.moretti80@yahoo.com,94.79,2026-04-21 08:23
VY3003,2026-08-06 15:55,paolo.brown45@proton.me,66.67,2026-07-02 09:10
VY6338,2026-06-27 19:15,james_costa@yahoo.com,48.28,2026-03-02 13:46
VY6342,2026-07-15 11:30,pablo_leroy@yahoo.com,205.24,2026-07-06 21:36
VY8311,2026-06-17 19:35,andrea.jansen42@gmail.com,184.19,2026-04-07 05:44
VY8306,2026-07-18 15:10,lauramartinez@gmail.com,165.01,2026-06-25 23:31
VY6107,2026-08-22 10:30,eferrari@outlook.com,59.12,2026-05-01 01:13
VY8248,2026-06-21 13:25,fromano@icloud.com,88.11,2026-03-28 06:53
VY6330,2026-08-11 07:20,sophiebrown@hotmail.com,202.17,2026-05-27 13:57
VY6020,2026-07-23 08:45,lars.jones94@gmail.com,183.48,2026-03-26 03:33
VY8304,2026-07-31 18:10,amoretti@libero.it,41.92,2026-05-06 10:38
VY6116,2026-08-28 10:55,giulia_moreau@proton.me,71.41,2026-06-18 03:35
VY6104,2026-06-21 15:20,owilson@libero.it,112.90,2026-03-04 14:01
VY6108,2026-06-09 12:55,pdevries@libero.it,82.36,2026-01-27 04:38
VY8300,2026-07-06 07:10,luciawilson@libero.it,56.66,2026-04-07 17:54
VY8311,2026-08-21 19:35,lucy.taylor@icloud.com,126.69,2026-04-02 17:12
VY6102,2026-07-05 19:35,mariadevries@icloud.com,191.33,2026-02-09 18:32
VY8311,2026-08-18 19:25,smoretti@gmail.com,64.15,2026-06-01 09:23
VY6020,2026-06-28 08:45,lucasanchez@hotmail.com,295.39,2026-03-11 07:24
VY6101,2026-06-26 09:05,mjansen@libero.it,208.49,2026-04-25 03:04
VY6115,2026-06-20 16:05,carlosmartinez@hotmail.com,27.41,2026-05-20 22:06
VY6108,2026-07-09 12:50,chiara_ricci@hotmail.com,201.23,2026-02-11 16:33
VY6336,2026-07-18 08:45,anna.costa@hotmail.com,141.51,2026-05-23 15:57
VY8317,2026-07-14 16:25,ana_fernandez@proton.me,225.40,2026-05-23 06:42
VY6332,2026-08-19 14:15,jan.leroy82@proton.me,115.77,2026-05-09 13:28
VY6342,2026-06-03 11:30,elena.fernandez@yahoo.com,181.26,2026-01-08 07:22
VY8312,2026-07-31 11:15,mcosta@gmail.com,249.94,2026-07-11 17:20
VY6106,2026-07-09 07:50,ana.romano@hotmail.com,97.44,2026-06-24 05:25
VY6330,2026-06-19 07:30,chiara_costa@outlook.com,198.82,2026-05-04 14:37
VY6332,2026-07-16 14:15,sdevries@libero.it,39.44,2026-04-25 07:26
VY6332,2026-08-25 14:10,ana.brown76@outlook.com,194.10,2026-06-07 18:54
VY8300,2026-06-04 07:10,pierretaylor@yahoo.com,87.53,2026-01-17 09:28
VY8242,2026-06-29 07:30,sofia_gomez@hotmail.com,186.89,2026-06-25 04:12
VY6108,2026-07-12 12:50,amoreau@outlook.com,27.93,2026-05-28 10:11
VY6330,2026-06-01 07:35,sophie.greco66@libero.it,98.84,2026-01-17 02:18
VY8306,2026-08-13 15:20,andrea_devries@gmail.com,87.30,2026-07-06 16:37
VY6338,2026-07-09 16:45,francescamoretti@libero.it,115.85,2026-07-08 04:05
VY7832,2026-06-11 10:55,francesca_moretti@libero.it,128.64,2026-01-14 09:49
VY6101,2026-08-01 09:05,marco.lopez@gmail.com,58.41,2026-03-24 06:44
VY8309,2026-07-15 10:10,lucy.bianchi@outlook.com,47.04,2026-06-05 20:30
VY6020,2026-06-04 08:45,adevries@outlook.com,172.82,2026-01-22 11:48
VY6020,2026-07-20 08:45,tom_moreau@yahoo.com,85.22,2026-03-02 03:04
VY6342,2026-08-10 06:55,lars_conti@yahoo.com,200.66,2026-08-05 16:46
VY8300,2026-08-29 07:10,chiara_ferrari@gmail.com,178.67,2026-05-01 10:53
VY7832,2026-07-10 10:50,jamesbrown@gmail.com,289.93,2026-04-03 07:40
VY7830,2026-07-23 07:00,elenadevries@hotmail.com,36.35,2026-07-18 23:21
VY6116,2026-06-19 10:55,jleroy@libero.it,164.79,2026-04-09 02:42
VY6104,2026-07-31 15:20,oliver.taylor@outlook.com,57.23,2026-03-19 17:28
VY8300,2026-06-02 07:10,davide_lopez@gmail.com,216.95,2026-04-26 22:00
VY8248,2026-07-25 13:10,pierre_rossi@yahoo.com,55.34,2026-05-28 22:47
VY8300,2026-07-24 07:10,fmoretti@gmail.com,152.44,2026-07-08 23:31
VY8248,2026-06-12 18:55,lucy.bianchi46@outlook.com,234.07,2026-03-08 08:47
VY6108,2026-08-05 12:50,martina.leroy48@libero.it,173.03,2026-07-15 14:16
VY6109,2026-06-02 15:30,maria_russo@hotmail.com,224.17,2026-03-24 22:56
VY6342,2026-07-17 10:55,lgarcia@gmail.com,66.75,2026-04-05 21:46
VY8306,2026-07-06 15:10,andrea_garcia@yahoo.com,134.35,2026-02-21 01:52
VY6105,2026-07-23 17:55,sara_dupont@icloud.com,194.90,2026-06-09 13:08
VY6330,2026-07-07 07:20,mbrown@gmail.com,64.31,2026-02-12 12:12
VY7828,2026-08-30 19:40,ltaylor@icloud.com,162.99,2026-04-03 06:29
VY6100,2026-07-26 06:40,pierre_lopez@libero.it,212.95,2026-06-16 11:42
VY8302,2026-07-15 13:05,oliverdevries@yahoo.com,251.81,2026-03-05 22:20
VY8317,2026-08-25 16:25,lars_martinez@proton.me,224.02,2026-07-25 09:09
VY6107,2026-08-15 10:30,lauraricci@proton.me,76.40,2026-06-13 07:10
VY7828,2026-07-26 19:40,marco.taylor9@yahoo.com,64.02,2026-04-14 19:39
VY3003,2026-06-05 15:55,andrealeroy@proton.me,245.55,2026-02-06 03:46
VY6342,2026-06-04 11:30,lucyrusso@icloud.com,187.75,2026-01-11 09:17
VY6116,2026-08-15 22:05,luca_romano@hotmail.com,136.34,2026-03-29 06:57
VY8300,2026-07-31 07:10,carlos.martin2@icloud.com,118.17,2026-05-16 01:23
VY6344,2026-08-31 08:35,anna.moreau@icloud.com,148.59,2026-04-21 03:21
VY6346,2026-08-27 08:55,miguel_garcia@proton.me,111.33,2026-07-31 13:39
VY6342,2026-06-04 11:30,marco.ferrari61@outlook.com,148.70,2026-02-21 18:22
VY7834,2026-07-29 14:25,lars.jones74@hotmail.com,285.64,2026-04-16 01:19
VY6100,2026-06-15 06:30,pleroy@yahoo.com,178.09,2026-04-02 06:11
VY8240,2026-06-11 17:30,james.costa80@proton.me,187.16,2026-05-23 20:18
VY6102,2026-07-08 19:25,ana.ferrari64@gmail.com,36.67,2026-03-05 04:13
VY6106,2026-06-22 07:50,anna_moreau@icloud.com,112.22,2026-05-08 06:41
VY8312,2026-08-07 11:15,simone.bianchi25@libero.it,44.88,2026-04-06 05:02
VY7832,2026-06-18 10:55,martina_martin@gmail.com,258.28,2026-03-31 02:01
VY8242,2026-08-13 07:25,luciawilson@yahoo.com,88.67,2026-04-21 07:51
VY7830,2026-06-07 07:00,andrea_gomez@gmail.com,289.31,2026-02-06 17:40
VY8306,2026-08-13 15:20,jamesfernandez@proton.me,144.91,2026-03-24 04:15
VY6102,2026-07-20 20:50,julien.bianchi@icloud.com,136.08,2026-04-21 08:38
VY8302,2026-08-14 13:05,chiara.perez@yahoo.com,114.33,2026-05-17 19:18
VY6332,2026-08-23 14:10,pierre.ricci@hotmail.com,173.63,2026-05-14 16:47
VY7834,2026-06-05 13:20,marco.romano@libero.it,213.46,2026-06-05 10:20
VY8311,2026-06-29 19:35,pierre_ricci@outlook.com,110.29,2026-02-11 11:34
VY6115,2026-06-17 15:55,miguel.gomez@outlook.com,41.38,2026-04-24 21:31
VY6105,2026-07-18 17:55,emma.moretti@libero.it,103.80,2026-02-27 05:12
VY7830,2026-07-12 07:00,anna.ferrari49@libero.it,170.08,2026-04-02 20:50
VY6107,2026-07-11 10:30,annaperez@outlook.com,161.31,2026-05-19 11:15
VY6103,2026-06-05 23:00,giulia.conti@proton.me,212.22,2026-02-06 13:44
VY6338,2026-08-11 20:50,jamesbianchi@gmail.com,178.24,2026-04-03 21:12
VY8309,2026-08-03 10:10,tom.wilson@gmail.com,216.65,2026-07-10 16:17
VY8317,2026-06-19 16:20,paolo.bernard69@icloud.com,212.68,2026-03-12 04:14
VY6338,2026-07-02 16:45,erusso@gmail.com,124.14,2026-03-22 09:34
VY6109,2026-06-28 15:10,jsanchez@libero.it,227.62,2026-05-19 11:09
VY6115,2026-06-01 15:35,tom.jansen@proton.me,126.70,2026-02-27 17:18
VY8302,2026-07-20 13:05,laura.ferrari@yahoo.com,208.50,2026-06-14 16:08
VY6108,2026-07-07 12:55,promano@proton.me,178.47,2026-02-11 02:09
VY7832,2026-07-16 10:55,pierre_bernard@hotmail.com,258.87,2026-06-12 21:44
VY6342,2026-08-26 11:30,francesca_ferrari@yahoo.com,19.99,2026-08-23 06:43
VY6109,2026-06-02 15:30,pablo_bakker@hotmail.com,50.16,2026-01-11 01:30
VY6104,2026-06-05 15:20,mbrown@proton.me,95.47,2026-02-25 08:18
VY7820,2026-06-01 17:35,alberto_dupont@icloud.com,127.76,2026-01-16 21:30
VY6104,2026-07-25 15:20,elenamartinez@libero.it,54.33,2026-02-25 13:43
VY6026,2026-06-03 21:30,laura.gomez59@icloud.com,66.18,2026-03-28 11:20
VY6008,2026-07-14 11:25,javier.brown@icloud.com,219.59,2026-06-15 16:44
VY7830,2026-08-07 07:00,oliver.bakker38@yahoo.com,170.37,2026-04-10 19:02
VY6338,2026-08-15 19:15,tom_perez@yahoo.com,75.47,2026-07-11 17:55
VY8311,2026-08-04 19:25,giulia.moretti@libero.it,101.95,2026-03-26 17:18
VY6100,2026-07-22 06:30,tom.taylor37@hotmail.com,140.82,2026-04-23 14:17
VY6111,2026-07-08 22:05,oliver.ricci@yahoo.com,50.49,2026-04-05 17:58
VY6332,2026-08-05 14:15,lucia.moreau18@icloud.com,90.41,2026-04-23 10:24
VY7832,2026-07-10 10:50,lucia.taylor@outlook.com,33.67,2026-03-17 14:41
VY7834,2026-06-19 13:20,giuliaferrari@libero.it,136.82,2026-03-17 20:57
VY8250,2026-06-01 10:50,paolo.bernard@yahoo.com,39.16,2026-05-08 21:19
VY8242,2026-07-20 07:30,lucyferrari@icloud.com,121.32,2026-06-17 02:14
VY8248,2026-07-01 13:50,julien.perez96@outlook.com,99.21,2026-06-16 15:26
VY3003,2026-06-09 15:55,jan.perez@icloud.com,248.80,2026-02-09 21:52
VY6107,2026-08-27 10:25,eva.brown56@proton.me,175.34,2026-04-14 13:49
VY6020,2026-08-07 08:45,elenagreco@yahoo.com,138.24,2026-05-14 19:49
VY6109,2026-08-06 16:30,msmith@gmail.com,141.87,2026-03-16 02:05
VY7832,2026-08-12 10:50,chiaragreco@proton.me,79.42,2026-04-11 18:59
VY6340,2026-06-01 12:55,davidejones@outlook.com,165.61,2026-04-15 07:54
VY6110,2026-06-18 20:00,clopez@yahoo.com,188.44,2026-02-16 13:10
VY6107,2026-06-25 10:25,amoreau@hotmail.com,38.36,2026-05-22 00:10
VY6008,2026-07-28 11:25,james_bakker@libero.it,268.39,2026-05-23 05:57
VY7826,2026-06-15 12:25,lucagarcia@gmail.com,94.41,2026-03-20 16:16
VY6115,2026-07-24 13:25,laurasanchez@icloud.com,46.26,2026-07-24 10:25
VY6628,2026-06-26 21:50,andrea_ricci@outlook.com,108.07,2026-04-11 06:08
VY6330,2026-08-23 07:30,jan.wilson11@proton.me,140.20,2026-04-21 20:38
VY6116,2026-06-26 10:55,martina_bernard@libero.it,156.19,2026-03-19 08:57
VY3003,2026-07-27 15:55,marco.fernandez51@outlook.com,228.83,2026-06-01 12:54
VY6100,2026-06-21 06:40,mbakker@hotmail.com,153.80,2026-03-02 09:54
VY6008,2026-07-14 11:25,nfernandez@hotmail.com,154.91,2026-06-24 21:29
VY6102,2026-08-26 19:25,dbianchi@proton.me,83.75,2026-05-05 19:12
VY7826,2026-06-04 12:25,tom.ferrari@libero.it,120.98,2026-01-27 03:17
VY6338,2026-07-14 20:50,odupont@hotmail.com,166.06,2026-07-01 15:53
VY6101,2026-08-13 09:05,carlos.smith@proton.me,175.94,2026-04-25 18:39
VY8306,2026-08-26 15:20,miguel.lopez66@libero.it,136.28,2026-08-16 07:35
VY6108,2026-08-19 12:50,amartin@yahoo.com,189.98,2026-06-12 23:04
VY6108,2026-06-30 12:55,pablo_romano@libero.it,145.54,2026-05-08 09:22
VY6101,2026-07-16 09:05,andrea_dupont@hotmail.com,179.26,2026-05-05 13:15
VY7826,2026-06-04 12:25,tomricci@outlook.com,194.72,2026-03-16 02:25
VY7828,2026-08-16 19:40,carlos_perez@yahoo.com,152.10,2026-06-02 13:32
VY7826,2026-08-23 12:50,eva.leroy@libero.it,130.50,2026-07-13 14:15
VY6101,2026-08-21 09:05,anna.sanchez@gmail.com,203.36,2026-06-08 15:06
VY6109,2026-08-05 14:45,ana_garcia@icloud.com,42.07,2026-04-15 15:01
VY6105,2026-08-05 17:45,abernard@libero.it,214.15,2026-05-21 11:53
VY8240,2026-07-17 17:20,mariabakker@hotmail.com,179.73,2026-03-08 00:47
VY6336,2026-07-19 21:10,eva.wilson@hotmail.com,144.24,2026-07-05 10:28
VY7824,2026-07-19 16:20,julien.romano83@hotmail.com,49.81,2026-05-28 17:34
VY7826,2026-06-29 12:25,giulia.gomez87@icloud.com,167.51,2026-02-12 04:00
VY7824,2026-07-10 16:25,eva_sanchez@proton.me,221.15,2026-02-15 04:13
VY8246,2026-08-25 19:45,evabianchi@hotmail.com,124.63,2026-07-26 17:52
VY6104,2026-06-08 15:20,staylor@libero.it,95.26,2026-05-14 02:00
VY6100,2026-07-18 06:30,lars.brown42@proton.me,102.01,2026-03-12 08:31
VY6338,2026-08-10 16:45,james.jones@gmail.com,89.05,2026-07-16 11:29
VY6338,2026-06-05 18:55,lars.wilson17@libero.it,93.48,2026-01-23 05:04
VY6020,2026-06-06 08:45,paolo.garcia23@proton.me,128.66,2026-03-08 00:25
VY8242,2026-06-29 07:30,tomrossi@outlook.com,91.60,2026-01-29 12:00
VY8309,2026-07-20 10:10,smoreau@proton.me,136.33,2026-04-02 09:38
VY6110,2026-06-04 20:00,luca.taylor80@proton.me,169.42,2026-04-03 06:48
VY8306,2026-08-27 15:20,sara.martinez6@libero.it,106.85,2026-04-17 18:54
VY6104,2026-06-05 15:20,emmaperez@yahoo.com,136.12,2026-04-09 14:42
VY6107,2026-08-02 10:40,james_ricci@hotmail.com,141.23,2026-04-13 14:36
VY8300,2026-06-13 07:10,elopez@icloud.com,244.53,2026-05-04 13:53
VY7826,2026-06-26 12:25,sgomez@proton.me,172.62,2026-06-15 22:12
VY6104,2026-08-04 15:20,olivermoretti@icloud.com,130.49,2026-07-31 21:00
VY7834,2026-06-24 14:25,lgarcia@gmail.com,222.71,2026-01-25 17:37
VY7826,2026-06-16 12:25,luca.leroy@yahoo.com,223.45,2026-05-09 15:30
VY6101,2026-08-25 09:05,ericci@outlook.com,137.92,2026-07-20 22:32
VY8300,2026-08-19 07:10,mcosta@yahoo.com,104.23,2026-07-25 12:23
VY6332,2026-07-20 14:10,lferrari@libero.it,101.47,2026-04-18 10:28
VY6018,2026-06-26 09:20,noorconti@proton.me,305.21,2026-05-17 03:20
VY7826,2026-07-27 12:25,erusso@outlook.com,122.15,2026-04-16 13:53
VY8246,2026-06-23 19:45,dperez@libero.it,170.96,2026-03-06 18:58
VY6100,2026-07-29 06:30,llopez@outlook.com,170.12,2026-04-12 15:12
VY6109,2026-08-05 14:45,chiara_smith@proton.me,23.44,2026-06-11 17:04
VY6340,2026-08-11 12:55,maria.taylor49@proton.me,40.14,2026-07-04 03:06
VY6336,2026-07-02 19:55,giuliabakker@outlook.com,125.70,2026-02-12 01:02
VY6628,2026-06-12 21:50,noorromano@outlook.com,152.15,2026-02-11 18:22
VY6107,2026-06-22 10:20,alberto_bernard@libero.it,123.81,2026-06-08 08:35
VY6108,2026-07-30 12:50,simone.devries75@libero.it,116.62,2026-03-11 03:59
VY7832,2026-06-25 10:55,jan_lopez@gmail.com,57.02,2026-03-09 19:35
VY8306,2026-08-16 15:20,pablo.devries@yahoo.com,257.56,2026-08-06 00:33
VY8309,2026-07-25 10:10,lucy_smith@proton.me,48.03,2026-07-10 16:33
VY6334,2026-08-06 15:55,jgreco@hotmail.com,133.62,2026-03-19 09:23
VY7830,2026-06-20 07:00,miguelferrari@icloud.com,181.21,2026-06-15 09:30
VY6108,2026-07-08 12:50,anna_perez@proton.me,155.30,2026-06-30 15:56
VY8246,2026-07-21 19:45,francesca.wilson@icloud.com,57.60,2026-03-05 03:04
VY6111,2026-08-11 16:35,miguel_brown@gmail.com,56.13,2026-04-08 15:37
VY3003,2026-08-21 15:55,mariaromano@hotmail.com,74.90,2026-07-19 08:25
VY6109,2026-07-22 14:45,alberto_costa@hotmail.com,141.23,2026-05-12 16:13
VY6344,2026-08-26 08:10,jan_devries@hotmail.com,34.73,2026-08-14 18:39
VY6338,2026-08-20 16:45,sofia.fernandez@proton.me,122.49,2026-06-24 10:24
VY6342,2026-07-16 11:30,pablo.russo42@yahoo.com,108.51,2026-06-02 13:33
VY8311,2026-07-29 19:35,luca.smith@icloud.com,47.96,2026-05-09 04:52
VY8306,2026-07-15 15:20,emma.dupont6@yahoo.com,192.79,2026-05-19 23:03
VY6107,2026-07-18 10:30,lucy.taylor@libero.it,125.39,2026-06-29 01:26
VY6100,2026-08-26 06:30,janwilson@hotmail.com,168.50,2026-06-28 09:40
VY6338,2026-07-20 16:45,andrea_perez@libero.it,200.06,2026-04-10 23:07
VY7832,2026-07-11 10:50,maria.sanchez82@proton.me,270.27,2026-03-18 17:47
VY6111,2026-08-12 22:05,lucia.jansen74@gmail.com,147.41,2026-04-03 12:49
VY6110,2026-08-25 14:15,alberto.martin@hotmail.com,172.09,2026-05-08 14:21
VY6342,2026-06-21 11:30,oliverconti@proton.me,198.26,2026-02-19 04:42
VY7824,2026-06-11 16:30,anaricci@libero.it,136.50,2026-03-10 01:45
VY8248,2026-07-11 13:10,luca.garcia@yahoo.com,81.39,2026-02-17 13:57
VY6020,2026-07-23 08:45,sophie.sanchez23@gmail.com,136.25,2026-05-06 12:35
VY6344,2026-07-06 08:35,julien_greco@hotmail.com,184.84,2026-06-18 15:13
VY8306,2026-08-14 15:10,francesca.wilson61@hotmail.com,138.44,2026-06-22 05:52
VY6109,2026-06-17 14:45,tmoretti@yahoo.com,167.09,2026-01-22 03:11
VY8242,2026-08-09 07:25,martina.rossi@outlook.com,247.34,2026-07-10 18:21
VY8304,2026-08-23 18:10,andrea.moretti@outlook.com,74.19,2026-07-30 05:34
VY8240,2026-08-13 17:30,sara.fernandez76@proton.me,207.42,2026-04-13 04:46
VY6108,2026-07-23 12:50,carlosromano@icloud.com,64.87,2026-03-30 03:49
VY8311,2026-07-08 19:35,gleroy@proton.me,107.72,2026-05-08 12:46
VY8242,2026-07-30 07:25,francesca.fernandez@icloud.com,114.24,2026-07-22 12:39
VY6018,2026-08-23 09:30,fjones@gmail.com,82.35,2026-04-28 05:52
VY8242,2026-06-01 07:30,javierleroy@proton.me,56.83,2026-02-21 00:13
VY6109,2026-08-19 14:45,evabianchi@libero.it,185.88,2026-06-24 06:06
VY7832,2026-07-11 10:50,grusso@icloud.com,297.26,2026-03-25 19:28
VY8306,2026-06-07 15:20,emma_martin@outlook.com,117.65,2026-03-29 03:13
VY6115,2026-06-20 16:05,mbakker@yahoo.com,79.17,2026-06-04 01:46
VY6105,2026-06-13 17:55,francescasanchez@hotmail.com,195.81,2026-05-31 14:20
VY6342,2026-06-21 11:30,francesca.taylor79@yahoo.com,36.42,2026-03-21 11:33
VY6110,2026-07-25 09:50,francesca.wilson@yahoo.com,177.94,2026-03-22 12:22
VY8306,2026-07-27 15:10,javier.perez43@gmail.com,38.50,2026-03-09 05:10
VY6107,2026-08-07 18:25,jtaylor@hotmail.com,163.87,2026-05-30 08:26
VY8311,2026-06-13 19:25,lucyjansen@outlook.com,84.39,2026-04-16 01:25
VY8300,2026-06-07 07:10,csmith@yahoo.com,94.09,2026-03-02 07:23
VY8311,2026-07-24 19:35,sconti@icloud.com,238.64,2026-07-01 16:19
VY6336,2026-08-16 21:10,jmartin@hotmail.com,74.46,2026-08-14 12:10
VY8306,2026-07-31 15:10,lars_leroy@gmail.com,136.71,2026-06-12 13:26
VY7826,2026-06-06 12:55,lucy.lopez@yahoo.com,63.45,2026-02-04 05:50
VY6008,2026-06-09 11:25,lucia.martinez@proton.me,283.30,2026-02-18 19:51
VY6110,2026-06-02 14:15,lricci@libero.it,122.21,2026-01-13 00:09
VY8311,2026-07-19 19:35,sara_jones@libero.it,110.42,2026-04-26 04:42
VY6342,2026-08-18 11:30,pierre.bakker@yahoo.com,29.00,2026-03-22 14:18
VY8309,2026-08-28 10:10,lucabianchi@gmail.com,102.34,2026-07-09 09:45
VY6342,2026-06-18 11:30,anna.bakker@libero.it,199.30,2026-03-24 14:46
VY8248,2026-07-01 13:50,paolo.martin@hotmail.com,230.95,2026-04-18 14:44
VY6107,2026-07-09 10:25,mrossi@hotmail.com,113.99,2026-06-20 02:05
VY6342,2026-08-23 11:30,carlos.wilson18@gmail.com,74.62,2026-04-13 07:22
VY6346,2026-06-04 08:55,jbianchi@outlook.com,202.09,2026-01-05 04:44
VY6100,2026-08-01 06:30,pablo.dupont69@outlook.com,37.37,2026-07-21 04:23
VY7828,2026-06-21 19:40,larsbrown@outlook.com,184.25,2026-05-08 08:29
VY6111,2026-06-23 16:35,anna.garcia28@outlook.com,166.79,2026-03-09 19:17
VY6115,2026-07-17 13:25,albertoleroy@yahoo.com,108.61,2026-05-01 17:57
VY7832,2026-07-25 10:50,sara.perez75@outlook.com,170.74,2026-05-18 05:03
VY6107,2026-07-11 10:30,pierre_dupont@icloud.com,176.38,2026-03-11 13:33
VY7832,2026-07-30 10:55,miguel.moreau12@libero.it,197.33,2026-04-01 03:33
VY6334,2026-06-17 15:50,anna.romano9@hotmail.com,215.21,2026-03-06 03:58
VY8248,2026-08-11 12:45,nbianchi@hotmail.com,239.93,2026-05-09 04:50
VY6336,2026-06-28 21:10,miguel.wilson75@outlook.com,41.81,2026-03-26 13:55
VY8311,2026-06-27 19:25,jan.costa30@outlook.com,261.19,2026-04-19 06:58
VY8312,2026-07-23 11:20,annaperez@yahoo.com,183.44,2026-04-10 06:32
VY7822,2026-06-19 18:55,maria.martin14@hotmail.com,274.13,2026-03-12 02:56
VY6340,2026-06-08 12:55,sophiebernard@libero.it,51.09,2026-02-21 06:08
VY3003,2026-06-27 15:55,gjones@libero.it,164.55,2026-03-10 08:13
VY6102,2026-07-20 20:50,eva.leroy@hotmail.com,54.90,2026-05-21 01:12
VY6104,2026-06-09 15:20,migueltaylor@libero.it,90.81,2026-02-01 13:14
VY8302,2026-07-13 13:05,cbrown@libero.it,50.09,2026-03-08 06:35
VY8242,2026-06-16 07:25,alberto_moreau@libero.it,209.08,2026-05-22 22:51
VY6338,2026-06-02 20:50,elena.garcia16@hotmail.com,119.98,2026-03-24 02:37
VY7826,2026-08-13 12:25,janmoretti@libero.it,90.73,2026-04-22 00:14
VY3003,2026-07-24 15:55,sofiagomez@proton.me,351.46,2026-04-15 17:37
VY7830,2026-06-19 07:00,lrossi@proton.me,194.48,2026-01-20 12:20
VY6018,2026-07-24 09:20,jmoretti@libero.it,109.80,2026-07-03 12:13
VY7832,2026-06-28 10:45,giulia_jones@outlook.com,180.22,2026-03-15 20:02
VY7826,2026-06-21 12:50,paolo_martinez@gmail.com,123.83,2026-06-13 09:26
VY6346,2026-06-11 08:55,luca.gomez@outlook.com,100.60,2026-01-16 13:38
VY6344,2026-06-22 08:35,luciamoreau@libero.it,73.21,2026-04-27 16:37
VY3003,2026-06-26 15:55,julien.ferrari@gmail.com,199.35,2026-06-14 21:21
VY7830,2026-08-21 07:00,eferrari@gmail.com,152.41,2026-08-12 04:44
VY6109,2026-08-31 17:15,lucy.moretti@outlook.com,83.41,2026-08-10 17:12
VY6107,2026-07-20 10:20,eva.bianchi@icloud.com,142.69,2026-04-05 06:55
VY6330,2026-07-27 07:35,noor.taylor96@yahoo.com,26.75,2026-06-26 01:19
VY6109,2026-07-22 14:45,laura.ferrari@libero.it,71.09,2026-07-07 08:25
VY8306,2026-07-15 15:20,pbakker@gmail.com,179.28,2026-03-12 21:14
VY8309,2026-06-08 10:10,pablo.taylor@icloud.com,114.28,2026-05-16 19:03
VY7826,2026-08-03 12:25,simonecosta@icloud.com,122.59,2026-07-30 08:06
VY6105,2026-07-22 17:45,eva.devries81@yahoo.com,178.11,2026-06-29 14:37
VY8309,2026-06-13 10:10,alberto.jansen66@hotmail.com,271.51,2026-05-24 14:57
VY6110,2026-07-06 14:00,cbianchi@yahoo.com,82.12,2026-06-18 06:25
VY7830,2026-07-28 07:00,tommartinez@gmail.com,298.57,2026-04-22 03:10
VY8302,2026-07-03 13:05,anna.lopez@hotmail.com,97.10,2026-05-04 10:07
VY3003,2026-07-26 15:55,lucia.greco33@yahoo.com,253.95,2026-06-09 03:51
VY7832,2026-06-16 10:50,andrea.rossi18@yahoo.com,298.36,2026-02-08 11:31
VY8312,2026-07-16 11:20,emma.conti68@hotmail.com,209.39,2026-03-18 16:46
VY6108,2026-07-07 12:55,davide.russo76@hotmail.com,145.21,2026-05-12 11:54
VY6109,2026-07-12 15:10,davide.gomez65@outlook.com,96.51,2026-04-01 08:47
VY6111,2026-08-19 22:05,francesca.brown18@hotmail.com,221.28,2026-07-28 07:56
VY7832,2026-07-05 10:45,luca.ferrari38@gmail.com,38.38,2026-07-02 19:44
VY6340,2026-08-18 12:55,lucia.wilson24@gmail.com,71.75,2026-05-13 20:14
VY7824,2026-08-13 16:30,lucia_jones@gmail.com,222.01,2026-07-18 16:30
VY6104,2026-08-02 15:20,egarcia@hotmail.com,86.30,2026-07-08 00:12
VY7826,2026-06-16 12:25,anagarcia@icloud.com,88.80,2026-05-16 00:30
VY7824,2026-06-14 16:20,emmajansen@icloud.com,83.15,2026-04-03 15:46
VY6020,2026-06-19 08:45,emma_ferrari@yahoo.com,131.85,2026-04-04 07:45
VY6334,2026-07-12 15:50,elena.bakker32@libero.it,128.74,2026-04-08 12:05
VY7830,2026-06-04 07:00,martinabakker@proton.me,264.03,2026-03-16 00:40
VY6110,2026-07-30 20:00,elena.moretti90@hotmail.com,124.46,2026-07-29 06:42
VY6026,2026-07-22 21:30,giulia.garcia@proton.me,300.31,2026-03-26 05:15
VY7824,2026-06-07 16:20,pierre_martin@yahoo.com,36.48,2026-03-25 17:59
VY6105,2026-08-21 14:40,julien_martin@hotmail.com,180.52,2026-04-13 10:41
VY8304,2026-08-14 18:10,javier_ferrari@libero.it,151.71,2026-07-13 01:08
VY6105,2026-07-22 17:45,sofia.jansen@libero.it,204.88,2026-04-15 09:57
VY8309,2026-06-22 10:10,paolo_sanchez@libero.it,152.05,2026-05-23 13:01
VY6332,2026-08-24 14:10,marco_bernard@yahoo.com,151.90,2026-06-23 14:45
VY8240,2026-08-29 17:20,lucy.fernandez@icloud.com,106.43,2026-05-25 22:44
VY6102,2026-08-10 20:50,alberto.romano@libero.it,81.23,2026-08-10 07:12
VY6110,2026-06-28 17:45,francesca.ferrari@hotmail.com,90.63,2026-02-09 04:45
VY6024,2026-07-02 05:50,martina.taylor@hotmail.com,142.92,2026-03-08 21:27
VY6334,2026-06-30 16:00,andrea_martin@gmail.com,48.04,2026-05-04 02:18
VY6105,2026-06-13 17:55,james_perez@icloud.com,98.02,2026-02-02 09:43
VY6332,2026-06-15 14:10,simonegomez@yahoo.com,146.92,2026-04-01 05:51
VY6336,2026-08-14 21:25,pierre.perez19@outlook.com,177.26,2026-06-03 00:14
VY6338,2026-06-20 19:15,simone.fernandez17@gmail.com,70.68,2026-06-12 11:10
VY8309,2026-08-07 10:10,jan.greco44@hotmail.com,112.35,2026-04-27 15:04
VY7832,2026-06-27 10:50,oliver.romano@outlook.com,263.62,2026-06-19 22:39
VY8311,2026-06-26 19:35,maria_ricci@yahoo.com,72.94,2026-04-26 13:21
VY6008,2026-07-04 12:15,eva_bakker@hotmail.com,77.89,2026-06-13 01:35
VY6344,2026-06-22 08:35,miguel_martinez@icloud.com,23.61,2026-05-17 13:08
VY8242,2026-06-09 07:25,carlos.moreau@yahoo.com,122.51,2026-03-26 01:47
VY8240,2026-06-08 17:45,promano@hotmail.com,121.52,2026-04-24 14:23
VY8309,2026-07-27 10:10,carlos.moreau@outlook.com,91.08,2026-07-25 21:56
VY6100,2026-06-12 06:30,eva.gomez@outlook.com,193.26,2026-02-04 05:11
VY7828,2026-06-14 19:40,pierremoretti@yahoo.com,38.98,2026-01-16 18:34
VY6340,2026-07-28 12:55,marco.bianchi@outlook.com,66.23,2026-07-06 17:52
VY7832,2026-08-06 10:55,jmoreau@libero.it,188.23,2026-07-11 22:46
VY8242,2026-08-07 07:35,davide.smith77@gmail.com,185.56,2026-07-21 14:48
VY8317,2026-08-07 16:20,tomleroy@outlook.com,154.76,2026-07-02 09:20
VY8309,2026-08-09 10:10,eva.gomez10@yahoo.com,99.00,2026-04-11 19:12
VY8309,2026-07-06 10:10,elena.ricci38@outlook.com,109.53,2026-05-04 20:10
VY8242,2026-08-03 07:30,ojones@yahoo.com,174.65,2026-07-13 10:02
VY6110,2026-06-06 09:50,giulialeroy@icloud.com,95.79,2026-02-19 07:42
VY6109,2026-06-08 17:15,lucia_costa@gmail.com,190.73,2026-02-06 00:12
VY6344,2026-06-15 08:35,mrossi@libero.it,40.32,2026-05-16 20:05
VY6334,2026-07-10 15:50,oliver.russo70@icloud.com,56.57,2026-06-02 09:07
VY6106,2026-06-15 07:50,noorsmith@hotmail.com,33.00,2026-02-02 08:32
VY6104,2026-06-08 15:20,lucarossi@hotmail.com,46.62,2026-03-21 09:19
VY6104,2026-08-17 15:20,maria.wilson@outlook.com,98.20,2026-03-24 21:44
VY6020,2026-06-14 08:45,pablo_garcia@libero.it,101.06,2026-02-05 20:21
VY6101,2026-06-25 09:05,lucia.bernard@yahoo.com,47.65,2026-05-04 11:34
VY6109,2026-08-23 15:10,ecosta@proton.me,66.84,2026-08-13 12:04
VY8248,2026-07-03 18:55,martina.wilson29@gmail.com,64.16,2026-04-20 13:28
VY6020,2026-08-15 08:45,sleroy@proton.me,67.30,2026-06-04 22:23
VY6106,2026-07-05 07:55,ldupont@icloud.com,155.72,2026-03-28 12:25
VY6108,2026-06-28 12:50,davide.moreau@yahoo.com,136.50,2026-04-17 18:32
VY6106,2026-07-09 07:50,lucia_bernard@yahoo.com,146.32,2026-03-25 13:42
VY6340,2026-08-20 12:55,cgomez@libero.it,48.20,2026-08-06 23:06
VY6336,2026-07-16 19:55,martina.romano28@libero.it,63.08,2026-04-25 21:54
VY6336,2026-08-21 21:25,lucy.jones85@gmail.com,66.85,2026-07-19 03:18
VY8302,2026-06-18 13:05,mmartin@libero.it,64.43,2026-02-11 22:30
VY6105,2026-07-23 17:55,lars.martin@hotmail.com,123.03,2026-04-19 14:00
VY6332,2026-06-03 14:15,tomdevries@proton.me,62.86,2026-01-19 10:10
VY8317,2026-06-23 16:25,ebernard@hotmail.com,83.34,2026-05-14 18:22
VY7834,2026-07-08 14:25,sophie_costa@hotmail.com,239.75,2026-03-29 07:59
VY6109,2026-06-19 16:55,sara_taylor@yahoo.com,19.99,2026-05-15 12:54
VY8317,2026-07-17 16:20,pgomez@proton.me,261.02,2026-05-13 23:07
VY6109,2026-07-12 15:10,ericci@libero.it,157.40,2026-03-04 09:26
VY6100,2026-08-09 06:40,anna.moretti87@icloud.com,154.97,2026-05-04 05:46
VY6105,2026-08-25 17:55,davide.bakker54@icloud.com,80.52,2026-07-22 17:20
VY6336,2026-08-06 19:55,davide_gomez@outlook.com,171.06,2026-06-19 15:39
VY6100,2026-07-06 06:30,anna.martin@hotmail.com,36.91,2026-07-06 03:30
VY6018,2026-07-03 09:20,sara_lopez@icloud.com,246.84,2026-06-17 15:24
VY8248,2026-07-30 13:20,andrea.bianchi@yahoo.com,204.44,2026-05-18 04:40
VY3003,2026-06-23 15:55,pablomoreau@icloud.com,57.02,2026-02-13 05:51
VY8242,2026-07-30 07:25,simone_bernard@gmail.com,173.62,2026-06-04 16:06
VY6115,2026-06-19 13:25,jbrown@gmail.com,35.12,2026-05-24 00:52
VY6342,2026-07-16 11:30,luca.garcia@hotmail.com,177.72,2026-05-10 10:25
VY6110,2026-08-23 17:45,paolo.jones@yahoo.com,148.56,2026-07-02 02:01
VY7830,2026-07-19 07:00,cromano@proton.me,283.25,2026-03-08 17:53
VY6338,2026-08-17 16:45,laura.martinez@hotmail.com,91.84,2026-04-06 10:03
VY7826,2026-08-21 12:25,pablo.smith25@yahoo.com,41.67,2026-08-14 01:51
VY7830,2026-07-31 07:00,mariagreco@yahoo.com,180.63,2026-04-13 20:32
VY8242,2026-08-29 07:25,anabrown@gmail.com,78.55,2026-04-21 02:07
VY7826,2026-07-14 12:25,andrea_costa@proton.me,281.60,2026-04-19 19:23
VY6340,2026-06-26 09:55,pablo.rossi@outlook.com,193.70,2026-02-21 14:00
VY6105,2026-08-13 17:55,francesca_jones@proton.me,122.60,2026-04-17 12:25
VY6008,2026-07-31 11:15,saramartinez@proton.me,90.42,2026-04-27 11:30
VY6107,2026-07-19 10:40,eva.devries@icloud.com,95.24,2026-06-22 03:40
VY8317,2026-08-25 16:25,sophiegreco@hotmail.com,175.79,2026-08-22 19:56
VY8250,2026-08-14 10:50,noor.martin18@outlook.com,135.62,2026-07-16 06:54
VY6105,2026-08-04 17:55,sara.rossi@outlook.com,173.07,2026-04-27 11:55
VY7824,2026-06-07 16:20,tcosta@outlook.com,40.52,2026-03-28 12:08
VY6100,2026-08-23 06:40,martina_jansen@proton.me,152.55,2026-04-21 07:58
VY6110,2026-08-26 17:35,james.russo49@libero.it,187.30,2026-07-26 19:58
VY6109,2026-07-27 17:15,tom_bianchi@libero.it,115.53,2026-04-15 02:49
VY6108,2026-08-03 11:10,emma_rossi@libero.it,105.51,2026-06-15 01:21
VY6107,2026-07-05 10:40,francesca.costa92@outlook.com,61.87,2026-04-24 05:57
VY6106,2026-08-13 07:50,chiara.romano10@outlook.com,111.25,2026-06-28 02:57
VY8242,2026-07-29 07:25,jcosta@gmail.com,187.72,2026-04-27 09:07
VY7832,2026-08-11 10:50,anna.bianchi@gmail.com,64.01,2026-03-14 07:45
VY8250,2026-06-07 10:50,giuliaconti@hotmail.com,123.77,2026-04-29 21:50
VY7834,2026-07-03 13:20,anna_ricci@proton.me,188.50,2026-04-27 22:22
VY6102,2026-06-19 20:30,sofia_jansen@outlook.com,65.15,2026-02-10 22:17
VY6109,2026-06-10 14:45,julien_brown@hotmail.com,79.54,2026-01-16 11:53
VY7830,2026-07-30 07:00,pabloferrari@proton.me,134.66,2026-05-30 02:59
VY6020,2026-08-01 08:45,miguel.greco43@proton.me,141.46,2026-03-22 04:26
VY8242,2026-08-23 07:25,tom.rossi@libero.it,157.69,2026-04-17 10:17
VY6101,2026-08-22 09:05,sferrari@proton.me,173.59,2026-08-16 15:40
VY8317,2026-06-02 16:25,pmoreau@gmail.com,114.91,2026-01-10 06:08
VY6109,2026-07-08 14:45,lsanchez@proton.me,210.14,2026-06-23 18:01
VY7830,2026-08-01 07:00,sara.bianchi@icloud.com,277.62,2026-06-11 06:55
VY6338,2026-06-05 18:55,martina.conti@proton.me,121.77,2026-04-06 16:20
VY6101,2026-08-28 09:05,sophie.bernard90@gmail.com,91.47,2026-08-17 03:32
VY6108,2026-07-02 12:50,sararicci@gmail.com,140.07,2026-05-16 17:07
VY6340,2026-08-26 12:55,csanchez@hotmail.com,66.91,2026-05-04 23:28
VY6108,2026-06-16 12:55,ccosta@icloud.com,133.27,2026-02-05 10:47
VY6330,2026-06-07 07:30,simone.taylor90@proton.me,95.11,2026-01-11 21:41
VY8300,2026-07-13 07:10,chiara_bianchi@outlook.com,254.65,2026-05-18 04:17
VY6105,2026-08-02 17:55,laura_ricci@icloud.com,175.97,2026-04-14 01:56
VY6020,2026-06-28 08:45,lgarcia@icloud.com,291.76,2026-01-30 04:58
VY7828,2026-06-22 19:00,pbrown@hotmail.com,160.22,2026-03-22 22:59
VY6340,2026-08-04 12:55,carlos_costa@proton.me,183.47,2026-04-04 00:00
VY8300,2026-08-30 07:10,srossi@proton.me,93.92,2026-05-11 13:37
VY6107,2026-08-13 10:25,amartinez@hotmail.com,151.51,2026-05-03 04:48
VY6100,2026-07-12 06:40,ldevries@gmail.com,130.25,2026-07-09 11:56
VY6102,2026-08-28 20:30,ericci@yahoo.com,108.41,2026-07-16 14:55
VY6336,2026-07-24 21:25,carlos_bernard@hotmail.com,135.82,2026-03-02 04:19
VY6105,2026-07-15 17:45,giulia_greco@yahoo.com,116.18,2026-03-11 05:27
VY6020,2026-08-30 08:45,trusso@gmail.com,226.55,2026-08-23 05:47
VY7832,2026-08-23 10:45,lauraromano@icloud.com,287.91,2026-04-21 17:08
VY3003,2026-08-29 15:55,cgreco@gmail.com,333.65,2026-05-20 04:04
VY7826,2026-07-31 12:25,sara.wilson84@proton.me,71.79,2026-03-18 23:23
VY6330,2026-06-05 07:30,javier_conti@proton.me,25.21,2026-03-29 22:52
VY8242,2026-08-23 07:25,giulia_gomez@outlook.com,142.24,2026-08-10 11:11
VY6111,2026-06-02 16:35,marco_ferrari@hotmail.com,52.83,2026-04-25 05:55
VY8242,2026-08-18 07:25,giulia_brown@yahoo.com,170.52,2026-07-05 12:37
VY6110,2026-06-14 17:45,pablo_moreau@gmail.com,217.69,2026-04-27 04:07
VY8311,2026-07-06 19:35,giuliagarcia@hotmail.com,67.30,2026-02-28 23:23
VY6104,2026-07-31 15:20,pierre.jansen95@gmail.com,160.48,2026-03-07 00:57
VY8250,2026-08-05 10:50,emma_martin@yahoo.com,212.36,2026-07-12 14:02
VY6330,2026-08-24 07:35,francescagreco@yahoo.com,102.76,2026-04-19 23:32
VY6018,2026-07-31 09:20,adupont@icloud.com,122.57,2026-06-05 00:59
VY6109,2026-08-31 17:15,emma.conti26@icloud.com,136.69,2026-06-02 01:03
VY6330,2026-08-09 07:30,amoretti@proton.me,183.93,2026-05-10 10:55
VY6330,2026-07-17 07:30,pgarcia@hotmail.com,70.39,2026-05-01 15:10
VY7830,2026-07-05 07:00,pmartinez@proton.me,167.34,2026-02-24 11:42
VY7830,2026-08-15 07:00,alberto.ricci89@proton.me,193.93,2026-06-11 21:45
VY7824,2026-07-20 16:20,sara.smith@icloud.com,34.21,2026-05-03 05:29
VY7832,2026-06-17 10:50,marcobianchi@yahoo.com,175.71,2026-05-05 10:58
VY6104,2026-06-16 15:20,sdevries@outlook.com,211.72,2026-04-26 21:18
VY8300,2026-08-19 07:10,marco.sanchez@gmail.com,277.88,2026-05-22 09:30
VY6340,2026-07-10 09:55,luca.costa@yahoo.com,49.21,2026-04-12 06:33
VY6106,2026-07-03 08:00,pablo.bernard@outlook.com,24.08,2026-02-10 04:41
VY7828,2026-08-24 19:00,oliver.ricci98@outlook.com,155.11,2026-06-26 11:12
VY6344,2026-06-08 08:35,pierre_costa@gmail.com,174.08,2026-05-14 05:26
VY8240,2026-06-26 17:20,simonemoreau@icloud.com,249.25,2026-03-27 11:24
VY7830,2026-07-11 07:00,elena_fernandez@yahoo.com,258.90,2026-05-25 09:38
VY6018,2026-07-17 09:20,aferrari@gmail.com,88.83,2026-04-18 22:02
VY6334,2026-08-14 15:50,jrusso@libero.it,141.11,2026-07-24 21:36
VY7832,2026-08-24 10:35,sophie.fernandez@proton.me,280.70,2026-05-24 23:47
VY6100,2026-07-10 06:30,laura.sanchez57@hotmail.com,46.56,2026-06-12 17:01
VY8306,2026-06-09 15:10,jamessmith@proton.me,281.65,2026-05-17 17:50
VY6115,2026-07-10 13:25,julien_conti@proton.me,69.46,2026-03-24 12:53
VY6100,2026-08-01 06:30,sarajones@gmail.com,107.25,2026-03-03 10:31
VY6344,2026-07-27 08:35,aferrari@gmail.com,172.77,2026-05-27 12:57
VY7828,2026-06-29 19:00,cbakker@hotmail.com,127.51,2026-02-11 14:02
VY6107,2026-06-22 10:20,sophie_moreau@icloud.com,153.10,2026-05-09 04:03
VY3003,2026-08-29 15:55,maria.bianchi19@icloud.com,50.60,2026-08-05 18:37
VY6108,2026-08-16 12:50,javierleroy@gmail.com,69.60,2026-08-04 15:41
VY6330,2026-06-24 07:30,simone_martinez@gmail.com,69.60,2026-03-21 17:06
VY6102,2026-06-10 19:25,julien_lopez@proton.me,164.49,2026-06-03 20:07
VY6020,2026-08-06 08:45,sophie.bakker@libero.it,85.03,2026-04-16 13:22
VY8304,2026-07-31 18:10,elena.costa@yahoo.com,253.63,2026-03-04 02:40
VY6104,2026-06-02 15:20,sricci@proton.me,108.83,2026-05-03 17:21
VY6020,2026-08-30 08:45,aconti@outlook.com,118.26,2026-05-07 01:51
VY6111,2026-08-03 21:35,maria_martinez@icloud.com,150.97,2026-03-28 06:21
VY6330,2026-06-24 07:30,simone.jones@proton.me,102.71,2026-04-02 17:17
VY6338,2026-06-03 16:45,martina.moretti38@proton.me,90.29,2026-02-08 01:45
VY8248,2026-07-26 13:25,laura.bianchi33@yahoo.com,202.28,2026-07-06 01:30
VY8240,2026-06-05 17:20,francescaperez@icloud.com,38.17,2026-06-04 12:31
VY6330,2026-07-17 07:30,sofiataylor@icloud.com,118.10,2026-05-23 08:11
VY6110,2026-06-30 14:15,sara_dupont@proton.me,124.09,2026-03-21 13:00
VY6101,2026-08-07 09:05,lucy_moretti@libero.it,178.21,2026-04-11 11:43
VY7826,2026-08-07 12:25,luca_ferrari@libero.it,77.45,2026-03-21 20:19
VY8248,2026-06-12 18:55,pierre.dupont@gmail.com,122.93,2026-03-24 15:40
VY6105,2026-07-21 17:55,anasmith@gmail.com,80.83,2026-06-26 10:21
VY8242,2026-08-12 07:25,lrusso@outlook.com,148.59,2026-07-23 10:01
VY6026,2026-07-09 17:45,cmoretti@outlook.com,256.78,2026-02-14 20:03
VY3003,2026-08-08 15:55,lmoretti@hotmail.com,149.95,2026-03-30 21:10
VY8312,2026-06-18 11:20,pgomez@gmail.com,35.71,2026-05-16 09:04
VY6103,2026-07-12 22:05,giulia_leroy@proton.me,43.13,2026-02-19 10:10
VY6340,2026-07-27 12:55,davide.ferrari@proton.me,77.03,2026-04-01 12:22
VY6342,2026-07-25 11:20,djones@outlook.com,164.29,2026-05-09 00:04
VY7832,2026-07-28 10:50,simone.jones@outlook.com,137.73,2026-06-28 15:39
VY8248,2026-07-11 13:10,noorconti@proton.me,132.67,2026-06-11 14:22
VY6115,2026-07-10 13:25,mgomez@icloud.com,70.15,2026-06-13 08:38
VY8248,2026-06-21 13:25,paolo_lopez@hotmail.com,240.27,2026-02-15 06:56
VY6338,2026-08-09 16:45,pablo.costa84@libero.it,83.71,2026-06-27 17:37
VY6110,2026-07-06 14:00,oliverjones@gmail.com,213.13,2026-03-28 01:49
VY3003,2026-06-28 15:55,paolocosta@libero.it,330.54,2026-03-03 02:06
VY6109,2026-08-02 15:10,mgreco@outlook.com,39.87,2026-03-25 08:03
VY8240,2026-08-22 17:20,jan_brown@hotmail.com,234.65,2026-08-16 08:56
VY6107,2026-07-26 10:40,sophie.rossi4@icloud.com,126.08,2026-07-21 04:16
VY6109,2026-06-21 15:10,sophie.fernandez11@icloud.com,123.19,2026-04-24 02:24
VY6109,2026-08-31 17:15,ajansen@yahoo.com,67.87,2026-08-01 19:34
VY8311,2026-07-26 19:35,maria.romano@icloud.com,81.74,2026-05-20 18:11
VY6104,2026-07-12 15:20,lars.lopez@icloud.com,58.70,2026-05-02 00:13
VY7832,2026-06-11 10:55,jbernard@icloud.com,155.43,2026-02-28 14:52
VY6102,2026-07-27 20:50,james_taylor@icloud.com,175.34,2026-03-16 00:34
VY6342,2026-07-12 11:30,oliver.russo15@icloud.com,131.31,2026-06-01 07:24
VY6106,2026-08-20 07:50,paolo_greco@libero.it,103.51,2026-05-05 20:17
VY7830,2026-06-10 07:00,oliver.lopez81@hotmail.com,308.88,2026-06-07 17:56
VY7824,2026-08-20 16:30,ssmith@proton.me,107.00,2026-06-30 13:20
VY6115,2026-06-17 15:55,lucyricci@hotmail.com,177.15,2026-05-22 02:17
VY6340,2026-08-25 12:55,sarabrown@libero.it,119.73,2026-04-01 06:22
VY7834,2026-06-05 13:20,albertojansen@proton.me,59.38,2026-06-01 22:16
VY7820,2026-08-03 17:35,luciabakker@gmail.com,215.42,2026-06-07 19:23
VY3003,2026-07-14 15:55,luca_martin@proton.me,231.39,2026-05-06 21:53
VY7830,2026-06-06 07:00,davide_conti@outlook.com,101.71,2026-03-06 07:42
VY6100,2026-07-03 06:30,elena.garcia62@libero.it,169.58,2026-05-03 08:52
VY6342,2026-06-21 11:30,martina.leroy@proton.me,129.06,2026-03-31 01:24
VY6026,2026-07-26 21:20,jmoreau@outlook.com,217.88,2026-03-06 18:40
VY6110,2026-08-24 14:00,miguel.leroy@libero.it,216.15,2026-07-08 15:48
VY8248,2026-07-21 12:45,paolo_moreau@yahoo.com,119.24,2026-05-16 01:29
VY6334,2026-06-30 16:00,prossi@icloud.com,63.08,2026-05-06 14:22
VY7834,2026-07-08 14:25,alberto.fernandez85@yahoo.com,178.19,2026-06-26 17:48
VY6107,2026-08-22 10:30,luca_greco@icloud.com,182.37,2026-07-18 14:13
VY6020,2026-08-21 08:45,laura.bernard@hotmail.com,74.58,2026-04-19 11:56
VY6109,2026-07-08 14:45,jlopez@gmail.com,118.96,2026-05-17 08:06
VY8306,2026-07-15 15:20,marco.fernandez24@outlook.com,203.04,2026-05-18 17:02
VY8306,2026-07-31 15:10,larstaylor@proton.me,70.26,2026-05-23 11:26
VY6332,2026-08-15 14:10,pierre.jones41@gmail.com,36.89,2026-06-14 08:24
VY6108,2026-06-09 12:55,ana_martin@proton.me,195.96,2026-03-22 03:38
VY7830,2026-08-20 07:00,emma.sanchez97@gmail.com,109.27,2026-08-13 01:16
VY8250,2026-08-05 10:50,chiara_russo@hotmail.com,164.04,2026-05-07 11:53
VY6020,2026-08-01 08:45,trusso@yahoo.com,48.26,2026-05-23 08:06
VY6020,2026-06-19 08:45,lucabernard@yahoo.com,203.31,2026-06-03 02:16
VY6340,2026-08-18 12:55,javier.brown@gmail.com,76.41,2026-08-03 19:57
VY6336,2026-07-30 19:55,javierbianchi@outlook.com,57.87,2026-05-23 14:08
VY6105,2026-07-15 17:45,albertoricci@icloud.com,98.86,2026-02-15 19:46
VY6116,2026-07-03 10:55,chiara_moreau@proton.me,71.72,2026-06-09 16:39
VY6008,2026-08-10 10:55,emmamoretti@yahoo.com,88.03,2026-06-12 01:47
VY6330,2026-06-01 07:35,emmajones@proton.me,95.65,2026-01-20 08:23
VY6336,2026-06-28 21:10,pablo.jansen@libero.it,148.33,2026-05-01 13:54
VY8242,2026-07-20 07:30,noor.jones47@outlook.com,121.37,2026-05-15 08:28
VY6332,2026-06-27 14:10,abernard@yahoo.com,69.89,2026-03-20 19:02
VY6103,2026-06-19 23:00,lars.leroy80@icloud.com,97.66,2026-01-23 11:50
VY8306,2026-06-26 15:10,aleroy@yahoo.com,263.74,2026-06-24 07:34
VY6332,2026-07-01 14:15,luca.dupont@proton.me,63.18,2026-03-03 01:54
VY6330,2026-07-22 07:30,cgreco@outlook.com,111.71,2026-02-21 21:13
VY6340,2026-08-27 12:55,ljones@icloud.com,70.21,2026-05-16 15:31
VY6330,2026-07-21 07:20,paolo.devries@proton.me,132.12,2026-07-16 17:36
VY6110,2026-08-20 20:00,julien.ricci@gmail.com,196.31,2026-08-07 17:06
VY3003,2026-06-03 15:55,mrusso@hotmail.com,335.96,2026-01-20 07:05
VY6332,2026-08-17 14:10,anna_ferrari@hotmail.com,88.08,2026-05-26 13:29
VY6116,2026-08-28 10:55,julienromano@outlook.com,22.03,2026-04-24 13:37
VY8248,2026-06-27 13:10,alberto.romano67@gmail.com,193.81,2026-03-24 17:14
VY6342,2026-08-22 11:20,aleroy@proton.me,210.45,2026-06-01 10:39
VY6020,2026-08-06 08:45,luca.garcia92@outlook.com,196.54,2026-04-03 22:26
VY7834,2026-08-14 13:20,anna.leroy@yahoo.com,178.29,2026-03-29 19:10
VY8242,2026-08-30 07:25,pgreco@hotmail.com,29.67,2026-08-15 09:31
VY8302,2026-08-09 13:15,andreamoretti@icloud.com,73.75,2026-05-23 20:25
VY6342,2026-07-31 10:55,saracosta@yahoo.com,71.93,2026-04-17 17:00
VY6104,2026-07-18 15:20,chiarawilson@hotmail.com,86.79,2026-06-27 14:31
VY8242,2026-07-22 07:25,pablo.rossi98@libero.it,161.43,2026-06-30 11:44
VY6330,2026-08-26 07:30,lbrown@gmail.com,113.97,2026-04-22 17:08
VY8309,2026-08-23 10:10,alberto.lopez33@libero.it,84.21,2026-07-17 08:58
VY6107,2026-06-27 10:30,francescaperez@outlook.com,68.17,2026-03-15 17:41
VY6342,2026-06-10 11:30,ddevries@gmail.com,125.06,2026-05-03 05:16
VY6342,2026-07-15 11:30,smoreau@yahoo.com,158.91,2026-07-02 20:34
VY8300,2026-06-27 07:10,ltaylor@outlook.com,253.10,2026-03-10 01:27
VY6342,2026-08-28 10:55,oliver.moreau64@proton.me,96.06,2026-08-17 18:16
VY6018,2026-07-17 09:20,pierre.martin65@outlook.com,300.58,2026-05-08 12:02
VY6104,2026-07-25 15:20,ggomez@hotmail.com,90.20,2026-03-30 06:24
VY6102,2026-07-13 20:50,mrossi@hotmail.com,107.87,2026-07-07 11:55
VY6336,2026-07-03 21:25,cferrari@proton.me,39.21,2026-04-05 15:06
VY6342,2026-06-20 11:20,luca.moretti@icloud.com,138.81,2026-01-21 09:30
VY6026,2026-08-19 21:30,sofiaperez@outlook.com,100.99,2026-05-07 10:05
VY6332,2026-08-09 14:10,amoretti@yahoo.com,72.78,2026-06-07 21:19
VY8242,2026-06-24 07:25,lucia.jones@proton.me,100.85,2026-05-03 10:17
VY8240,2026-08-29 17:20,andreabianchi@proton.me,35.86,2026-04-04 18:15
VY6104,2026-06-29 15:20,chiara_ricci@icloud.com,145.25,2026-03-29 02:16
VY7820,2026-07-23 18:35,paolo_costa@outlook.com,191.80,2026-05-04 16:30
VY7820,2026-08-09 18:20,andrea.martin94@hotmail.com,298.22,2026-05-31 05:53
VY8250,2026-07-12 10:50,mdupont@libero.it,118.40,2026-03-29 18:19
VY7832,2026-07-25 10:50,maria.fernandez@libero.it,147.43,2026-04-17 16:54
VY6102,2026-07-05 19:35,davide_rossi@gmail.com,164.45,2026-04-08 23:58
VY7822,2026-06-26 18:55,javierromano@hotmail.com,230.96,2026-04-28 18:09
VY8250,2026-07-10 10:50,james_costa@icloud.com,240.77,2026-04-21 01:57
VY8309,2026-07-10 10:10,andrea_lopez@hotmail.com,70.81,2026-05-07 08:48
VY6020,2026-07-06 08:45,chiara_dupont@yahoo.com,41.73,2026-03-13 01:32
VY6008,2026-06-16 11:25,laura.bernard78@yahoo.com,100.74,2026-03-31 07:25
VY6101,2026-06-10 09:05,noorjansen@proton.me,34.18,2026-04-28 09:51
VY8309,2026-07-04 10:10,oliver.jansen@outlook.com,286.57,2026-03-21 20:51
VY7830,2026-06-09 07:00,laura.rossi19@icloud.com,302.41,2026-05-20 14:17
VY6026,2026-07-05 21:20,chiara_smith@icloud.com,92.62,2026-03-20 10:46
VY6334,2026-08-12 15:50,jan_bernard@gmail.com,124.61,2026-07-13 00:15
VY8248,2026-08-15 13:10,francesca_bernard@proton.me,156.49,2026-07-27 07:35
VY8240,2026-08-22 17:20,javierlopez@proton.me,243.61,2026-04-27 05:32
VY3003,2026-06-09 15:55,lucaperez@icloud.com,219.69,2026-01-14 13:20
VY8311,2026-06-06 19:25,javier.martin@libero.it,247.46,2026-04-19 11:17
VY6104,2026-07-27 15:20,paolo_martinez@yahoo.com,200.51,2026-05-27 13:27
VY8242,2026-06-15 07:30,miguelferrari@gmail.com,130.75,2026-05-23 05:12
VY7830,2026-07-02 07:00,jansanchez@gmail.com,269.93,2026-05-13 05:56
VY6340,2026-08-15 12:55,paolo_taylor@libero.it,71.84,2026-04-24 19:50
VY6020,2026-07-09 08:45,lperez@outlook.com,131.66,2026-04-19 22:16
VY6102,2026-08-09 19:35,javier.ricci@outlook.com,181.35,2026-05-24 15:45
VY6330,2026-07-09 07:30,sara.jones@icloud.com,202.38,2026-05-01 21:21
VY6105,2026-08-25 17:55,francesca_moretti@gmail.com,164.53,2026-05-10 13:57
VY8317,2026-06-02 16:25,anacosta@proton.me,50.66,2026-01-18 20:17
VY6100,2026-08-09 06:40,carlos.garcia@libero.it,49.71,2026-04-24 13:41
VY3003,2026-08-15 15:55,francesca_moreau@proton.me,201.85,2026-05-05 10:14
VY6104,2026-07-06 15:20,oliver.romano@libero.it,207.43,2026-05-17 19:03
VY6107,2026-06-01 10:20,sofiajansen@icloud.com,27.82,2026-04-26 12:29
VY6340,2026-07-29 12:55,lmoretti@proton.me,110.45,2026-06-19 08:54
VY6018,2026-06-26 09:20,laura.greco@outlook.com,186.41,2026-05-25 00:29
VY6109,2026-07-27 17:15,luca_bernard@proton.me,90.98,2026-06-09 18:24
VY8311,2026-07-30 19:35,francesca_bianchi@gmail.com,44.29,2026-03-20 07:34
VY8242,2026-06-17 07:25,swilson@yahoo.com,213.72,2026-04-11 06:59
VY6332,2026-07-12 14:10,giulia_dupont@libero.it,197.98,2026-04-16 12:25
VY6342,2026-07-25 11:20,paolo.taylor50@libero.it,115.28,2026-05-20 05:18
VY6104,2026-08-18 15:20,oliver_conti@hotmail.com,100.09,2026-06-22 22:45
VY7824,2026-08-07 16:25,fcosta@libero.it,269.09,2026-06-08 14:12
VY6115,2026-06-12 13:25,laura.greco@yahoo.com,195.28,2026-06-07 11:19
VY6024,2026-07-16 05:50,marco.lopez@outlook.com,254.60,2026-03-24 03:02
VY3003,2026-07-01 15:55,jan_perez@outlook.com,80.05,2026-04-26 23:18
VY7830,2026-08-29 07:00,elena_dupont@libero.it,224.36,2026-08-10 12:15
VY6115,2026-06-05 13:25,pierre.romano@libero.it,211.16,2026-02-13 08:50
VY6107,2026-07-09 10:25,sgarcia@hotmail.com,121.34,2026-02-14 23:39
VY6338,2026-06-01 16:45,lperez@proton.me,168.49,2026-01-22 00:20
VY8240,2026-08-14 17:20,ana_smith@libero.it,106.65,2026-07-06 22:23
VY6340,2026-06-18 12:55,marco.gomez@icloud.com,178.95,2026-05-06 14:21
VY7826,2026-06-21 12:50,nconti@icloud.com,72.99,2026-06-10 22:53
VY8317,2026-08-07 16:20,lucia_moretti@gmail.com,115.02,2026-04-21 00:22
VY7820,2026-07-27 17:35,emma_perez@yahoo.com,286.67,2026-03-08 10:05
VY6115,2026-08-17 15:35,laura.ferrari62@yahoo.com,136.54,2026-07-28 08:13
VY6105,2026-08-03 17:55,odupont@yahoo.com,178.84,2026-06-24 01:11
VY8240,2026-06-08 17:45,ana.jones57@proton.me,241.50,2026-03-26 01:21
VY8240,2026-06-11 17:30,anna_sanchez@hotmail.com,221.73,2026-02-05 04:14
VY8300,2026-07-04 07:10,lucy_taylor@hotmail.com,226.55,2026-04-03 10:43
VY6104,2026-07-11 15:20,pablo_smith@proton.me,128.94,2026-07-09 13:44
VY7832,2026-06-18 10:55,janromano@outlook.com,43.54,2026-04-30 09:50
VY7832,2026-08-26 10:50,pablo_martin@outlook.com,103.29,2026-06-15 17:00
VY6110,2026-07-15 17:35,julien.jones@gmail.com,101.48,2026-02-19 21:02
VY8242,2026-08-15 07:25,pablo_lopez@gmail.com,172.60,2026-08-06 23:25
VY8306,2026-06-07 15:20,psmith@hotmail.com,243.91,2026-04-12 00:33
VY7824,2026-08-09 16:20,lucia.taylor3@outlook.com,171.68,2026-05-18 08:03
VY8248,2026-07-25 13:10,ebakker@libero.it,61.45,2026-04-04 21:16
VY8306,2026-08-05 15:20,miguel.bakker90@icloud.com,61.02,2026-05-11 16:07
VY7832,2026-07-24 10:50,sofiajones@proton.me,51.89,2026-06-14 12:17
VY6108,2026-07-17 13:45,pablo.greco@libero.it,89.89,2026-06-26 02:25
VY8250,2026-07-17 10:50,abrown@yahoo.com,137.51,2026-02-27 06:45
VY8250,2026-06-21 10:50,emartin@gmail.com,240.80,2026-02-18 14:18
VY6020,2026-07-12 08:45,anna_ferrari@libero.it,189.62,2026-07-06 16:52
VY7830,2026-07-24 07:00,davidesmith@icloud.com,288.97,2026-07-07 16:30
VY8242,2026-08-03 07:30,ana.bernard@hotmail.com,181.65,2026-05-16 11:41
VY6102,2026-08-25 18:55,pierre.conti83@libero.it,80.14,2026-04-13 21:07
VY6330,2026-07-24 07:30,jromano@gmail.com,109.94,2026-04-03 20:06
VY6334,2026-07-04 15:50,pablomoretti@proton.me,86.77,2026-04-27 19:00
VY8311,2026-07-10 19:35,lucialeroy@outlook.com,171.77,2026-06-14 08:40
VY6104,2026-08-07 15:20,pierre.martin15@outlook.com,26.35,2026-07-24 23:55
VY6109,2026-07-04 14:40,elena.russo43@hotmail.com,142.42,2026-06-20 17:37
VY7820,2026-07-12 18:20,andrea.moreau85@libero.it,270.04,2026-05-06 10:38
VY6109,2026-07-20 17:15,anna.brown@outlook.com,115.78,2026-04-18 02:43
VY8300,2026-07-03 07:10,miguel.greco43@hotmail.com,108.31,2026-02-28 22:04
VY7830,2026-06-21 07:00,davide_smith@gmail.com,198.02,2026-04-22 02:26
VY6111,2026-08-17 21:35,lucy.moreau63@icloud.com,183.16,2026-05-21 05:48
VY8317,2026-06-09 16:25,julien.moretti@proton.me,197.59,2026-04-30 23:36
VY8250,2026-06-19 10:50,lucy.rossi@yahoo.com,117.42,2026-04-02 20:50
VY6109,2026-07-08 14:45,pdupont@libero.it,193.42,2026-03-16 18:00
VY6100,2026-07-26 06:40,sofia_fernandez@yahoo.com,127.03,2026-05-24 21:33
VY6110,2026-06-04 20:00,mbianchi@gmail.com,123.35,2026-03-24 08:15
VY7830,2026-06-19 07:00,sofia.ricci@libero.it,196.21,2026-06-15 04:31
VY6342,2026-08-19 11:30,eromano@icloud.com,23.71,2026-08-09 23:01
VY6102,2026-07-10 20:30,paolobrown@gmail.com,159.15,2026-02-25 10:10
VY6102,2026-08-09 19:35,albertodevries@yahoo.com,184.98,2026-06-09 22:00
VY6104,2026-06-19 15:20,sofia_fernandez@hotmail.com,182.01,2026-04-19 03:24
VY6340,2026-06-05 09:55,pablodupont@outlook.com,112.62,2026-05-01 16:21
VY7822,2026-08-14 18:55,andrea.dupont@icloud.com,120.47,2026-06-25 23:55
VY7826,2026-07-14 12:25,sophiejones@yahoo.com,276.80,2026-03-09 16:06
VY6110,2026-07-15 17:35,andrea_fernandez@gmail.com,170.23,2026-04-01 02:46
VY8302,2026-06-19 13:05,simonecosta@proton.me,217.64,2026-06-16 16:02
VY6116,2026-07-04 22:05,maria_brown@outlook.com,177.94,2026-04-02 04:13
VY6332,2026-08-31 14:10,james.leroy76@libero.it,175.08,2026-05-17 06:13
VY6024,2026-08-13 05:50,alberto.romano@proton.me,244.09,2026-04-05 13:26
VY6116,2026-06-12 10:55,abernard@gmail.com,165.92,2026-05-01 08:39
VY6108,2026-08-26 12:50,maria_moreau@proton.me,45.91,2026-04-08 17:59
VY7826,2026-06-29 12:25,emmabrown@outlook.com,144.14,2026-04-08 22:09
VY6342,2026-07-06 06:55,lars_russo@libero.it,146.99,2026-04-24 04:48
VY8306,2026-08-19 15:20,martina.lopez@libero.it,230.74,2026-07-29 08:56
VY7824,2026-07-02 16:30,pdevries@icloud.com,67.64,2026-02-14 12:46
VY6100,2026-06-29 06:30,julienbrown@outlook.com,180.77,2026-04-18 15:25
VY6105,2026-06-03 17:45,pierre.bernard@gmail.com,209.43,2026-01-21 10:33
VY6026,2026-06-10 21:30,lrossi@proton.me,77.93,2026-04-18 09:30
VY8311,2026-07-07 19:25,mjones@hotmail.com,267.01,2026-03-06 17:39
VY3003,2026-06-10 15:55,drossi@libero.it,338.81,2026-02-11 03:46
VY8300,2026-07-16 07:10,oliver.garcia6@icloud.com,201.29,2026-04-01 02:04
VY8304,2026-07-19 18:10,paolo_conti@outlook.com,246.70,2026-07-06 20:51
VY6101,2026-06-05 09:05,lmoretti@yahoo.com,74.86,2026-04-24 20:11
VY6330,2026-07-28 07:20,miguelbianchi@icloud.com,99.07,2026-02-27 12:15
VY7826,2026-08-03 12:25,olivermoretti@yahoo.com,43.34,2026-05-30 18:23
VY7824,2026-06-12 16:25,martina.costa@icloud.com,126.89,2026-05-13 17:47
VY8250,2026-06-07 10:50,miguel_greco@hotmail.com,194.11,2026-01-12 07:38
VY8240,2026-07-13 17:45,pierreferrari@libero.it,245.02,2026-05-30 14:24
VY6330,2026-08-24 07:35,marco.garcia@hotmail.com,90.69,2026-05-29 02:10
VY6020,2026-07-24 08:45,simone_smith@gmail.com,236.35,2026-03-05 10:13
VY6100,2026-06-14 06:40,davide_greco@proton.me,203.88,2026-04-15 23:51
VY6110,2026-06-28 17:45,davide.devries31@proton.me,68.26,2026-06-07 17:19
VY6115,2026-06-08 15:35,pablo.gomez89@gmail.com,117.67,2026-04-05 02:59
VY3003,2026-06-03 15:55,chiaragarcia@outlook.com,316.90,2026-03-18 13:57
VY6109,2026-06-08 17:15,marco.bakker29@proton.me,136.37,2026-01-09 18:45
VY6338,2026-08-10 16:45,oliverfernandez@gmail.com,181.76,2026-04-06 01:40
VY6340,2026-07-03 09:55,agarcia@gmail.com,98.08,2026-06-18 15:36
VY8317,2026-07-01 16:20,jlopez@hotmail.com,53.69,2026-02-13 08:32
VY6106,2026-07-23 07:50,swilson@proton.me,80.24,2026-03-28 19:21
VY8248,2026-06-06 13:10,simonecosta@proton.me,26.62,2026-03-19 02:29
VY8309,2026-06-08 10:10,sophie_martinez@proton.me,194.98,2026-04-09 08:56
VY6106,2026-07-10 08:00,oliver.taylor34@gmail.com,177.37,2026-03-16 21:02
VY8242,2026-08-13 07:25,lucyfernandez@proton.me,28.76,2026-03-30 05:48
VY8306,2026-06-11 15:20,annawilson@hotmail.com,178.22,2026-03-04 14:26
VY8304,2026-06-05 18:10,lleroy@proton.me,152.68,2026-01-07 06:18
VY6104,2026-06-11 15:20,lucy.taylor58@yahoo.com,38.30,2026-01-14 23:55
VY7824,2026-08-02 16:20,sgarcia@libero.it,233.16,2026-04-06 11:48
VY6332,2026-07-24 14:10,pablo_romano@icloud.com,61.78,2026-05-16 17:09
VY6101,2026-06-25 09:05,mmoreau@libero.it,213.43,2026-03-27 09:39
VY6100,2026-07-26 06:40,lars_garcia@hotmail.com,164.83,2026-04-13 04:27
VY6342,2026-06-04 11:30,davidedevries@icloud.com,144.29,2026-02-11 21:02
VY7824,2026-07-23 16:30,sromano@gmail.com,273.55,2026-04-18 08:59
VY8302,2026-08-02 13:15,elena_garcia@hotmail.com,225.82,2026-04-12 05:53
VY8246,2026-06-16 19:45,anamartin@outlook.com,75.42,2026-03-04 01:48
VY6020,2026-06-19 08:45,sdupont@gmail.com,222.98,2026-06-06 04:32
VY7824,2026-08-13 16:30,julien.fernandez@hotmail.com,145.19,2026-08-06 03:54
VY7828,2026-07-27 19:00,miguel_bernard@yahoo.com,120.42,2026-05-01 04:26
VY8242,2026-06-09 07:25,sara.bianchi49@yahoo.com,56.63,2026-02-05 08:32
VY6108,2026-07-20 11:10,anna.sanchez@icloud.com,202.10,2026-05-07 17:40
VY6102,2026-07-29 19:25,davidesmith@icloud.com,179.60,2026-07-27 11:15
VY8311,2026-08-14 19:35,lucy.garcia47@proton.me,29.12,2026-04-23 05:47
VY8300,2026-06-04 07:10,martina.greco@libero.it,160.29,2026-02-15 13:37
VY6026,2026-06-17 21:30,ptaylor@gmail.com,48.19,2026-05-15 16:23
VY7832,2026-08-24 10:35,lucia_bakker@proton.me,278.69,2026-06-01 17:10
VY6105,2026-07-24 14:40,jmartinez@outlook.com,157.17,2026-03-25 20:07
VY6107,2026-08-17 10:20,davideleroy@icloud.com,176.84,2026-07-08 00:44
VY8248,2026-08-16 13:25,lucy.russo@outlook.com,60.44,2026-03-22 01:06
VY6116,2026-06-19 10:55,marco.rossi@libero.it,176.84,2026-02-10 10:25
VY6336,2026-06-04 19:55,mariarossi@libero.it,55.67,2026-03-09 22:50
VY6105,2026-08-05 17:45,ddupont@yahoo.com,147.45,2026-04-02 06:26
VY8250,2026-07-20 10:50,emmabrown@proton.me,135.81,2026-07-03 08:55
VY8242,2026-07-14 07:25,miguel_costa@hotmail.com,104.69,2026-06-18 20:15
VY6334,2026-06-24 15:50,sara.jansen69@yahoo.com,79.04,2026-04-26 16:25
VY7826,2026-08-08 12:55,davideconti@outlook.com,187.25,2026-06-21 06:55
VY7832,2026-08-04 10:50,chiara.wilson34@hotmail.com,181.99,2026-08-01 21:47
VY6342,2026-07-26 11:30,eva.bernard@icloud.com,45.34,2026-03-24 09:13
VY8300,2026-07-30 07:10,ajansen@libero.it,143.10,2026-07-18 08:04
VY8248,2026-06-12 18:55,lucarusso@icloud.com,28.38,2026-05-25 00:47
VY7834,2026-08-07 13:20,martina.moreau1@icloud.com,222.45,2026-06-09 15:11
VY6008,2026-07-31 11:15,ana.romano14@icloud.com,267.72,2026-03-04 00:43
VY8304,2026-08-30 18:10,alberto_moreau@libero.it,278.61,2026-06-09 15:06
VY6116,2026-07-11 22:05,simone.martin@proton.me,42.74,2026-07-07 07:44
VY8306,2026-08-30 15:20,pierreromano@hotmail.com,105.89,2026-04-09 00:28
VY8317,2026-06-12 16:20,andrea_martinez@proton.me,113.48,2026-01-24 08:36
VY6110,2026-08-25 14:15,simone.jansen22@yahoo.com,117.42,2026-05-05 15:25
VY7830,2026-06-19 07:00,simoneconti@icloud.com,200.43,2026-03-23 21:21
VY6332,2026-08-31 14:10,miguel.gomez92@outlook.com,181.15,2026-08-03 03:13
VY8302,2026-08-23 13:15,sara.gomez29@icloud.com,167.32,2026-08-12 07:36
VY6008,2026-07-31 11:15,lucia.bianchi@libero.it,35.08,2026-05-16 19:38
VY8317,2026-06-05 16:20,sjansen@hotmail.com,169.25,2026-05-20 02:36
VY8302,2026-06-12 13:05,carlos.garcia47@icloud.com,100.05,2026-03-06 14:16
VY6342,2026-06-15 06:55,chiara.fernandez@gmail.com,189.24,2026-04-17 05:17
VY6020,2026-08-03 08:45,smartinez@yahoo.com,122.63,2026-07-06 10:38
VY6101,2026-08-25 09:05,marco.taylor@icloud.com,37.50,2026-06-01 19:29
VY6106,2026-06-26 08:00,lperez@proton.me,51.38,2026-04-30 01:39
VY8302,2026-06-29 13:05,jricci@libero.it,74.66,2026-04-27 16:17
VY6026,2026-07-15 21:30,giulialeroy@hotmail.com,251.23,2026-06-24 10:15
VY6103,2026-08-11 21:25,pierre.brown@gmail.com,210.47,2026-04-13 21:36
VY6340,2026-08-07 09:55,sjones@hotmail.com,62.00,2026-08-02 15:53
VY6018,2026-06-07 09:30,noor.jansen32@yahoo.com,269.68,2026-03-22 05:02
VY6342,2026-06-25 11:30,pierre_russo@hotmail.com,137.61,2026-04-14 05:49
VY6102,2026-07-26 19:35,martina_smith@outlook.com,56.44,2026-07-10 20:08
VY6111,2026-07-28 16:35,giuliadupont@libero.it,70.99,2026-03-03 03:58
VY6111,2026-08-12 22:05,jamesgreco@yahoo.com,164.38,2026-05-16 16:33
VY6103,2026-07-12 22:05,ssanchez@outlook.com,69.26,2026-03-04 18:08
VY8248,2026-06-26 18:55,sophie.jones@proton.me,107.67,2026-05-04 17:44
VY6110,2026-06-17 17:35,esmith@outlook.com,59.06,2026-04-14 16:55
VY6628,2026-06-05 21:50,saragarcia@yahoo.com,96.25,2026-03-15 19:25
VY6104,2026-06-09 15:20,jan.greco@proton.me,187.66,2026-05-18 03:58
VY6104,2026-07-25 15:20,maria.taylor83@yahoo.com,211.49,2026-07-12 07:11
VY8317,2026-07-07 16:25,davidewilson@yahoo.com,103.13,2026-05-28 04:33
VY7828,2026-06-22 19:00,chiara.wilson32@gmail.com,176.52,2026-02-18 02:56
VY6115,2026-07-03 13:25,aricci@gmail.com,162.81,2026-04-14 18:09
VY6020,2026-07-02 08:45,etaylor@proton.me,226.34,2026-04-12 21:14
VY6334,2026-06-22 15:50,pierre.rossi@libero.it,55.16,2026-05-20 07:24
VY6108,2026-07-09 12:50,albertosanchez@gmail.com,56.89,2026-02-21 15:27
VY8317,2026-08-21 16:20,tom.garcia8@icloud.com,230.67,2026-08-03 06:18
VY6108,2026-07-23 12:50,lricci@gmail.com,156.09,2026-04-22 15:09
VY7826,2026-06-29 12:25,noor_bianchi@gmail.com,80.10,2026-03-13 11:27
VY6338,2026-06-10 16:45,sara_perez@outlook.com,37.59,2026-02-23 17:39
VY6107,2026-07-16 10:25,pbianchi@libero.it,190.69,2026-02-24 06:51
VY8312,2026-06-11 11:20,noor_jansen@libero.it,126.37,2026-01-29 07:54
VY6109,2026-07-03 16:55,luca.smith@libero.it,47.25,2026-04-04 02:56
VY8300,2026-07-26 07:10,anabrown@icloud.com,137.33,2026-03-05 13:22
VY7826,2026-06-04 12:25,marco_perez@gmail.com,43.70,2026-01-31 06:33
VY3003,2026-08-02 15:55,laura.devries27@hotmail.com,253.99,2026-04-10 11:15
VY6008,2026-06-27 12:15,sara_gomez@hotmail.com,38.31,2026-06-19 19:01
VY6336,2026-08-29 08:45,davide.russo83@yahoo.com,190.73,2026-04-01 12:09
VY8248,2026-06-27 13:10,francesca_jansen@gmail.com,161.80,2026-03-01 10:54
VY6116,2026-08-28 10:55,andrea.wilson72@proton.me,111.67,2026-05-13 20:32
VY8240,2026-07-16 17:30,luca_smith@proton.me,225.00,2026-04-30 06:03
VY6106,2026-07-05 07:55,cconti@outlook.com,183.61,2026-04-18 23:56
VY6338,2026-07-25 19:15,lmoreau@yahoo.com,187.66,2026-07-17 14:53
VY6338,2026-08-10 16:45,james.leroy@libero.it,165.13,2026-04-11 18:15
VY7824,2026-06-19 16:25,ana.moreau@yahoo.com,60.09,2026-01-28 01:19
VY6008,2026-06-27 12:15,juliencosta@yahoo.com,184.26,2026-06-24 09:06
VY8248,2026-08-29 13:10,anna.martin@icloud.com,211.91,2026-08-22 16:07
VY8302,2026-08-09 13:15,promano@libero.it,218.81,2026-03-11 19:22
VY8242,2026-07-13 07:30,paolo.brown@outlook.com,82.17,2026-06-08 22:06
VY6334,2026-08-14 15:50,sara_rossi@gmail.com,166.27,2026-04-02 08:01
VY8309,2026-06-28 10:10,sophie.rossi63@gmail.com,83.32,2026-04-10 14:11
VY7832,2026-07-11 10:50,luciagomez@icloud.com,302.79,2026-03-28 00:33
VY6108,2026-07-28 12:55,francesca.martinez19@outlook.com,118.67,2026-07-02 20:17
VY6334,2026-07-12 15:50,carlossanchez@outlook.com,168.98,2026-06-28 15:40
VY8306,2026-08-23 15:20,martinawilson@yahoo.com,268.80,2026-05-17 15:51
VY6344,2026-06-08 08:35,larswilson@proton.me,145.18,2026-05-28 00:29
VY6338,2026-08-20 16:45,miguel_jones@proton.me,123.17,2026-05-26 14:19
VY6108,2026-06-11 12:50,tgomez@libero.it,189.52,2026-05-09 21:17
VY6100,2026-07-28 06:30,jgarcia@icloud.com,32.12,2026-06-08 17:25
VY6101,2026-07-01 09:05,mariarossi@proton.me,194.88,2026-04-19 23:46
VY7832,2026-06-25 10:55,miguel.lopez@outlook.com,215.56,2026-02-07 17:02
VY6116,2026-08-21 10:55,sophie_ferrari@gmail.com,115.96,2026-06-05 23:53
VY8242,2026-08-05 07:25,julien_leroy@proton.me,65.63,2026-03-08 03:27
VY7832,2026-06-24 10:50,julien_devries@icloud.com,213.07,2026-03-18 08:49
VY8240,2026-08-17 17:45,jan_wilson@outlook.com,203.01,2026-03-21 22:37
VY6100,2026-08-23 06:40,pablo.martin@outlook.com,84.88,2026-04-01 12:58
VY8306,2026-06-25 15:20,elena.wilson@yahoo.com,45.12,2026-06-07 23:14
VY6105,2026-06-01 17:55,sophie.martinez@hotmail.com,211.25,2026-05-10 19:10
VY8317,2026-08-21 16:20,noor.smith@icloud.com,174.16,2026-06-03 02:18
VY6332,2026-08-09 14:10,tcosta@icloud.com,66.44,2026-05-03 00:04
VY6338,2026-06-20 19:15,fdupont@outlook.com,30.74,2026-04-14 07:27
VY6334,2026-08-28 15:50,sara.devries93@gmail.com,163.71,2026-04-29 20:33
VY8304,2026-06-21 18:10,lars_devries@outlook.com,94.48,2026-02-26 09:54
VY6344,2026-06-24 08:10,tferrari@yahoo.com,138.80,2026-03-15 08:31
VY6332,2026-06-07 14:10,martina.smith@libero.it,21.71,2026-04-11 08:43
VY6018,2026-07-31 09:20,luca_ferrari@icloud.com,181.49,2026-04-21 02:15
VY6111,2026-07-08 22:05,sbrown@yahoo.com,149.70,2026-06-14 16:45
VY6101,2026-06-03 09:05,ltaylor@proton.me,35.81,2026-01-20 20:36
VY6346,2026-07-30 08:55,lars.ferrari@libero.it,145.66,2026-05-21 16:39
VY6330,2026-06-24 07:30,simone.rossi@hotmail.com,91.53,2026-06-10 16:39
VY7832,2026-07-16 10:55,jan_romano@outlook.com,294.62,2026-05-20 14:25
VY8248,2026-08-15 13:10,prusso@gmail.com,81.90,2026-08-05 22:37
VY6342,2026-07-24 10:55,giulia.martinez12@yahoo.com,151.84,2026-07-11 09:38
VY6108,2026-06-28 12:50,albertodevries@outlook.com,49.23,2026-03-29 01:56
VY8311,2026-06-22 19:35,annasmith@icloud.com,202.53,2026-01-28 20:09
VY6338,2026-06-10 16:45,davide.sanchez@yahoo.com,114.55,2026-04-16 17:31
VY6008,2026-07-28 11:25,msmith@libero.it,222.72,2026-06-11 22:45
VY6111,2026-06-10 22:05,simone.lopez73@proton.me,217.29,2026-02-14 14:59
VY6334,2026-07-10 15:50,maria_bakker@proton.me,145.88,2026-03-03 00:05
VY7834,2026-07-03 13:20,mwilson@icloud.com,260.27,2026-04-09 16:05
VY6110,2026-07-12 17:45,lleroy@icloud.com,153.10,2026-06-22 10:28
VY6108,2026-07-07 12:55,paolo.jansen30@hotmail.com,104.88,2026-07-06 01:32
VY8306,2026-07-27 15:10,anna_rossi@icloud.com,69.73,2026-06-26 03:02
VY8311,2026-07-27 19:35,miguel_lopez@libero.it,85.75,2026-05-21 07:16
VY6109,2026-07-26 15:10,jan.smith@proton.me,107.47,2026-05-11 17:30
VY8317,2026-08-21 16:20,james_fernandez@hotmail.com,94.17,2026-06-17 19:12
VY6101,2026-07-08 09:05,carlos.ricci@yahoo.com,216.11,2026-05-30 21:45
VY8248,2026-06-03 13:50,chiara.leroy@gmail.com,164.40,2026-05-21 13:47
VY6332,2026-08-16 14:10,laura.greco34@proton.me,76.45,2026-07-28 19:41
VY7824,2026-08-09 16:20,sophie_rossi@icloud.com,202.29,2026-07-05 13:26
VY6105,2026-06-13 17:55,sara_gomez@proton.me,150.29,2026-03-27 20:31
VY8311,2026-07-08 19:35,julien_costa@gmail.com,149.27,2026-05-14 17:32
VY7830,2026-07-17 07:00,lucia.wilson47@libero.it,223.45,2026-03-19 10:45
VY6330,2026-07-10 07:30,carlos.taylor@hotmail.com,29.97,2026-06-21 14:55
VY6116,2026-06-20 22:05,jamesbrown@proton.me,174.68,2026-03-11 12:58
VY6026,2026-06-03 21:30,aricci@icloud.com,73.98,2026-05-04 22:50
VY7820,2026-06-18 18:35,simone.jones@proton.me,121.05,2026-06-02 04:41
VY6102,2026-06-23 18:55,sophie.costa23@outlook.com,58.40,2026-06-05 20:19
VY6026,2026-08-13 17:45,paolo_martinez@outlook.com,271.23,2026-05-03 02:47
VY6340,2026-07-13 12:55,ana.bakker24@outlook.com,132.46,2026-02-18 02:01
VY6109,2026-08-24 17:15,larsdupont@proton.me,151.36,2026-06-19 07:32
VY8309,2026-08-26 10:10,elena.wilson@yahoo.com,221.97,2026-04-09 20:38
VY8312,2026-08-13 11:20,lars_rossi@hotmail.com,276.12,2026-04-26 03:19
VY8317,2026-07-15 16:20,sgomez@libero.it,50.69,2026-04-16 20:37
VY8242,2026-08-23 07:25,ana_bakker@gmail.com,65.76,2026-04-22 12:22
VY8309,2026-08-04 10:10,smartinez@outlook.com,73.89,2026-05-27 21:55
VY6115,2026-08-22 16:05,laura.bernard66@gmail.com,167.38,2026-08-17 09:56
VY7824,2026-07-20 16:20,oliverdevries@libero.it,243.65,2026-04-30 04:38
VY6102,2026-07-12 19:35,sofia.jansen75@proton.me,222.80,2026-05-22 23:42
VY6342,2026-07-03 10:55,martina.dupont@gmail.com,42.63,2026-05-27 02:09
VY6105,2026-06-06 17:55,pfernandez@outlook.com,115.62,2026-02-26 03:55
VY6342,2026-08-30 11:30,paolo_martinez@yahoo.com,95.87,2026-05-03 22:24
VY8248,2026-08-07 18:55,lucasmith@gmail.com,217.12,2026-07-31 18:21
VY8309,2026-08-09 10:10,julienmoretti@icloud.com,277.78,2026-03-15 04:30
VY8242,2026-07-14 07:25,james_costa@icloud.com,85.43,2026-06-01 04:23
VY6338,2026-06-19 18:55,sofia_gomez@yahoo.com,40.35,2026-04-21 20:28
VY6110,2026-06-14 17:45,martina_wilson@yahoo.com,60.74,2026-06-13 15:06
VY6342,2026-06-13 11:20,ajansen@proton.me,119.72,2026-05-26 21:37
VY6338,2026-08-22 19:15,jan.smith@libero.it,59.86,2026-08-06 13:36
VY7826,2026-08-06 12:25,elena_ricci@proton.me,45.84,2026-07-17 10:53
VY6330,2026-06-25 07:30,srossi@gmail.com,148.34,2026-05-12 00:46
VY6104,2026-07-12 15:20,larssanchez@libero.it,47.21,2026-07-03 10:33
VY6332,2026-06-26 14:10,anna_leroy@gmail.com,155.27,2026-04-17 07:41
VY8300,2026-07-11 07:10,ewilson@outlook.com,222.63,2026-02-18 06:15
VY6106,2026-06-12 08:00,james.perez87@gmail.com,115.09,2026-02-22 12:36
VY7832,2026-06-24 10:50,jferrari@gmail.com,81.14,2026-03-21 01:52
VY6020,2026-07-11 08:45,eva.martin38@icloud.com,140.39,2026-07-10 08:02
VY6110,2026-06-03 17:35,lgarcia@proton.me,48.08,2026-05-10 02:09
VY6105,2026-08-04 17:55,elena.smith1@proton.me,50.46,2026-07-02 08:49
VY6102,2026-06-02 18:55,luciarusso@gmail.com,162.44,2026-02-17 23:19
VY8317,2026-07-01 16:20,pierrefernandez@libero.it,249.38,2026-03-28 10:36
VY8250,2026-08-14 10:50,ldevries@libero.it,258.32,2026-05-22 17:57
VY7832,2026-06-29 10:35,lucyjansen@yahoo.com,103.62,2026-06-14 11:41
VY3003,2026-08-09 15:55,paolo.ferrari15@proton.me,306.54,2026-05-08 14:06
VY6108,2026-06-15 11:10,martina_fernandez@icloud.com,184.62,2026-02-24 05:41
VY8306,2026-06-17 15:20,giulia.sanchez3@yahoo.com,130.12,2026-02-24 06:46
VY6336,2026-08-14 21:25,jrusso@gmail.com,196.18,2026-04-07 20:40
VY8317,2026-08-14 16:20,sophie.smith90@libero.it,264.98,2026-07-12 10:42
VY8246,2026-08-11 19:45,sromano@yahoo.com,98.96,2026-06-26 18:25
VY8300,2026-07-12 07:10,laura_leroy@proton.me,160.42,2026-06-20 03:27
VY6100,2026-07-22 06:30,maria.devries33@proton.me,72.43,2026-04-28 16:04
VY6342,2026-08-21 10:55,sconti@gmail.com,142.65,2026-05-14 10:20
VY6334,2026-08-14 15:50,pablo_lopez@icloud.com,168.95,2026-07-03 10:43
VY6105,2026-08-12 17:45,simone.jones@outlook.com,91.63,2026-04-03 11:28
VY8306,2026-08-02 15:20,srossi@yahoo.com,162.94,2026-03-22 20:41
VY6108,2026-07-07 12:55,jamesromano@hotmail.com,208.40,2026-05-04 13:02
VY6108,2026-06-10 12:50,slopez@libero.it,157.73,2026-03-02 10:52
VY7832,2026-07-21 10:50,noor.brown@icloud.com,274.86,2026-06-13 18:27
VY6340,2026-08-12 12:55,pierre_bianchi@gmail.com,169.25,2026-03-17 22:30
VY6020,2026-07-31 08:45,lucy.leroy36@hotmail.com,30.15,2026-03-02 23:06
VY6105,2026-08-03 17:55,luca_devries@proton.me,206.73,2026-05-16 09:48
VY6108,2026-06-16 12:55,smartin@proton.me,167.06,2026-03-21 03:14
VY6336,2026-07-03 21:25,julien_sanchez@libero.it,200.54,2026-03-25 20:26
VY6100,2026-08-26 06:30,sara_devries@hotmail.com,134.06,2026-04-15 19:50
VY6116,2026-07-04 22:05,oliver_bernard@gmail.com,122.53,2026-02-25 14:06
VY8250,2026-07-06 10:50,lucajansen@gmail.com,133.70,2026-05-12 01:07
VY6105,2026-07-11 17:55,paolotaylor@yahoo.com,148.17,2026-03-14 03:31
VY6020,2026-08-01 08:45,pablobrown@outlook.com,42.19,2026-03-28 16:11
VY6100,2026-06-19 06:30,ptaylor@icloud.com,67.26,2026-03-28 21:30
VY6104,2026-07-25 15:20,lucaperez@gmail.com,139.08,2026-03-06 04:37
VY6108,2026-08-11 12:55,ana.devries31@libero.it,218.15,2026-05-03 02:43
VY6109,2026-08-02 15:10,maria.dupont@outlook.com,171.27,2026-05-21 19:42
VY6105,2026-06-13 17:55,tom.jones79@gmail.com,213.66,2026-02-10 02:51
VY6340,2026-07-25 12:55,martina.bianchi@gmail.com,65.48,2026-04-22 01:11
VY6340,2026-07-09 12:55,julien_bakker@yahoo.com,39.81,2026-05-20 23:36
VY8240,2026-08-14 17:20,pierre_bakker@gmail.com,133.45,2026-07-05 13:45
VY6104,2026-08-29 15:20,gdevries@gmail.com,150.80,2026-08-26 02:00
VY3003,2026-08-24 15:55,giulia.smith50@yahoo.com,92.63,2026-04-07 19:40
VY6330,2026-07-10 07:30,davide_bernard@yahoo.com,123.66,2026-07-08 23:07
VY8240,2026-06-05 17:20,oliver_jansen@icloud.com,55.27,2026-03-12 04:20
VY8311,2026-08-14 19:35,carlosjansen@icloud.com,210.68,2026-06-20 11:54
VY7826,2026-08-07 12:25,larsmartinez@hotmail.com,192.07,2026-04-24 11:24
VY6109,2026-07-23 16:30,giuliamartinez@outlook.com,102.29,2026-06-17 02:34
VY8306,2026-06-06 15:10,miguel_russo@gmail.com,174.22,2026-03-11 18:09
VY8311,2026-07-10 19:35,annacosta@gmail.com,203.17,2026-07-03 20:31
VY6100,2026-06-06 06:30,luca_devries@hotmail.com,71.41,2026-04-02 20:51
VY8302,2026-08-23 13:15,lauracosta@icloud.com,67.29,2026-07-07 14:11
VY6008,2026-08-08 12:15,francesca_leroy@outlook.com,210.65,2026-06-28 17:17
VY8242,2026-06-11 07:25,ana.martinez@proton.me,25.95,2026-06-04 16:20
VY6103,2026-06-05 23:00,simone.devries96@outlook.com,197.61,2026-04-29 06:46
VY6105,2026-07-12 17:55,evagreco@icloud.com,177.04,2026-02-19 07:24
VY6107,2026-08-27 10:25,lars.moreau@gmail.com,51.89,2026-07-20 04:41
VY7832,2026-06-16 10:50,lucia.fernandez54@icloud.com,148.57,2026-06-03 01:34
VY8248,2026-07-24 18:55,mwilson@proton.me,105.73,2026-05-16 03:29
VY8317,2026-08-04 16:25,julienbakker@yahoo.com,244.67,2026-05-29 02:16
VY6340,2026-07-13 12:55,edupont@gmail.com,63.85,2026-05-09 21:24
VY6104,2026-08-15 15:20,sdevries@gmail.com,165.22,2026-05-01 04:50
VY8242,2026-06-14 07:25,lucy_garcia@gmail.com,234.54,2026-02-18 02:51
VY6115,2026-08-14 13:25,afernandez@yahoo.com,144.15,2026-07-08 00:42
VY6109,2026-06-11 16:30,lars.jones5@hotmail.com,103.81,2026-04-22 01:26
VY6107,2026-08-07 18:25,mbrown@proton.me,168.27,2026-08-05 12:21
VY6104,2026-07-24 15:20,larslopez@proton.me,193.88,2026-06-18 00:43
VY6101,2026-08-11 09:05,emma.ferrari@gmail.com,217.48,2026-05-11 01:42
VY6105,2026-07-24 14:40,giulia.conti@libero.it,152.62,2026-03-03 17:24
VY6334,2026-06-11 15:55,paolo.smith@hotmail.com,113.13,2026-03-01 00:00
VY6008,2026-07-14 11:25,tombianchi@outlook.com,212.52,2026-06-29 19:33
VY7826,2026-07-10 12:25,martina.fernandez20@hotmail.com,298.51,2026-03-18 17:01
VY8306,2026-06-08 15:10,mbianchi@gmail.com,200.52,2026-05-22 13:08
VY6342,2026-08-16 11:30,javier.rossi@outlook.com,43.30,2026-05-16 10:44
VY7826,2026-07-03 12:25,sophie_fernandez@outlook.com,214.38,2026-05-22 14:37
VY7832,2026-06-04 10:55,james_smith@hotmail.com,63.26,2026-04-20 14:58
VY6116,2026-06-26 10:55,abernard@libero.it,156.65,2026-04-01 14:41
VY6109,2026-06-29 17:15,juliencosta@gmail.com,79.42,2026-04-02 12:51
VY6107,2026-06-27 10:30,martina.martin6@gmail.com,37.68,2026-03-29 11:17
VY8242,2026-08-24 07:30,swilson@proton.me,227.76,2026-04-28 11:41
VY6100,2026-08-10 06:30,eperez@proton.me,104.57,2026-04-17 17:56
VY6105,2026-08-25 17:55,chiara.leroy59@icloud.com,25.94,2026-05-30 02:06
VY6020,2026-08-01 08:45,miguel.conti@yahoo.com,43.63,2026-05-16 12:59
VY6104,2026-06-26 15:20,annaconti@yahoo.com,134.41,2026-06-12 08:28
VY6008,2026-08-08 12:15,giulia_romano@icloud.com,43.16,2026-06-04 03:54
VY8309,2026-07-11 10:10,martina.perez@gmail.com,81.27,2026-05-10 00:01
VY6330,2026-08-24 07:35,davide.leroy@icloud.com,47.41,2026-08-09 09:02
VY8302,2026-06-24 13:05,janricci@gmail.com,135.55,2026-02-13 17:30
VY8317,2026-06-23 16:25,pbianchi@libero.it,124.29,2026-05-23 23:43
VY6103,2026-08-04 21:25,lucataylor@libero.it,60.51,2026-03-21 20:29
VY6340,2026-08-20 12:55,carlos.rossi43@yahoo.com,94.77,2026-04-15 14:56
VY8246,2026-07-21 19:45,paolofernandez@gmail.com,221.54,2026-03-11 03:47
VY6106,2026-08-20 07:50,eva.dupont58@hotmail.com,172.37,2026-06-15 12:04
VY6108,2026-06-01 11:10,juliencosta@gmail.com,84.63,2026-02-05 07:40
VY6334,2026-06-25 15:55,sara.leroy35@proton.me,101.69,2026-02-18 05:21
VY7832,2026-06-14 10:45,alberto_ricci@libero.it,207.87,2026-02-25 19:50
VY6340,2026-07-28 12:55,anna.martin36@icloud.com,114.93,2026-03-15 22:25
VY6101,2026-06-25 09:05,marcorusso@libero.it,204.89,2026-06-08 01:48
VY8248,2026-08-27 13:20,marco_fernandez@hotmail.com,163.59,2026-07-03 23:24
VY8242,2026-06-18 07:25,pablodupont@icloud.com,183.87,2026-06-01 08:48
VY6106,2026-07-27 07:50,tomjansen@hotmail.com,24.38,2026-05-16 15:32
VY6101,2026-08-07 09:05,luciagreco@libero.it,179.36,2026-07-08 06:42
VY8248,2026-06-12 18:55,lucia.bernard79@icloud.com,183.72,2026-05-28 04:54
VY8300,2026-06-04 07:10,cfernandez@libero.it,261.21,2026-05-08 19:08
VY6340,2026-08-26 12:55,jleroy@gmail.com,74.20,2026-07-02 22:12
VY7820,2026-07-20 17:35,sofia.jones@proton.me,147.68,2026-05-09 08:06
VY6110,2026-08-15 09:50,marcojansen@icloud.com,47.48,2026-06-22 16:06
VY6340,2026-08-24 12:55,andrea.bernard90@yahoo.com,117.33,2026-08-12 00:29
VY6100,2026-07-29 06:30,sofia.jones42@gmail.com,193.72,2026-04-17 18:16
VY6338,2026-07-19 16:45,javier.bernard@outlook.com,189.69,2026-02-27 19:12
VY6110,2026-08-25 14:15,luca_bakker@yahoo.com,160.00,2026-05-20 00:38
VY7826,2026-07-07 12:25,eva_conti@yahoo.com,196.25,2026-02-23 03:14
VY6342,2026-07-12 11:30,sophiemoreau@proton.me,183.66,2026-07-01 04:25
VY7832,2026-07-28 10:50,analopez@gmail.com,185.43,2026-04-02 08:00
VY6342,2026-06-20 11:20,cleroy@icloud.com,190.56,2026-02-06 22:02
VY6342,2026-07-07 11:30,mconti@gmail.com,55.09,2026-04-12 06:00
VY8312,2026-08-07 11:15,smoreau@gmail.com,85.98,2026-04-05 20:40
VY6104,2026-08-29 15:20,sophie.dupont82@proton.me,171.31,2026-04-14 07:28
VY7826,2026-08-21 12:25,annataylor@outlook.com,245.16,2026-05-18 21:10
VY6107,2026-08-29 10:30,luca.bianchi33@outlook.com,159.99,2026-05-05 18:49
VY6105,2026-07-02 17:55,carlosgomez@libero.it,133.67,2026-03-04 11:52
VY6101,2026-07-30 09:05,martina.bakker3@libero.it,152.03,2026-03-11 21:13
VY6338,2026-06-15 16:45,anna_martin@icloud.com,161.52,2026-05-07 06:24
VY6334,2026-08-07 15:50,simone.moretti5@gmail.com,171.99,2026-03-12 00:53
VY8309,2026-06-10 10:10,lmoretti@proton.me,145.63,2026-01-24 07:47
VY6330,2026-07-31 07:30,marco_martin@libero.it,108.45,2026-05-04 18:52
VY6338,2026-08-26 16:45,sophielopez@icloud.com,193.00,2026-05-08 00:58
VY6332,2026-08-19 14:15,asmith@libero.it,38.86,2026-06-07 20:37
VY7832,2026-07-11 10:50,julien_bernard@libero.it,43.65,2026-03-25 05:35
VY3003,2026-08-18 15:55,lucia_rossi@icloud.com,120.54,2026-06-09 14:24
VY6101,2026-07-01 09:05,pierre.romano@libero.it,59.02,2026-06-19 01:10
VY6104,2026-06-11 15:20,francescagarcia@outlook.com,79.77,2026-02-04 12:25
VY8300,2026-07-04 07:10,andrea.bianchi@gmail.com,142.33,2026-04-12 13:21
VY6018,2026-07-05 09:30,migueldevries@libero.it,250.20,2026-04-25 03:10
VY8300,2026-08-01 07:10,fsmith@libero.it,141.54,2026-04-06 04:50
VY3003,2026-07-28 15:55,tom.smith64@icloud.com,157.05,2026-03-01 17:58
VY8242,2026-07-03 07:35,annabernard@libero.it,165.38,2026-03-31 06:38
VY8306,2026-07-29 15:20,lucy.conti47@gmail.com,131.70,2026-07-08 01:13
VY6020,2026-07-23 08:45,carlos.perez85@outlook.com,91.49,2026-06-11 10:25
VY8248,2026-08-15 13:10,ana.gomez@hotmail.com,247.81,2026-04-01 16:38
VY6105,2026-07-31 14:40,davide.jansen38@yahoo.com,92.99,2026-06-14 12:21
VY6110,2026-06-14 17:45,francesca.gomez80@hotmail.com,31.75,2026-05-11 02:05
VY7822,2026-06-19 18:55,sara.lopez94@libero.it,43.90,2026-01-30 14:36
VY7826,2026-08-20 12:25,tom.taylor@libero.it,102.34,2026-07-28 06:38
VY6338,2026-08-05 16:45,giulia.romano@outlook.com,49.98,2026-04-16 09:27
VY8306,2026-08-14 15:10,ana_smith@yahoo.com,220.46,2026-08-05 03:25
VY6110,2026-07-25 09:50,julienferrari@outlook.com,141.17,2026-05-13 18:12
VY6108,2026-07-01 12:50,elenalopez@yahoo.com,76.98,2026-02-09 17:45
VY7822,2026-08-14 18:55,afernandez@hotmail.com,167.13,2026-07-28 12:42
VY8246,2026-07-21 19:45,carlos.russo@outlook.com,117.82,2026-05-21 09:53
VY3003,2026-06-03 15:55,sophie.bianchi12@icloud.com,282.83,2026-04-11 23:50
VY8302,2026-08-20 13:05,eva.moretti@icloud.com,102.36,2026-04-07 18:02
VY6340,2026-07-06 12:55,elena.moreau@libero.it,145.08,2026-04-05 07:43
VY6108,2026-07-24 13:45,plopez@icloud.com,190.42,2026-06-15 11:03
VY8317,2026-08-07 16:20,ataylor@hotmail.com,236.28,2026-04-16 12:06
VY8311,2026-06-05 19:35,marcowilson@libero.it,293.45,2026-05-19 04:30
VY6100,2026-07-22 06:30,james.martin5@proton.me,197.91,2026-06-22 13:40
VY6101,2026-08-21 09:05,pierre_dupont@yahoo.com,26.35,2026-06-30 04:04
VY8304,2026-07-10 18:10,msmith@hotmail.com,38.52,2026-05-06 01:40
VY6116,2026-07-03 10:55,andreamoreau@gmail.com,168.81,2026-03-08 06:41
VY6102,2026-07-07 18:55,andrea.ferrari@yahoo.com,24.84,2026-03-01 22:23
VY8242,2026-08-12 07:25,francescawilson@gmail.com,234.73,2026-08-05 00:37
VY7826,2026-07-10 12:25,ebrown@hotmail.com,140.65,2026-07-07 00:47
VY7830,2026-08-04 07:00,sbianchi@gmail.com,202.73,2026-06-29 23:47
VY6018,2026-08-09 09:30,oliver.wilson9@libero.it,218.05,2026-08-07 08:53
VY6104,2026-06-05 15:20,pwilson@yahoo.com,131.27,2026-04-20 09:01
VY6330,2026-08-23 07:30,lars_greco@libero.it,121.62,2026-06-10 08:56
VY6110,2026-06-16 14:15,javier.garcia68@icloud.com,70.42,2026-06-14 19:44
VY6340,2026-08-18 12:55,emma.smith@outlook.com,154.00,2026-03-31 02:08
VY6110,2026-07-28 14:15,lucyconti@hotmail.com,184.28,2026-04-12 14:02
VY6018,2026-07-17 09:20,laurabrown@outlook.com,186.72,2026-02-26 10:49
VY6020,2026-08-29 08:45,lucia.dupont57@icloud.com,90.64,2026-06-23 10:30
VY8311,2026-06-29 19:35,james.fernandez@hotmail.com,143.89,2026-04-20 03:08
VY6334,2026-06-22 15:50,paolo.devries43@outlook.com,107.14,2026-06-13 03:36
VY7834,2026-07-24 13:20,noor_martin@gmail.com,151.39,2026-06-23 04:58
VY6026,2026-06-10 21:30,javier.greco15@libero.it,232.43,2026-05-21 10:02
VY7830,2026-06-21 07:00,francesca.russo14@hotmail.com,229.87,2026-06-02 17:26
VY6105,2026-08-25 17:55,lricci@libero.it,25.87,2026-05-21 15:50
VY6105,2026-08-09 17:55,emma.brown45@outlook.com,26.24,2026-05-14 19:15
VY6330,2026-08-09 07:30,jbakker@hotmail.com,104.04,2026-05-03 14:42
VY6111,2026-06-08 21:35,emma.moretti88@yahoo.com,226.64,2026-04-19 11:39
VY7824,2026-07-02 16:30,marco.sanchez@gmail.com,260.40,2026-03-19 03:29
VY6103,2026-07-26 22:05,msanchez@proton.me,217.38,2026-06-21 17:34
VY8306,2026-07-25 15:10,mperez@proton.me,148.73,2026-06-22 17:04
VY6008,2026-07-20 10:55,martinarossi@yahoo.com,93.88,2026-07-05 16:35
VY7830,2026-06-04 07:00,davide.bianchi@gmail.com,246.35,2026-05-13 17:17
VY7820,2026-06-18 18:35,emma.moreau68@icloud.com,147.85,2026-04-13 18:20
VY8306,2026-06-26 15:10,marcofernandez@proton.me,83.86,2026-02-25 01:08
VY6342,2026-07-16 11:30,elena_martin@yahoo.com,191.94,2026-02-19 00:34
VY8300,2026-06-25 07:10,tgarcia@proton.me,108.61,2026-03-07 12:49
VY8242,2026-08-05 07:25,anna.martinez@gmail.com,184.84,2026-04-16 02:55
VY6024,2026-06-11 05:50,pdupont@icloud.com,152.47,2026-05-24 09:22
VY8248,2026-08-01 13:10,sophie.bernard@proton.me,209.71,2026-05-11 18:59
VY8312,2026-07-09 11:20,noor.ricci@libero.it,214.84,2026-05-28 22:03
VY8248,2026-08-29 13:10,simonegreco@libero.it,176.58,2026-08-05 23:10
VY6334,2026-08-06 15:55,andreaperez@gmail.com,140.33,2026-05-12 01:30
VY6107,2026-08-20 10:25,tom.ferrari90@outlook.com,86.47,2026-03-29 00:50
VY7832,2026-07-29 10:50,sofia_gomez@outlook.com,226.49,2026-05-28 00:05
VY8306,2026-07-30 15:20,swilson@icloud.com,80.91,2026-03-15 23:35
VY6338,2026-07-22 16:45,jbrown@libero.it,41.18,2026-06-17 02:49
VY8246,2026-07-14 19:45,amoreau@gmail.com,43.18,2026-03-04 02:37
VY8304,2026-08-02 18:10,marco_jansen@gmail.com,264.46,2026-05-23 15:11
VY7834,2026-06-11 13:20,julien.brown@gmail.com,294.89,2026-03-27 01:04
VY6110,2026-07-25 09:50,lucy.martinez94@proton.me,191.18,2026-02-27 19:27
VY8246,2026-08-25 19:45,annafernandez@hotmail.com,146.95,2026-04-15 01:51
VY6342,2026-08-07 10:55,oliver.devries@hotmail.com,154.23,2026-03-16 13:02
VY6101,2026-07-23 09:05,javierbernard@gmail.com,130.26,2026-06-15 22:50
VY6026,2026-08-09 21:20,ana_brown@icloud.com,213.52,2026-08-02 04:10
VY6340,2026-06-06 12:55,maria.greco56@libero.it,139.24,2026-02-20 13:54
VY6338,2026-08-18 20:50,simone.ferrari53@hotmail.com,68.29,2026-03-25 00:27
VY3003,2026-08-10 15:55,mlopez@gmail.com,297.70,2026-07-13 17:55
VY6338,2026-08-17 16:45,pierre.jansen@icloud.com,164.49,2026-08-12 02:43
VY6102,2026-07-29 19:25,ana.bianchi@icloud.com,130.40,2026-04-09 01:11
VY6110,2026-08-30 17:45,mcosta@hotmail.com,202.15,2026-06-22 01:28
VY8312,2026-08-07 11:15,lsmith@proton.me,108.64,2026-04-24 14:04
VY3003,2026-06-27 15:55,mgarcia@hotmail.com,245.85,2026-04-01 03:35
VY8306,2026-07-04 15:10,paolo.devries76@hotmail.com,198.58,2026-02-24 09:38
VY6342,2026-07-15 11:30,annagomez@gmail.com,121.77,2026-07-05 05:11
VY6340,2026-06-18 12:55,cwilson@libero.it,98.66,2026-04-22 11:42
VY8242,2026-08-29 07:25,pierre.rossi@hotmail.com,231.64,2026-05-25 17:11
VY6330,2026-08-10 07:35,sbernard@icloud.com,162.50,2026-07-30 08:11
VY8242,2026-07-03 07:35,jamessmith@yahoo.com,55.81,2026-03-05 18:48
VY8309,2026-08-06 10:10,saraperez@hotmail.com,174.34,2026-03-11 16:09
VY7826,2026-08-07 12:25,oliverjones@yahoo.com,281.99,2026-06-15 06:17
VY6104,2026-06-12 15:20,larssanchez@proton.me,61.41,2026-03-02 09:31
VY7820,2026-08-17 17:35,pablorusso@proton.me,260.21,2026-07-03 12:14
VY6108,2026-06-22 11:10,lucygarcia@yahoo.com,172.83,2026-06-09 10:36
VY8248,2026-08-27 13:20,lauralopez@libero.it,227.58,2026-05-05 13:03
VY6106,2026-06-12 08:00,emma.smith@outlook.com,151.23,2026-02-01 01:26
VY6109,2026-07-04 14:40,sophie_devries@icloud.com,159.56,2026-07-01 06:11
VY7822,2026-08-14 18:55,fgreco@yahoo.com,227.74,2026-07-16 03:29
VY8306,2026-07-05 15:20,mrusso@libero.it,245.73,2026-04-18 15:27
VY8309,2026-08-05 10:10,giuliabernard@libero.it,165.41,2026-06-25 20:52
VY6336,2026-08-16 21:10,davide.ricci27@libero.it,108.53,2026-04-29 04:37
VY6340,2026-08-30 12:55,lsanchez@icloud.com,55.22,2026-07-06 16:04
VY6100,2026-08-25 06:30,pablo.ferrari89@gmail.com,152.25,2026-04-14 23:47
VY6342,2026-06-23 11:30,lucia.smith@libero.it,54.81,2026-03-19 16:38
VY6102,2026-08-03 20:50,alberto_taylor@hotmail.com,163.68,2026-08-01 08:23
VY6108,2026-07-30 12:50,oliver.jones@proton.me,150.97,2026-04-04 05:31
VY6338,2026-06-28 16:45,maria.greco75@libero.it,177.52,2026-02-12 03:30
VY8242,2026-07-28 07:25,jmartin@hotmail.com,51.99,2026-05-29 15:04
VY7826,2026-06-16 12:25,martina_martin@libero.it,71.80,2026-01-23 00:10
VY8240,2026-07-09 17:30,marco_lopez@yahoo.com,81.61,2026-04-13 22:12
VY6103,2026-06-30 21:25,dlopez@gmail.com,178.26,2026-03-30 07:36
VY6115,2026-07-18 16:05,chiararossi@libero.it,114.88,2026-06-09 16:11
VY8309,2026-08-15 10:10,sophiecosta@yahoo.com,280.91,2026-05-09 12:46
VY8248,2026-08-08 13:10,javiermartinez@yahoo.com,121.75,2026-06-16 13:25
VY8246,2026-08-25 19:45,alberto.costa@proton.me,139.42,2026-07-02 00:41
VY6104,2026-06-09 15:20,lars.jones@libero.it,132.80,2026-06-07 05:45
VY8240,2026-07-11 17:20,lbakker@proton.me,81.14,2026-06-02 04:01
VY6338,2026-08-11 20:50,noor.smith79@libero.it,127.19,2026-06-21 23:20
VY6110,2026-08-27 20:00,gricci@gmail.com,79.99,2026-05-09 18:10
VY6338,2026-08-25 20:50,paolo.rossi37@proton.me,106.24,2026-05-24 00:15
VY6338,2026-07-16 16:45,lucydupont@libero.it,177.11,2026-03-31 03:09
VY6018,2026-08-30 09:30,jan_garcia@gmail.com,296.11,2026-04-12 07:43
VY6107,2026-08-01 10:30,mgreco@hotmail.com,89.67,2026-07-09 17:18
VY8242,2026-06-09 07:25,martina.dupont32@yahoo.com,170.06,2026-01-21 15:10
VY8300,2026-06-05 07:10,noorbianchi@libero.it,185.45,2026-03-15 11:57
VY8309,2026-07-01 10:10,francesca_dupont@libero.it,42.15,2026-02-20 15:29
VY8300,2026-06-16 07:10,lars.brown77@outlook.com,95.09,2026-04-17 19:54
VY6024,2026-06-11 05:50,pierre.conti@gmail.com,77.42,2026-03-11 17:48
VY6109,2026-07-19 15:10,tom.brown@yahoo.com,128.76,2026-05-01 01:31
VY6104,2026-07-25 15:20,emma_devries@gmail.com,179.97,2026-04-13 06:52
VY6336,2026-08-01 08:45,elena.leroy@proton.me,153.46,2026-07-12 03:34
VY6008,2026-06-23 11:25,sofia_greco@libero.it,235.15,2026-03-11 13:05
VY8306,2026-08-26 15:20,lucy_russo@icloud.com,213.76,2026-08-15 13:30
VY7824,2026-06-21 16:20,miguelrossi@icloud.com,89.39,2026-02-02 02:35
VY6101,2026-06-30 09:05,annaleroy@proton.me,79.48,2026-06-24 03:28
VY6342,2026-07-19 11:30,tleroy@gmail.com,32.76,2026-07-12 09:19
VY8306,2026-08-30 15:20,chiara_ricci@icloud.com,177.10,2026-04-09 13:56
VY8242,2026-08-12 07:25,davide.bianchi46@gmail.com,154.91,2026-05-01 10:35
VY6115,2026-07-24 13:25,eva_devries@hotmail.com,48.44,2026-05-28 18:59
VY7834,2026-08-14 13:20,lucy_ricci@proton.me,205.25,2026-08-12 20:20
VY6336,2026-06-19 21:25,davide.rossi@icloud.com,157.77,2026-01-27 22:35
VY8250,2026-07-10 10:50,carlosferrari@yahoo.com,54.50,2026-05-15 03:58
VY6332,2026-07-24 14:10,julien.bianchi@proton.me,95.53,2026-07-13 19:15
VY6116,2026-06-20 22:05,lgreco@outlook.com,122.68,2026-02-20 06:42
VY7830,2026-08-07 07:00,afernandez@proton.me,155.46,2026-04-29 18:54
VY6111,2026-08-31 21:35,davide.ferrari55@hotmail.com,175.79,2026-07-04 20:11
VY7824,2026-08-02 16:20,andrea.greco@libero.it,52.27,2026-03-14 03:17
VY7822,2026-08-07 18:55,sophielopez@yahoo.com,71.61,2026-06-09 21:16
VY8309,2026-07-04 10:10,carlosbianchi@outlook.com,185.15,2026-02-27 15:24
VY6108,2026-06-11 12:50,noor.fernandez@proton.me,187.30,2026-03-15 17:23
VY8242,2026-06-03 07:25,miguel.wilson@yahoo.com,232.24,2026-05-06 12:37
VY7826,2026-07-04 12:55,smoreau@gmail.com,36.21,2026-06-18 08:07
VY6342,2026-07-19 11:30,mdupont@proton.me,50.01,2026-06-22 12:34
VY6100,2026-06-05 06:30,lucaleroy@yahoo.com,202.57,2026-01-29 03:14
VY8302,2026-07-10 13:05,miguel.rossi76@proton.me,172.36,2026-02-16 02:04
VY6105,2026-08-24 17:55,jbernard@icloud.com,198.94,2026-07-21 19:26
VY7830,2026-07-23 07:00,lucajansen@icloud.com,94.83,2026-03-05 19:24
VY8317,2026-06-26 16:20,sdevries@hotmail.com,45.84,2026-06-22 06:41
VY6110,2026-06-17 17:35,miguel_gomez@gmail.com,82.63,2026-02-01 08:06
VY6100,2026-08-22 06:30,tom_jansen@libero.it,141.84,2026-08-11 03:05
VY6109,2026-07-08 14:45,mgarcia@outlook.com,56.96,2026-04-02 22:25
VY6334,2026-07-27 15:50,francesca_brown@hotmail.com,179.50,2026-07-06 12:02
VY8242,2026-07-11 07:25,miguel_taylor@libero.it,24.83,2026-02-28 03:08
VY6332,2026-08-13 14:15,dbrown@libero.it,147.55,2026-08-02 10:50
VY6338,2026-07-16 16:45,davidemoreau@outlook.com,171.66,2026-06-06 13:48
VY6109,2026-06-08 17:15,laura.bernard20@proton.me,161.86,2026-05-02 09:04
VY8309,2026-08-09 10:10,lars.moreau80@icloud.com,124.15,2026-03-28 23:23
VY6108,2026-07-07 12:55,sarabernard@gmail.com,199.02,2026-06-10 01:01
VY7832,2026-07-29 10:50,chiara.lopez@icloud.com,134.43,2026-06-01 00:38
VY8306,2026-06-26 15:10,sophiemartin@outlook.com,125.40,2026-04-02 19:17
VY7820,2026-06-14 18:20,chiara_taylor@yahoo.com,71.09,2026-05-14 17:42
VY8317,2026-08-25 16:25,andrea_dupont@proton.me,101.62,2026-07-29 07:27
VY6107,2026-07-16 10:25,simone_taylor@proton.me,122.89,2026-05-26 12:32
VY3003,2026-07-21 15:55,elenajones@outlook.com,91.86,2026-07-10 11:49
VY6342,2026-06-09 11:30,lars.ferrari@libero.it,64.91,2026-01-15 13:33
VY8306,2026-06-02 15:10,lucy.martinez53@hotmail.com,282.63,2026-01-08 03:01
VY7826,2026-07-19 12:50,asmith@hotmail.com,246.44,2026-03-30 06:07
VY7826,2026-08-31 12:25,pablo.gomez90@icloud.com,116.77,2026-06-04 07:59
VY6338,2026-07-19 16:45,janmartin@outlook.com,193.10,2026-03-14 20:36
VY7834,2026-07-30 13:20,javier.greco4@gmail.com,117.64,2026-07-12 22:47
VY6340,2026-06-24 12:55,javierconti@gmail.com,67.24,2026-02-02 13:22
VY8306,2026-06-25 15:20,luca_greco@icloud.com,144.28,2026-03-20 02:35
VY6020,2026-08-31 08:45,cbianchi@yahoo.com,164.45,2026-04-24 18:40
VY6342,2026-06-20 11:20,francesca_greco@outlook.com,41.61,2026-04-25 12:22
VY6344,2026-06-10 08:10,paolo.costa@hotmail.com,95.56,2026-05-06 20:02
VY6109,2026-08-18 15:30,julien.sanchez@gmail.com,89.83,2026-07-28 06:40
VY6020,2026-08-15 08:45,francesca.bakker40@libero.it,134.65,2026-06-02 21:36
VY6340,2026-07-13 12:55,james.russo16@outlook.com,87.43,2026-05-20 10:17
VY8309,2026-06-22 10:10,amoreau@gmail.com,247.69,2026-01-24 20:00
VY6008,2026-06-09 11:25,sophie_martin@icloud.com,32.79,2026-04-17 15:06
VY6340,2026-07-17 09:55,lucia_moretti@icloud.com,93.62,2026-04-16 16:10
VY6100,2026-07-18 06:30,carlos_russo@icloud.com,49.84,2026-03-08 18:27
VY6342,2026-06-15 06:55,sconti@yahoo.com,111.30,2026-02-18 16:57
VY8309,2026-07-25 10:10,anamartinez@proton.me,261.25,2026-06-02 04:03
VY6330,2026-07-27 07:35,martina.lopez@yahoo.com,83.21,2026-04-06 07:17
VY6100,2026-08-08 06:30,miguel.greco60@hotmail.com,216.19,2026-03-26 23:39
VY6102,2026-07-14 18:55,sbrown@proton.me,168.69,2026-07-13 04:54
VY7832,2026-08-11 10:50,carlosmartinez@gmail.com,121.09,2026-04-17 22:05
VY6330,2026-08-21 07:30,pwilson@proton.me,206.50,2026-04-06 03:23
VY8300,2026-08-30 07:10,albertodupont@icloud.com,168.98,2026-06-24 17:02
VY6336,2026-06-20 08:45,dmoretti@icloud.com,51.53,2026-04-04 08:56
VY8242,2026-06-16 07:25,miguel_bianchi@yahoo.com,171.58,2026-03-05 18:43
VY6109,2026-06-22 17:15,lars.leroy94@icloud.com,38.59,2026-04-16 10:54
VY6100,2026-08-22 06:30,albertosmith@yahoo.com,217.40,2026-04-10 09:11
VY8300,2026-06-18 07:10,chiara.jansen@yahoo.com,67.82,2026-04-18 16:35
VY6020,2026-07-23 08:45,lrusso@libero.it,232.58,2026-04-18 00:05
VY7824,2026-07-02 16:30,davideromano@gmail.com,196.93,2026-02-10 19:45
VY6100,2026-07-29 06:30,llopez@yahoo.com,74.91,2026-06-09 03:17
VY6332,2026-07-24 14:10,oliver.jansen63@icloud.com,114.56,2026-03-28 00:37
VY6109,2026-06-20 14:40,lucy.ferrari63@icloud.com,97.44,2026-06-02 07:47
VY7824,2026-06-07 16:20,evaleroy@hotmail.com,187.11,2026-01-16 15:45
VY6104,2026-08-13 15:20,mcosta@gmail.com,116.62,2026-06-22 19:42
VY6105,2026-07-04 17:55,paolo_bernard@gmail.com,189.77,2026-06-15 15:41
VY6104,2026-06-29 15:20,ana.gomez10@icloud.com,84.96,2026-03-16 06:49
VY6020,2026-07-27 08:45,fgomez@libero.it,28.75,2026-03-14 20:39
VY6108,2026-07-27 11:10,james.sanchez@hotmail.com,33.63,2026-03-03 08:49
VY8304,2026-07-12 18:10,francesca.devries@icloud.com,189.92,2026-03-15 20:56
VY7820,2026-08-02 18:20,javierjones@libero.it,132.76,2026-06-17 11:51
VY8242,2026-06-17 07:25,martina.martinez35@icloud.com,41.17,2026-03-09 12:49
VY6108,2026-07-14 12:55,martinaricci@proton.me,50.67,2026-04-12 00:57
VY6338,2026-08-21 18:55,lucy.costa@proton.me,105.43,2026-07-22 21:34
VY7820,2026-08-30 18:20,lrossi@icloud.com,159.55,2026-07-14 18:27
VY6336,2026-07-02 19:55,lucia.gomez@proton.me,98.85,2026-02-14 23:12
VY8304,2026-07-19 18:10,francesca.jansen76@proton.me,121.16,2026-05-29 06:38
VY6338,2026-06-20 19:15,obianchi@outlook.com,205.19,2026-03-07 10:58
VY8311,2026-06-14 19:35,miguel.leroy34@icloud.com,162.62,2026-02-26 07:57
VY7830,2026-07-12 07:00,julien.devries@yahoo.com,209.01,2026-05-06 12:20
VY7822,2026-07-03 18:55,martina.bakker33@libero.it,266.16,2026-05-03 10:01
VY8302,2026-06-04 13:05,martina_jansen@libero.it,209.46,2026-05-29 01:50
